image_hash,filename,breed,style,setting,activity,has_text,description,vector
a4d31ec00d802fecfd64a66616d77fc6350243834eb3c7a8f66a737cd1ad9c8e,dog_001.png,Golden Retriever,photograph,park,running/jumping while carrying a tennis ball,False,Golden Retriever leaping across sunlit grass in a park with a yellow tennis ball in its mouth; trees and blurred people in background.,"[ 2.41539761e-01  8.38157907e-02  3.94304633e-01 -1.46168262e-01
  2.42723644e-01  3.60535160e-02  3.73760760e-01 -4.77697887e-02
  6.14936277e-02  3.22389930e-01 -1.17224418e-02 -9.83299911e-02
 -1.42964507e-02  3.26456845e-01  1.84647679e-01  9.50570703e-02
 -4.93319444e-02 -1.62213966e-02 -5.08559309e-02 -2.60868281e-01
  8.51166844e-02 -7.62561783e-02  2.63773091e-02 -4.54713367e-02
 -3.81404698e-01  2.01493711e-03 -1.19914189e-01  8.44753534e-02
  1.05706733e-02 -1.58179179e-01 -1.25000417e-01  9.00611728e-02
 -8.86240229e-02  8.78154561e-02 -5.30206203e-01 -1.22795105e-02
 -1.85551047e-02 -4.34382781e-02  1.70970127e-01  2.09619820e-01
  2.25303210e-02 -2.41006881e-01 -2.02215716e-01  4.42654938e-02
 -8.86266530e-02  3.17614108e-01 -1.80459052e-01 -1.80529028e-01
  2.73355305e-01 -1.50370747e-01 -3.68175477e-01 -2.01240361e-01
  1.92710251e-01 -6.44489676e-02 -4.28276807e-02  1.29988223e-01
 -2.53522456e-01 -2.96528071e-01  4.57715154e-01 -2.14898244e-01
  3.42386276e-01 -1.21271349e-01  6.51292875e-02  1.26428187e-01
 -1.71325460e-01 -2.75853813e-01 -1.67000577e-01  2.18597636e-01
  2.44048610e-01 -4.83059376e-01  2.43072450e-01  2.47676790e-01
 -3.44176777e-02 -1.99537396e-01 -1.80402532e-01 -9.43678468e-02
 -4.14239876e-02  1.16892822e-01  2.12736174e-01 -1.05152577e-01
  4.05040085e-01 -1.22518130e-01 -2.86937714e-01 -1.03685567e-02
  3.76604140e-01 -8.48310292e-02  1.66404366e-01  7.80249666e-03
 -1.12233773e-01 -1.61874309e-01 -1.52119696e-01 -1.69014290e-01
 -7.49798268e-02 -1.95358068e-01 -3.47909391e-01 -1.14625171e-01
  1.47105865e-02 -6.94099247e-01  7.13376328e-02  2.05467522e-01
 -1.62401386e-02 -5.16709546e-03  5.21463275e-01  1.77871272e-01
  3.23365539e-01 -8.54407251e-02 -3.03938299e-01  2.64637858e-01
  3.47640544e-01  2.53585696e-01 -7.71371573e-02 -1.29718930e-01
  1.86051503e-01 -1.40785764e-03 -2.25513846e-01  2.42953822e-01
 -4.54356611e-01 -1.57655358e-01 -5.55564603e-03 -1.73922762e-01
  2.21211076e-01  5.85129187e-02 -1.19260952e-01  2.40267873e-01
  1.40116647e-01  4.27988060e-02  2.40705341e-01 -7.57454030e-33
  3.15794125e-02  2.02877060e-01 -1.33981183e-01 -2.34937221e-01
 -1.30925715e-01 -6.20825030e-02  2.17706382e-01  9.14698988e-02
 -1.58317104e-01 -2.35597104e-01 -3.01710099e-01 -1.42118916e-01
  1.48550704e-01 -2.53633671e-02  2.14632124e-01  3.70415337e-02
 -2.14158103e-01  1.25092700e-01  1.88817549e-03  3.09289575e-01
 -2.47843608e-01 -3.45805101e-02 -1.31170563e-02  2.54307371e-02
 -1.46260113e-01  7.69137358e-03 -6.60972372e-02 -2.17221484e-01
  1.15521446e-01  6.27548769e-02  2.82252401e-01 -3.70233506e-02
  1.25432819e-01  1.49095684e-01  2.46087685e-01  8.79714638e-02
  1.14385277e-01 -3.25183809e-01  2.34438255e-01  1.18805781e-01
  3.44346762e-02 -1.90275878e-01  2.64643371e-01  1.18526176e-01
 -1.56598061e-01 -1.78392470e-01 -2.08944425e-01  1.04393616e-01
 -3.82682055e-01  2.51844704e-01 -3.48206535e-02  3.11206877e-01
  1.59479260e-01 -1.85899347e-01 -3.39328609e-02  1.68078884e-01
  7.68746436e-02 -1.72251742e-02 -9.28429589e-02  2.06176892e-01
  3.49895716e-01 -1.32713348e-01 -1.93612069e-01 -2.06094943e-02
  1.96954951e-01 -3.30356330e-01 -3.21961522e-01  5.99637590e-02
 -1.86041564e-01  1.96622595e-01  2.74737805e-01  5.25755249e-02
 -7.15999082e-02 -1.05694994e-01  9.54411924e-02 -9.90449339e-02
  1.49128586e-01  7.18881860e-02  2.82240845e-02 -8.19656327e-02
  4.12611403e-02  2.09556937e-01 -2.49739870e-01 -2.03782603e-01
 -3.21842521e-01  2.44771928e-01  1.36040092e-01 -3.29500258e-01
 -2.29994878e-01 -1.41104668e-01  1.33563550e-02 -8.39644298e-02
 -2.07860127e-01 -1.77767035e-02  2.27108225e-01 -4.72999237e-33
  1.27208740e-01  3.75225418e-03  6.17386475e-02  2.41188537e-02
  6.44081682e-02  5.95550656e-01  7.15926215e-02  4.14156616e-01
 -4.17018861e-01 -1.98329300e-01 -3.11428756e-01  4.43272889e-01
 -1.02149826e-02 -2.55610794e-01  5.14032356e-02  7.88563341e-02
  1.98080555e-01  1.45780385e-01 -2.97255337e-01  1.84824288e-01
 -1.43244550e-01  1.79798648e-01  2.52382815e-01  1.93647578e-01
 -6.33725896e-02  8.33895132e-02  1.77152187e-01  3.26147117e-02
 -1.47397608e-01  4.37603891e-02  4.39744741e-02  3.09218392e-02
 -1.48068520e-03 -7.17874849e-03 -8.38929713e-02 -3.78767774e-02
  2.46438861e-01 -5.74198246e-01 -4.94876597e-03  1.20848499e-01
  3.45823944e-01  3.16847973e-02 -1.01003852e-02  1.59040734e-01
  2.25585297e-01  3.66471857e-01 -1.77752197e-01  1.60274357e-01
 -7.98859522e-02  3.99439707e-02 -4.87859100e-02 -4.82163765e-02
 -8.54416192e-02 -1.31168207e-02  1.71024844e-01 -6.40967041e-02
 -2.64343053e-01  7.73210675e-02  8.19555204e-03 -2.59690493e-01
 -6.32479712e-02  1.92348436e-01 -2.30078593e-01  1.86989039e-01
 -1.47082701e-01 -7.51923919e-02 -2.27484286e-01 -6.91114645e-03
 -1.40910089e-01 -3.02955687e-01 -3.56994629e-01  3.47251892e-02
  3.31070051e-02 -2.84549594e-01  7.38547891e-02  3.27300727e-01
  2.94385284e-01  1.32907957e-01 -6.19532447e-03  8.94042999e-02
  9.90401953e-02  1.59989461e-01  1.90969378e-01 -1.65058941e-01
  7.61553198e-02  2.05725536e-01 -2.98183709e-01 -7.74860606e-02
 -1.97427154e-01 -7.82993361e-02 -1.51044264e-01  3.90079945e-01
 -1.37839047e-02  7.33419135e-03  3.10161710e-01 -9.86222730e-08
 -3.82095948e-02  2.05954701e-01 -1.80724844e-01 -1.33656248e-01
  1.09492078e-01  1.20511368e-01 -5.30582704e-02 -1.05910838e-01
 -8.07419494e-02 -1.90875083e-01  3.74033526e-02  1.09474210e-03
 -7.65519589e-02  1.83875695e-01  4.56221253e-02  2.37839352e-02
 -2.38361233e-03  3.19927424e-01 -5.05346097e-02  6.61836028e-01
 -2.02877164e-01 -1.66262761e-02  3.15422744e-01  2.21500024e-02
 -1.39122128e-01 -2.24038422e-01 -3.39140683e-01 -3.44977796e-01
 -2.85841972e-02 -1.72918260e-01 -8.01786408e-02  3.20313483e-01
 -1.22517809e-01  1.38598263e-01 -2.31890269e-02  3.63365859e-02
 -7.26541057e-02  1.35045961e-01 -8.12715814e-02  5.23858778e-02
 -1.24029636e-01  3.43043149e-01 -3.89411867e-01 -2.53705438e-02
  4.56910618e-02  1.08979866e-01 -8.05069953e-02 -4.10906762e-01
 -1.90711677e-01 -7.54880458e-02 -4.77395564e-01 -3.77110019e-02
  9.09837559e-02 -5.74808978e-02 -2.72447377e-01 -2.77592659e-01
 -3.81710231e-01 -1.80464685e-01 -1.51530221e-01 -1.07567990e-03
 -8.61872286e-02 -5.07094450e-02 -1.76753834e-01  3.04663479e-01]"
5829f7310f5dc5e17fe7b7a02e866ae5c497e7b11c957236f026d1d8867c9365,dog_002.png,Golden Retriever,photograph,beach,playing/splashing in shallow surf,False,Wet golden retriever joyfully splashing in shallow ocean surf near a sandy beach with palm trees and people blurred in the background.,"[ 3.15651894e-01 -1.76454380e-01  6.75801456e-01  8.09405968e-02
  2.65749872e-01 -2.32975885e-01  2.41467580e-01 -1.83779046e-01
  2.05085967e-02  9.66679454e-02  2.65664011e-01 -3.47308636e-01
  1.58032730e-01  4.84920084e-01  1.21293470e-01  1.88929722e-01
 -4.07599472e-02 -4.33436893e-02 -1.02912083e-01  4.65469100e-02
  2.21474677e-01  1.59034386e-01 -2.65045792e-01 -3.82691324e-02
 -4.87397671e-01 -1.10119656e-01  1.34885266e-01 -8.08560848e-02
  8.15004259e-02 -1.54729947e-01 -6.05520383e-02  2.06410617e-01
  2.48592883e-01 -1.79872185e-01 -5.24659216e-01 -1.12705402e-01
 -1.83252469e-01 -6.90118521e-02  8.39071795e-02  2.58753508e-01
 -1.40274182e-01 -1.31602839e-01  3.14843692e-02 -3.22283655e-02
 -4.20068093e-02 -1.60796851e-01  6.77943155e-02 -5.99263385e-02
  2.00019151e-01  4.82681431e-02 -5.35447411e-02 -2.46759459e-01
  1.14980061e-02 -2.62880683e-01 -2.62578458e-01 -2.28402615e-02
 -3.71001512e-01 -5.20935714e-01  2.14731410e-01 -3.74722742e-02
  2.92225838e-01  4.04839784e-01  2.44599476e-01  4.32137772e-02
  1.13485813e-01  7.98030645e-02 -1.57807797e-01  9.49552208e-02
  1.45357609e-01 -3.61053497e-01  5.50950430e-02  1.98255911e-01
  1.84345141e-01  4.56973687e-02 -3.22370470e-01 -3.67522925e-01
 -7.69124106e-02  1.47661477e-01  8.77790824e-02 -1.23955734e-01
  1.41331777e-01 -5.97810209e-01 -2.16052189e-01  1.47852793e-01
  2.32151881e-01 -6.77027926e-02  2.12123081e-01 -1.41545773e-01
 -2.06977814e-01 -6.32750317e-02 -3.20293278e-01 -2.99492985e-01
 -3.12245518e-01 -2.42642865e-01 -4.17822540e-01 -2.62658149e-01
  1.24735527e-01 -4.01381046e-01 -2.29960643e-02  2.40776032e-01
 -1.94775179e-01  5.68157854e-03  2.96796173e-01  1.12288306e-02
  4.34444577e-01 -2.17242762e-01 -1.91364452e-01  2.51489460e-01
  2.63057202e-01  1.02878772e-01 -1.61757261e-01 -2.27090642e-01
  1.24127850e-01  1.96179658e-01  1.91774406e-02  3.37289050e-02
 -5.24300098e-01 -2.39786357e-01  4.18044329e-02 -2.95588583e-01
  2.19350114e-01  3.57651487e-02 -7.08947703e-02  2.03208491e-01
  3.21796596e-01 -5.97610585e-02  7.60845169e-02  2.47095543e-33
  2.13321120e-01  7.45880753e-02 -1.88568845e-01  7.82231800e-03
  1.75827131e-01 -2.75925875e-01  2.64068455e-01 -2.39429250e-01
 -2.55505562e-01 -1.08060792e-01 -2.23457918e-01  7.61723146e-02
 -3.67998257e-02  2.57303715e-01  1.99508592e-01 -8.02023858e-02
 -3.53269987e-02  3.73322843e-03 -1.37106791e-01  1.80909872e-01
 -1.33203343e-01  6.71505332e-02 -1.33721799e-01 -1.54926226e-01
  2.29186676e-02 -1.76757678e-01 -2.47557238e-01 -2.25475624e-01
  2.62364715e-01  1.69521004e-01 -8.72982070e-02  1.08939409e-01
  1.87024325e-01 -1.85299397e-01  5.06392606e-02  2.24312812e-01
  1.79966480e-01 -3.36206406e-01  2.78663844e-01 -5.95291704e-03
  1.63417339e-01 -1.09105550e-01  8.22410136e-02  1.61806419e-01
 -2.48879910e-01 -4.36626747e-02  2.35561151e-02  2.05896378e-01
 -2.13467732e-01  1.30116809e-02 -4.55386862e-02 -1.96431745e-02
 -1.12983957e-01 -4.33446355e-02 -2.27996141e-01  1.79812744e-01
  1.88255683e-01 -1.53253451e-01 -1.43828720e-01  3.92379463e-01
  2.54156888e-01 -9.46585611e-02 -2.34388664e-01 -1.56890526e-01
  1.79467753e-01 -2.89735585e-01  3.85724679e-02  1.65469974e-01
 -2.50160217e-01 -8.04989506e-03  1.15280338e-01  1.44618228e-01
  2.49639064e-01 -3.36221844e-01  1.04459509e-01 -2.46585887e-02
  2.57874578e-01  4.46066223e-02 -9.61874723e-02  9.61734056e-02
  9.67643633e-02  5.96911252e-01 -2.22026616e-01 -1.05583392e-01
 -3.36061478e-01  4.13452297e-01  2.80710012e-01 -1.70533210e-01
 -1.86455414e-01  1.03098638e-01 -9.27347094e-02 -1.29421726e-01
  3.75028908e-01 -3.52936894e-01  2.20190417e-02 -1.14916607e-32
 -1.52373696e-02  2.71465105e-04 -8.65510479e-02  1.65173143e-01
  2.83918381e-01  2.73803681e-01  6.75650015e-02  5.19901037e-01
 -1.74348846e-01 -1.15156583e-01 -5.66565931e-01  2.56992072e-01
 -6.03979900e-02 -4.19352144e-01 -1.03146739e-01  2.18807310e-01
  3.52124602e-01  1.08324401e-01 -1.93432704e-01 -2.95481294e-01
  2.37241983e-02  4.87040691e-02  4.25883710e-01  1.13542832e-01
 -1.84138313e-01  4.98579405e-02  1.77268475e-01  1.42780989e-01
 -2.24288896e-01 -1.72703505e-01 -1.80257216e-01  3.01351994e-01
  2.82635242e-01 -3.04796666e-01 -1.84627563e-01  1.28760219e-01
 -6.38665026e-03 -2.10619658e-01 -1.91813260e-01  6.98165176e-03
  2.48466462e-01 -3.31058830e-01 -5.40363230e-02 -3.74490358e-02
  1.01521753e-01  4.36469346e-01  1.78514346e-01 -8.03348199e-02
  1.17660239e-01 -7.44208917e-02  1.95300087e-01 -1.56297401e-01
 -9.23434645e-02  1.40091583e-01  5.19520566e-02  1.36140451e-01
 -2.28130415e-01 -1.73756763e-01  2.33101293e-01 -5.03711812e-02
 -1.32068291e-01  1.60827354e-01 -3.10995370e-01  1.59866810e-01
 -3.67830902e-01 -3.07216108e-01 -1.72970280e-01  3.31349432e-01
 -1.75836533e-01 -1.14356890e-01 -4.23785269e-01 -2.88229994e-02
  7.49915838e-03  2.26438083e-02  2.86973178e-01  1.79795339e-03
 -3.14988762e-01 -2.37502642e-02 -1.37123987e-01  2.60264367e-01
  7.58983418e-02  3.20837647e-01 -1.54435569e-02 -1.07331097e-01
 -1.48717731e-01  9.76572856e-02 -1.76886469e-01 -1.83015391e-01
 -1.17974423e-01 -5.42274192e-02 -8.26374218e-02  1.88448116e-01
 -1.88613012e-01 -2.50918359e-01 -2.22791601e-02 -9.90328672e-08
  9.87769365e-02  2.25897312e-01 -4.62782755e-02 -8.78638402e-02
  2.02220865e-02  2.01390684e-02  1.21774420e-01  1.30274937e-01
  3.86563726e-02 -4.10739899e-01 -1.63179263e-01 -1.24511801e-01
 -8.85740891e-02  1.70938984e-01  3.19375038e-01  1.65391609e-01
  3.08212489e-01  3.43609810e-01 -7.61724338e-02  2.88207293e-01
 -1.03372671e-01  1.27875075e-01  2.33193636e-01  3.19975391e-02
 -1.29772931e-01  1.37821659e-01 -3.25262129e-01 -1.42438024e-01
 -1.65693417e-01  4.52362671e-02 -1.69222325e-01  7.45456591e-02
 -3.21592331e-01  1.93410084e-01  3.74135494e-01 -7.51116648e-02
 -3.74407731e-02 -1.08265467e-01 -2.72170424e-01  3.94055098e-01
 -1.17198035e-01  3.77994746e-01 -1.18027311e-02  1.85125425e-01
  2.82083571e-01  1.71639696e-01  7.47851357e-02 -3.12355995e-01
  6.53252825e-02 -1.57103073e-02 -4.10044730e-01 -1.81656048e-01
  9.13079381e-02  1.49642736e-01 -1.06527328e-01 -9.37742516e-02
 -1.24394514e-01 -2.68098056e-01 -1.73016042e-01  3.39062750e-01
  1.21472083e-01  4.77582105e-02 -5.59712388e-02  4.98501718e-01]"
3c2890e0af7282639df3ee2c76326b5280e1e765fd1805457e9f1b4b276f968d,dog_003.png,Golden Retriever,photograph,cozy living room with fireplace,sleeping/lying on couch,True,"A golden retriever sleeping on a brown leather couch in a warm, book-lined living room with a lit fireplace, coffee table with a steaming mug and a newspaper dated 2026.","[ 1.37267575e-01 -3.28824632e-02  1.32614195e-01  3.22363079e-01
 -2.99050845e-02  1.07243516e-01 -1.33906245e-01 -2.22552642e-01
  1.06379621e-01  1.18238546e-01 -1.90380767e-01  2.99134925e-02
  2.06539959e-01  4.05303359e-01 -1.10833019e-01 -1.02181815e-01
 -2.34184876e-01 -2.15373144e-01  1.55818269e-01  1.94897018e-02
 -1.10866889e-01  1.03582382e-01  7.32590184e-02 -1.43607110e-01
  5.45561686e-02 -1.38961151e-01 -5.44292480e-03 -2.33137175e-01
 -1.69624146e-02  1.51432484e-01  4.16269526e-02 -1.40127823e-01
 -2.46713400e-01 -1.30404234e-01 -1.51099324e-01 -2.96187792e-02
  4.09567356e-02  1.17642857e-01  5.11271833e-03  3.32661271e-01
  1.08538531e-01 -1.70310527e-01 -8.89707580e-02 -4.43977602e-02
 -2.75271684e-01 -8.03911164e-02 -4.25751567e-01 -2.41109744e-01
 -3.57055403e-02  1.87427074e-01 -2.98149914e-01  1.62654966e-01
 -1.44240290e-01  8.28986987e-02  7.81977400e-02  5.23596220e-02
 -6.02216348e-02 -4.63005379e-02  1.45104602e-01 -8.11297074e-02
  1.89255968e-01  3.77024040e-02  2.08425328e-01 -4.34260778e-02
 -1.88335001e-01  9.94999483e-02 -1.44576311e-01  1.04033418e-01
 -3.72752212e-02 -2.53770351e-01 -4.43259627e-03  1.56499818e-01
  2.02286199e-01 -1.45720720e-01 -1.36888936e-01 -2.32888117e-01
  4.31671962e-02  2.53669173e-02  3.45876604e-01 -7.37717822e-02
 -5.02395630e-02 -4.72023599e-02 -1.50707349e-01  1.89484626e-01
 -9.45815220e-02  8.22492242e-02  1.98357090e-01 -1.07949711e-01
 -2.14865535e-01 -3.01603172e-02  3.08484554e-01 -7.78781325e-02
 -7.24045411e-02 -3.96796241e-02 -1.12678893e-01  1.36571587e-03
  2.20058978e-01 -1.25395758e-02  1.31489411e-01 -2.73348438e-03
 -2.44034044e-02  9.64320526e-02  1.36574507e-01  6.54596314e-02
  8.32880661e-02 -2.36244991e-01 -2.14940071e-01  6.41217828e-02
  5.10309674e-02 -1.84826046e-01 -3.57963853e-02 -1.08910389e-01
  5.43323858e-03  9.69061330e-02  1.68658718e-01  7.88103715e-02
 -1.71532393e-01  3.45490910e-02  2.33824268e-01 -6.23692870e-02
  1.99014902e-01  1.66302577e-01 -1.06802946e-02  2.84472127e-02
  6.97038993e-02 -1.08565517e-01  1.46411046e-01 -4.73499006e-33
  9.61464271e-02 -3.54548916e-03 -1.69060126e-01  7.32661635e-02
  1.87885344e-01 -8.68841037e-02 -4.10236465e-03  4.49248374e-01
 -5.09058535e-02 -4.71069142e-02  1.30653620e-01  1.49499685e-01
 -3.23285945e-02  6.49694949e-02  1.25806972e-01  1.62466079e-01
 -1.01129413e-01  6.11046590e-02 -2.10624412e-02 -3.73589024e-02
 -1.69385050e-03  6.97455928e-02  2.53804296e-01  7.98824877e-02
 -9.65949669e-02 -1.72719955e-01 -1.38812453e-01 -1.16439737e-01
 -3.24181736e-01  6.96375640e-03 -1.54584780e-01 -1.18372692e-02
  7.57924793e-03 -6.73472956e-02 -1.96691751e-01  3.58866714e-02
 -5.05117700e-02 -5.30913733e-02 -7.25903511e-02  4.48889919e-02
  1.25501871e-01  1.53204754e-01  2.14970320e-01  2.20507622e-01
 -4.48960550e-02  1.15629487e-01  3.49030383e-02  2.43385702e-01
  1.30483704e-02 -4.55547404e-03 -2.09009215e-01  2.58603990e-02
 -1.03975698e-01 -4.88490239e-02 -2.34874874e-01  3.18305902e-02
  7.57974982e-02 -1.79134935e-01  1.53902218e-01 -1.16750496e-02
  4.21823889e-01 -8.63074437e-02  6.52959049e-02 -1.35841772e-01
 -4.42667631e-03 -3.78977239e-01 -1.86949313e-01 -3.29947546e-02
 -5.69223240e-02 -1.28877191e-02  2.30938837e-01  4.89060320e-02
  1.03093153e-02 -2.21052051e-01  3.07612354e-03 -4.94566262e-02
  6.37237728e-02 -3.38716730e-02 -5.79571351e-02 -2.10892975e-01
  2.98430711e-01  2.00676084e-01 -2.67247379e-01  9.50980335e-02
 -5.66207953e-02  1.20274909e-01  7.71373212e-02  1.73725083e-01
 -1.22154310e-01  2.25530744e-01 -1.61844734e-02 -2.17259556e-01
  1.11975953e-01 -2.11833164e-01  8.45042244e-03 -1.74464061e-33
  1.36871219e-01 -3.04870814e-01 -3.58844409e-04  6.36778995e-02
  8.99967626e-02  2.73921210e-02 -1.91113159e-01  1.80030018e-01
 -3.40445787e-02 -6.20554946e-03  1.90285370e-01  7.24406019e-02
  1.03554361e-01 -7.64928386e-02  1.79153606e-01  5.60424030e-02
  1.67527929e-01 -3.51927020e-02 -1.46199495e-01 -4.18478530e-03
 -1.01889953e-01 -4.86260802e-02 -3.00537437e-01  2.15687260e-01
 -1.11993738e-02  2.04639986e-01  1.65920317e-01  4.63932268e-02
 -1.90643281e-01 -1.14191875e-01 -1.61574468e-01 -2.04916656e-01
  7.53404852e-03  6.45854846e-02 -3.56621458e-03  2.12075375e-02
  1.77384079e-01 -2.59223878e-01 -4.42689620e-02  7.06136301e-02
  3.86870712e-01 -8.76441449e-02 -4.54281941e-02  2.23742247e-01
  3.36971194e-01  5.52633218e-02 -2.04717055e-01 -9.92162526e-03
  2.93258935e-01  1.78598776e-01  3.13407063e-01 -1.38105750e-01
 -2.42565036e-01 -9.45704281e-02 -1.72657117e-01  3.25688720e-02
 -3.07924718e-01 -2.18434948e-02  2.09736034e-01  4.11839150e-02
  4.58815172e-02  2.41561547e-01  1.28927231e-01  1.00391798e-01
 -3.46624553e-01 -1.76380023e-01 -1.51373386e-01 -8.55139121e-02
  1.84275489e-02 -5.62165454e-02  1.72611475e-01 -2.30423696e-02
  1.68315880e-02 -6.48915693e-02  2.20057756e-01  1.19538799e-01
  1.24629512e-01 -9.38117951e-02  2.33234763e-02 -2.73436271e-02
  2.33757403e-02  4.42283899e-02  7.74281770e-02 -1.98494524e-01
 -7.17270840e-03 -1.80470631e-01  7.28009129e-03  1.10485837e-01
 -1.09828815e-01 -1.28971353e-01 -1.07280023e-01  1.53422922e-01
 -2.97922879e-01 -6.62047639e-02  2.49165192e-01 -9.88646605e-08
 -6.96540251e-02 -7.75263831e-02 -1.79653302e-01  5.57155237e-02
 -8.16630647e-02 -1.87360927e-01  3.11412752e-01 -1.88137159e-01
  2.83933785e-02  6.10829517e-02  1.72346115e-01 -6.29115924e-02
  2.06260588e-02 -1.62405707e-02 -1.41474530e-01  2.41579786e-01
  5.74635342e-02  9.79240611e-02  3.78752723e-02 -1.76567293e-04
  6.38362020e-02 -1.56019866e-01  1.58382699e-01 -4.48630527e-02
  7.35448077e-02 -1.59391284e-01 -1.49500236e-01  8.18044841e-02
 -1.95745341e-02  3.08953710e-02 -1.36110157e-01 -2.10232697e-02
 -1.74030870e-01 -7.66598573e-03  1.48911625e-01 -7.60269016e-02
  4.66326699e-02 -1.14271887e-01 -6.47565499e-02 -9.53646190e-03
  4.82545868e-02 -1.81068912e-01 -4.15659010e-01 -6.36638701e-02
  1.00059718e-01 -1.56822443e-01 -1.54869214e-01 -1.82982206e-01
 -1.49909565e-02  1.39581203e-01 -1.41492650e-01 -7.91696161e-02
  2.84334421e-01  1.74335577e-02 -2.02104613e-01 -2.26253167e-01
  1.03070945e-01  2.95411143e-02  3.87300290e-02  1.10914856e-01
  8.29854459e-02  1.87412068e-01 -6.69805408e-02  1.03597350e-01]"
db4e47d9394d7cbad19e1127ce0ef246dd8b2d93b206c2925790848c872f1072,dog_004.png,Golden Retriever,photograph,autumn forest trail,running toward camera,False,Golden Retriever running down a leaf-covered forest path in autumn with orange and brown foliage.,"[ 3.24832946e-01 -2.04917025e-02  2.18813121e-01  4.30503577e-01
  2.13612780e-01 -1.06228784e-01 -4.76416461e-02 -9.28903669e-02
  3.44758555e-02  3.00725788e-01 -1.77028418e-01  4.60084490e-02
  1.24048963e-01  2.33439535e-01  6.79005915e-03  2.24950269e-01
 -8.46489519e-02  8.80713090e-02 -3.57809067e-02 -1.46896660e-01
 -7.72201568e-02 -6.79958910e-02  1.24554411e-01 -5.71671315e-02
 -5.45119584e-01 -4.48994130e-01 -3.35731357e-01 -6.57415166e-02
 -1.66366994e-01 -2.12069824e-01 -2.24225312e-01 -3.86402488e-01
  1.25172595e-02 -4.30169329e-02 -6.31958306e-01 -3.86518911e-02
  1.18927278e-01 -2.76694633e-03  1.06632836e-01  4.00252759e-01
  4.50186394e-02 -1.25810549e-01 -3.56156439e-01 -1.44869462e-01
 -2.72286147e-01 -2.07492188e-01 -5.69164574e-01 -2.83933222e-01
 -2.27087110e-01 -5.50089665e-02 -2.76387166e-02 -9.82608572e-02
 -3.09225500e-01  5.37637668e-03 -1.96981877e-01  2.17663601e-01
 -2.07267627e-01 -3.21106255e-01  2.07594961e-01  1.24203771e-01
  2.63584256e-01  1.05533294e-01 -9.05067399e-02 -7.84849301e-02
 -2.92218745e-01 -1.33955151e-01 -8.05142075e-02  5.54154664e-02
  1.03094988e-01 -4.13057834e-01  3.40820700e-01  1.73294142e-01
  1.28516033e-01 -4.45566364e-02 -2.98219353e-01 -1.12606242e-01
 -7.34123141e-02  2.80744314e-01  1.99509576e-01 -1.33319497e-01
  1.56170279e-01  2.38314360e-01 -4.67567444e-01  3.95023704e-01
  3.69378269e-01  1.74867764e-01 -1.09585607e-02 -2.00155899e-01
  1.12694222e-02 -2.39965081e-01  9.22425464e-02 -1.16746537e-01
 -1.48813725e-01  1.23011410e-01 -1.48488820e-01 -2.71039188e-01
  4.26889062e-01 -4.08191442e-01  6.97423965e-02 -8.39986429e-02
 -1.23893172e-01 -1.92894533e-01  2.36018106e-01  1.61128473e-02
  2.09564164e-01 -2.18178570e-01 -2.69493997e-01 -3.37159745e-02
  7.17569292e-02 -2.19398718e-02  3.07643235e-01 -3.13330978e-01
  1.77946776e-01  2.04767793e-01  1.54557317e-01 -1.60613820e-01
 -6.81088150e-01  7.01222494e-02 -1.00409389e-02  4.17370707e-01
  2.67119016e-02  2.51479745e-01 -1.41420394e-01  1.24407969e-01
  1.94625154e-01 -2.59836048e-01  4.64771271e-01 -6.90529242e-33
  1.30106937e-02 -3.91988549e-03  8.18624347e-02 -1.69661835e-01
  5.35940051e-01 -2.16079891e-01  5.40115833e-02 -2.29537964e-01
 -2.08010986e-01  7.39588961e-02 -1.01935498e-01 -4.28850837e-02
 -1.99973151e-01 -1.01773739e-01  3.58417690e-01  2.11923957e-01
  1.19808298e-02 -5.18845953e-02  1.54435843e-01  3.47287893e-01
  3.75101604e-02  2.01289654e-02 -2.90578038e-01 -8.71400014e-02
  2.01437503e-01 -3.18782270e-01 -2.00513795e-01 -1.77951917e-01
 -2.14115232e-01  1.29255384e-01  9.23683941e-02 -6.61549196e-02
 -8.71966183e-02  2.01641485e-01 -1.89022318e-01  1.50755479e-03
  1.30781773e-02 -6.82073012e-02  1.43026710e-01  1.48520440e-01
  1.13923833e-01  6.75809979e-02  1.48884822e-02  3.85181695e-01
 -3.15775961e-01 -1.33006409e-01  2.66763270e-01  2.45090365e-01
 -1.78384319e-01  2.81580061e-01 -2.99702346e-01  8.83736182e-03
  3.30215633e-01 -8.97858068e-02 -1.35422930e-01  2.81218022e-01
  9.03082713e-02  1.23693829e-03 -2.65160762e-02  2.58405268e-01
  4.55507100e-01 -1.29906461e-01 -1.80411443e-01 -2.48015702e-01
  7.78026208e-02 -6.76001310e-01 -3.70021015e-01 -1.47366881e-01
 -4.59615171e-01  2.42030829e-01  7.47387782e-02  3.91297825e-02
  1.54920518e-01 -4.17469919e-01  2.94863194e-01 -1.40020326e-01
  2.25397408e-01  1.06267363e-01  1.45235628e-01 -4.99747694e-01
 -1.52672073e-02  5.48721492e-01 -2.59621352e-01 -1.45847991e-01
  1.89001530e-01  2.28958204e-01  1.90097183e-01  2.28309520e-02
 -7.28957802e-02  1.24445856e-01  1.07851587e-01 -2.35560238e-01
 -1.16669133e-01 -9.89943668e-02  4.69670713e-01 -2.56095936e-33
  3.27427268e-01  1.45405279e-02  3.25054884e-01  1.98557734e-01
  1.23127420e-02  3.60083431e-01 -3.87280226e-01  2.61415422e-01
 -1.20291129e-01  1.44712329e-01 -1.79552868e-01  5.52418590e-01
 -9.63136256e-02  2.18918294e-01  2.40620643e-01 -8.12218897e-03
  4.84463960e-01  2.32086360e-01 -9.11304504e-02 -2.03956693e-01
 -5.33278942e-01  5.51875047e-02 -8.33915323e-02 -3.03317249e-01
 -4.58175093e-02  1.07274532e-01  2.23996550e-01  1.01455629e-01
 -1.57569662e-01 -3.91309112e-01  9.24655274e-02 -1.98839635e-01
  1.85564578e-01 -2.75330693e-01 -3.33430350e-01 -7.15917200e-02
  1.03278436e-01 -3.09495449e-01 -3.05109415e-02  3.70996416e-01
  3.34954172e-01 -2.59542644e-01  5.20503521e-01  1.99286297e-01
  8.95691961e-02  1.26122788e-01 -8.21431652e-02  2.84981783e-02
  7.86018148e-02 -1.72561239e-02  4.45147872e-01 -2.19932169e-01
 -1.49175435e-01  2.13233307e-01  4.78937328e-02  6.00303002e-02
 -1.50937065e-01  9.19982567e-02 -4.15120050e-02 -1.81133449e-01
  3.03079374e-02  3.62173378e-01  1.48750395e-01  3.53748202e-02
 -3.64079952e-01 -4.29925054e-01 -1.78296223e-01  1.73885766e-02
  8.69677067e-02 -1.24935150e-01 -5.83468497e-01  3.43578398e-01
  2.94354297e-02 -2.17421845e-01  2.46709317e-01  9.93697867e-02
 -1.53663740e-01 -1.11871421e-01 -1.22388639e-01  3.24438810e-01
 -1.19759426e-01  1.44031048e-01  5.66735826e-02 -4.05455917e-01
 -2.76609749e-01 -1.93121936e-02 -2.74035692e-01  4.04153913e-01
 -4.85924184e-02  1.26025602e-01  3.22410077e-01  2.57872164e-01
  5.63104600e-02  1.00601688e-01  7.36368261e-03 -9.87286413e-08
 -1.12963459e-02  2.79149204e-01 -4.06611383e-01 -4.14073393e-02
  1.17319800e-01  5.39593250e-02  2.40982607e-01 -5.39786369e-02
  9.68703851e-02 -4.64681052e-02  1.95761323e-01  1.64153710e-01
 -1.51591852e-01  4.86125350e-01  1.52520910e-01 -1.03239357e-01
  3.04150313e-01  3.19954038e-01  1.58999607e-01  4.88524854e-01
 -2.05499783e-01  4.38370556e-02  3.01443607e-01  1.53717756e-01
  2.69160181e-01 -2.56938577e-01 -1.87519759e-01 -1.28067061e-01
 -2.02408925e-01  5.58352582e-02 -3.55729192e-01  3.82805049e-01
 -1.76479936e-01  2.93095082e-01  3.78374234e-02  3.32257524e-02
  8.69900361e-02  6.63470179e-02 -1.16975438e-02  1.09770626e-01
  2.90937394e-01  1.52531356e-01 -4.21619326e-01 -1.37424627e-02
  1.22217529e-01 -4.59254626e-03 -2.03957856e-01 -2.67593235e-01
 -7.92001635e-02 -1.80352733e-01 -6.62330925e-01 -2.83270895e-01
  1.27501026e-01  1.68471426e-01 -1.23960838e-01 -1.22324772e-01
 -8.31678286e-02 -2.94672936e-01 -3.17371130e-01  2.36673921e-01
 -1.26745909e-01 -3.36933911e-01 -2.11901106e-02  4.32432443e-01]"
e2c52bc2b8603b5a814994a6238fa88e04212bf557fa78c5c5f628fea95937dd,dog_005.png,Golden Retriever,photograph,studio (indoor),"sitting, facing camera",False,"Golden Retriever sitting centered on a dark wood floor against a plain light-gray seamless backdrop, wearing a brown collar, looking directly at the camera.","[ 9.71756577e-02 -7.05164224e-02  7.13590393e-03 -4.07692790e-02
  1.68456540e-01 -1.12174377e-02  5.93623668e-02  1.10402271e-01
  1.81297064e-01  2.13240400e-01  1.97553590e-01 -7.08130971e-02
  1.54192880e-01  2.70202696e-01 -1.14734240e-01 -1.88190058e-01
  1.75079450e-01 -1.00468688e-01  4.58462313e-02  4.82500717e-02
 -2.93187559e-01 -2.35926658e-02  1.99619427e-01 -8.89062732e-02
 -2.31840760e-01 -8.78718123e-02 -9.78231505e-02 -1.75592616e-01
  1.37414813e-01 -1.31407499e-01 -8.55908394e-02 -1.62794471e-01
  9.83904004e-02  1.52880087e-01 -1.30788282e-01 -1.15731671e-01
 -4.21783179e-02  1.44931346e-01  1.91238187e-02  8.23941231e-02
 -3.92805822e-02 -4.79744785e-02 -1.87109858e-02 -1.08297177e-01
 -8.48949477e-02  8.11170042e-03 -1.29252747e-01 -1.98415592e-01
  6.99748099e-02 -2.53421128e-01 -4.21808392e-01 -9.31978151e-02
  2.38875389e-01  1.25237018e-01 -2.44416147e-01  1.56876653e-01
 -7.65530691e-02 -3.58570486e-01  2.52457201e-01 -1.24703117e-01
  1.81624398e-01  1.50261819e-01  6.12781197e-02  1.96324997e-02
 -7.44616904e-04  2.37676993e-01  1.73883121e-02 -2.03527197e-01
  4.36705686e-02 -2.59368271e-01  1.79529220e-01  1.17207430e-01
  1.95708126e-01 -1.74645483e-01 -1.86831459e-01 -3.37445319e-01
  3.35971154e-02 -6.21106699e-02  4.73354191e-01 -7.42703900e-02
  4.21380997e-02  6.97041571e-04 -4.94014360e-02  3.31005991e-01
 -1.07205380e-02  1.00349210e-01 -1.40686810e-01 -4.08100709e-02
 -4.59064603e-01 -2.11576223e-01  3.98213640e-02 -1.21969976e-01
 -3.61276895e-01 -1.15274839e-01  6.79392088e-03 -7.35911131e-02
 -4.83946130e-02 -1.93310514e-01  1.39643461e-01  1.50938243e-01
  2.02614591e-02 -2.85335071e-02  2.54684508e-01  9.57023352e-03
  1.54688492e-01 -2.79190153e-01 -1.40131176e-01  7.09975064e-02
  3.04616630e-01 -1.93172619e-01  8.08191486e-03 -9.43194404e-02
 -1.24171607e-01  2.09712148e-01  1.18307710e-01  3.42154801e-02
 -1.12911388e-01 -1.18007883e-01  1.62689030e-01 -3.48423064e-01
  3.64062160e-01  1.50975272e-01 -7.13671446e-02 -1.09006260e-02
  1.73203588e-01 -1.83070436e-01  1.65193915e-01 -3.62146079e-33
  1.63693190e-01  5.52686378e-02 -8.11819956e-02 -2.23726943e-01
  1.95858434e-01 -1.83899160e-02  1.68784894e-02  2.23148182e-01
 -1.04262039e-01  1.19705483e-01  1.01991080e-01 -6.71912404e-03
 -1.20190708e-02 -2.65580392e-03  5.33800237e-02  2.26508409e-01
 -8.65691155e-02  1.07221007e-02  1.42181281e-03  3.37292627e-02
 -4.78830598e-02 -2.55797990e-02  3.89453471e-02  1.01314858e-01
 -2.54775006e-02 -8.52085352e-02 -5.00668846e-02 -1.74203649e-01
 -2.19582960e-01  5.13955764e-02 -1.62993893e-01  2.74630785e-01
  5.33922855e-03  1.57047465e-01 -5.38261235e-02  4.74781469e-02
 -1.95293538e-02 -7.21858218e-02  7.52582401e-03  1.17767163e-01
  2.43575618e-01  8.85503069e-02  1.51469260e-02  1.66342184e-01
 -1.87304411e-02  5.88324480e-02 -6.68889582e-02  5.58442473e-02
 -2.53715307e-01  3.25280845e-01 -4.50885072e-02  2.15970173e-01
  1.33574270e-02 -3.74639452e-01 -1.17476106e-01  1.33372232e-01
  6.11459427e-02 -1.47394404e-01  3.69446613e-02 -6.20455593e-02
  2.59300619e-01 -2.12494999e-01 -1.37317600e-02 -1.62008777e-01
  2.29651347e-01 -4.29220915e-01 -2.78825700e-01 -6.65173456e-02
 -1.42143771e-01  2.83030033e-01 -6.40798435e-02  1.05771862e-01
  1.05517216e-01 -2.83958852e-01  7.54699782e-02 -3.15758698e-02
 -1.71995133e-01  5.16537130e-02  1.43935636e-01 -1.67267084e-01
  7.05754757e-02  3.90889078e-01 -1.50703058e-01  1.17220290e-01
 -1.77257314e-01  7.65851960e-02 -4.69357185e-02  3.41629870e-02
 -1.50199607e-01  4.25359011e-02  1.16016246e-01 -2.20328644e-01
 -5.48705459e-03 -1.78521648e-01  1.30234227e-01 -2.59726358e-33
  1.47060439e-01 -8.91250148e-02 -1.06336534e-01  8.90547857e-02
  3.11014289e-03 -1.22172713e-01 -5.30168451e-02  3.11502814e-01
 -9.38414410e-02  2.15415969e-01  2.38563061e-01  2.83470511e-01
 -2.81170636e-01 -1.04631241e-02  1.58352003e-01  2.87841439e-01
 -1.50080454e-02  1.41017720e-01 -1.93241984e-01 -8.38144124e-02
  8.29963684e-02 -2.20981613e-02  8.22534263e-02  1.63128704e-01
  4.61843163e-02  3.03371280e-01  2.88963646e-01 -6.47577632e-04
 -1.06081285e-01 -2.84130871e-01 -1.68445259e-01 -1.44947395e-01
  9.57627371e-02 -1.11349560e-01 -1.32103726e-01  9.04378071e-02
  1.80953704e-02 -2.95268655e-01 -2.67038822e-01  1.23915844e-01
  2.59790689e-01  1.60482414e-02 -1.04985535e-02 -1.96306203e-02
  1.56365037e-01  1.70536712e-01 -8.42678919e-02  7.24181980e-02
 -2.80802883e-02 -3.10821794e-02  5.16378954e-02  8.58086720e-02
  4.10877317e-02 -8.00897926e-02 -2.90070772e-02  2.56754756e-01
 -3.40043515e-01  1.22540414e-01  1.23829104e-01  1.29852712e-01
  1.14590384e-01  1.47189781e-01 -1.13765001e-01 -4.24200334e-02
 -3.02137166e-01 -1.72260806e-01 -1.02160789e-01  5.12941107e-02
 -1.53146148e-01  8.16911459e-02 -8.18156451e-02  3.50010991e-02
  1.84574857e-01 -5.18418662e-02  2.84065127e-01  1.50754064e-01
  1.41199574e-01 -4.28036340e-02  1.74002349e-01  2.75284890e-02
  1.02856010e-02 -3.26262116e-01  1.88983932e-01 -1.68419734e-01
  1.47313103e-01  5.09827733e-02 -2.16634348e-01  1.17517613e-01
 -1.42888531e-01 -2.41117790e-01 -9.42610577e-02  1.99272901e-01
 -8.07144269e-02 -2.17719629e-01  1.68746173e-01 -9.83040565e-08
 -2.08009139e-01 -4.22796048e-02 -1.92712262e-01 -2.34608471e-01
  3.52219418e-02 -4.34907973e-02  6.81174174e-02 -2.33552501e-01
 -2.42459569e-02 -1.98488683e-01  3.64343524e-02 -1.07513517e-01
 -1.93262205e-01  2.48847250e-03  7.76653597e-03  2.59973973e-01
 -1.99747056e-01  1.61497518e-01  5.43101020e-02  2.79899210e-01
 -2.29380485e-02 -3.82591598e-02  9.88997445e-02 -2.80074384e-02
 -3.28201056e-02 -1.18926823e-01 -2.06744850e-01  9.31977034e-02
 -9.19256583e-02  1.45402789e-01  1.34448439e-01  2.81877726e-01
 -4.62645888e-02 -2.27540791e-01  2.43453234e-01 -3.23337428e-02
  7.26871984e-03 -2.62850672e-01  1.41337097e-01  4.02151421e-02
  1.27889946e-01  5.77198751e-02 -3.92652035e-01  1.14647374e-01
  2.14627832e-01  9.58838910e-02  3.32374781e-01 -1.62102208e-01
 -4.86341864e-02 -6.74977303e-02 -4.31033164e-01 -3.33364964e-01
  1.35406047e-01  2.24810183e-01 -1.89107940e-01 -2.44083777e-01
  3.72245520e-01 -2.41692632e-01 -8.02993476e-02  2.73642451e-01
  1.16739839e-01 -1.59556158e-02 -2.48291388e-01  2.79565960e-01]"
c139d023e1e40e1f1cac7c9ad74270d911f404efa8885d3ec330420636551f48,dog_006.png,Golden Retriever,pencil sketch,"garden, in front of a brick wall",sitting and facing forward,False,"Detailed pencil sketch portrait of a Golden Retriever sitting amid roses, lilies, hydrangeas and ferns with a brick wall background.","[-5.53515591e-02  3.41584976e-03  3.65346193e-01 -3.50613631e-02
 -2.17582285e-01  1.11144684e-01 -1.74127251e-01 -9.12263840e-02
 -1.38131296e-03  1.43112943e-01 -2.31592745e-01 -7.54413903e-02
 -8.90672114e-03  2.24950820e-01 -9.53570381e-02 -1.75377447e-02
 -1.92343444e-01 -1.56618252e-01  5.82085140e-02  1.36706769e-01
 -9.98548791e-02  1.34454016e-02  6.02835342e-02 -6.33987114e-02
  4.26291712e-02  2.32975557e-02 -1.97193958e-03 -7.52343237e-02
  1.62827834e-01 -3.12051386e-01 -1.08868510e-01  8.86260625e-03
  4.50950228e-02 -1.75797850e-01 -1.52799621e-01  6.96243122e-02
  1.69317052e-02  2.71292239e-01  7.85904154e-02  7.45947957e-02
 -4.05102670e-02 -1.72073066e-01 -2.11330071e-01  1.08724125e-01
  4.37584415e-04 -3.41634095e-01 -2.45004848e-01 -1.92204669e-01
 -4.59605455e-02  7.78699890e-02 -3.68701071e-01 -2.46263862e-01
 -3.98233861e-01 -9.46295187e-02 -5.06409165e-03  2.43445020e-02
  2.40790993e-01 -2.54184693e-01  1.46004722e-01 -1.57159716e-01
  7.83281177e-02  2.64120609e-01  1.37903854e-01 -5.05981855e-02
 -1.11597955e-01 -7.86711182e-03 -1.48861393e-01  3.63900810e-02
  7.47032389e-02 -3.02558303e-01  1.13523863e-01  9.70239639e-02
  1.88553214e-01 -2.02971607e-01 -6.62887171e-02 -3.29410613e-01
 -7.32769370e-02 -2.71536130e-02  1.58169299e-01 -2.54797637e-01
 -9.09022316e-02  2.94437736e-01 -1.59235924e-01  3.87619346e-01
 -9.11034271e-02  1.37919821e-02 -3.10927480e-01 -1.15722328e-01
 -2.73899525e-01 -3.48609596e-01  4.63675782e-02  4.54252660e-02
 -9.67833921e-02 -4.04106304e-02 -8.52458328e-02 -2.12147529e-03
  4.03156608e-01 -5.02373338e-01 -5.90925254e-02  1.68688774e-01
  3.11673045e-01 -2.37342007e-02  2.88482279e-01  2.29865033e-02
  3.29480171e-01 -1.99580014e-01 -2.46990994e-01 -2.86415607e-01
 -1.89304759e-03 -1.80992410e-01  1.97097749e-01 -2.09152654e-01
 -2.23504961e-01  2.71011561e-01 -6.53577000e-02 -3.82510483e-01
 -1.15691662e-01 -3.60587507e-01  1.59221008e-01 -1.33773148e-01
  1.52884319e-01  1.84311479e-01  1.04978971e-01 -8.16462710e-02
 -3.91363017e-02 -2.12440714e-01  1.33523364e-02  1.12330562e-33
  2.94688851e-01  2.10253567e-01 -3.35776769e-02  9.56254154e-02
  3.25097829e-01 -1.68152139e-01  1.54852077e-01  2.84046173e-01
 -3.46552581e-02 -1.50189400e-01 -1.81290433e-01  1.30854081e-03
  8.92312732e-03  4.07275110e-01 -1.53471887e-01  8.83557126e-02
 -5.37426956e-02  2.45241392e-02 -5.64285414e-03  1.18162163e-01
 -1.16884366e-01 -7.67812654e-02 -2.48813275e-02 -5.72852604e-02
  3.08732595e-02  4.84347763e-03  7.73756653e-02 -4.66397479e-02
 -1.96011901e-01  3.59321870e-02  1.66141689e-02  1.85922578e-01
  7.75719434e-02  4.13339213e-02 -2.60408461e-01 -3.39904986e-02
 -1.17805593e-01 -4.01837051e-01  2.43867904e-01  2.01371759e-01
  1.57802939e-01  1.74163684e-01  1.59948260e-01  2.72711188e-01
 -1.98168829e-02  2.59566754e-01 -4.49231640e-02  2.51402289e-01
 -1.70504406e-01  3.03448975e-01 -2.55194634e-01  1.44587815e-01
 -7.04929903e-02  5.42701334e-02 -2.64820039e-01 -3.13142866e-01
 -8.82171839e-02 -9.00635272e-02 -6.70041069e-02 -8.48069340e-02
  3.31333876e-01  9.43127722e-02 -1.75414458e-01  2.64369249e-02
 -7.61967972e-02 -1.61575109e-01 -4.88784850e-01  1.04915157e-01
  1.15943529e-01  1.93092078e-01 -1.24108076e-01  1.79229304e-01
  7.11659864e-02 -3.31872642e-01  8.83763842e-03 -2.06831485e-01
  2.56757647e-01  6.33531064e-02 -1.97595924e-01  4.03809212e-02
  2.14253247e-01  2.05940247e-01 -2.03967080e-01 -1.09598055e-01
 -2.60695696e-01 -5.25619276e-02  2.95784950e-01 -6.24256544e-02
 -2.08498389e-01  4.50234674e-02 -1.07840106e-01 -2.54382432e-01
  1.83786824e-01 -3.17698568e-01  8.93319547e-02 -7.61492955e-33
  1.17756613e-01  5.74932434e-02  9.17370096e-02  2.36347333e-01
  1.92264661e-01  2.11655032e-02 -1.14749774e-01  2.08392158e-01
 -7.88383260e-02  7.62623623e-02 -2.48205379e-01  4.25459534e-01
  1.50593713e-01 -2.63766557e-01  3.54120702e-01  1.01473764e-01
  1.44619197e-01  1.05127301e-02 -1.25925034e-01 -9.27485153e-02
 -2.02370122e-01 -1.65380945e-03 -2.39426106e-01  1.68642737e-02
 -1.39104664e-01  1.47159293e-01  1.60485461e-01 -3.99697870e-01
 -1.23506881e-01 -3.40204984e-02  1.08429126e-01 -4.82168198e-01
 -8.11637118e-02  1.92769691e-01 -1.21229485e-01 -9.15216580e-02
  8.04277137e-02 -4.56950694e-01 -7.96215311e-02  1.67200223e-01
  3.46701235e-01 -2.99741387e-01  2.68532574e-01  2.63425320e-01
  1.38547331e-01  2.84945257e-02 -3.06565017e-01  1.39999479e-01
 -1.49264168e-02  1.89747617e-01  2.81043023e-01 -8.97667408e-02
  9.87687856e-02 -2.46236976e-02 -1.59843013e-01 -1.70780972e-01
  4.76398468e-02 -8.01727995e-02  1.88097566e-01  1.15204990e-01
 -5.85503131e-02  9.66933519e-02 -2.43646488e-01  7.85759985e-02
 -3.01634550e-01 -3.71899575e-01  3.04447543e-02 -1.38407841e-01
 -8.45556259e-02  2.23272130e-01  3.21572646e-02  2.91887820e-01
  4.54265594e-01 -2.96507291e-02  4.41108644e-01  2.82326609e-01
  1.53700069e-01 -6.37648851e-02  6.25306591e-02 -1.20740607e-01
  4.02945727e-02 -8.21692869e-02  2.53246337e-01 -1.22403495e-01
 -6.93808869e-03  5.85047342e-02 -2.26994202e-01  2.48859599e-01
 -2.47980684e-01 -8.02972764e-02 -2.01228783e-02  2.78847247e-01
 -3.25049013e-02 -7.83713683e-02  5.89983165e-01 -1.00275429e-07
  1.25639230e-01  1.07060350e-01 -2.32537463e-01 -1.12858854e-01
 -8.60127732e-02 -1.69980228e-01  3.24885279e-01 -1.83486506e-01
  6.04493450e-03  7.57479519e-02  2.75796115e-01  2.88730934e-02
 -1.58374771e-01  1.38321454e-02  2.34734528e-02  1.33060679e-01
  3.39981765e-01  3.12553674e-01  2.46104468e-02  1.43945888e-01
 -3.92215401e-02  4.79118386e-03 -1.26710072e-01 -7.93067962e-02
 -2.02812850e-01  6.38730079e-02 -5.75159118e-02 -4.24320139e-02
 -2.52849370e-01  1.42502889e-01  9.54552218e-02  2.73063809e-01
  1.26082435e-01 -3.61288199e-03  3.45347524e-01 -6.31621107e-02
  8.82824941e-04 -1.32708460e-01 -6.89073652e-02  2.41123848e-02
  2.25140765e-01 -6.48214966e-02 -1.31827012e-01 -9.64036807e-02
  1.46520153e-01 -3.13411132e-02  8.82903114e-02 -2.03233093e-01
  3.53862382e-02  6.46867836e-03 -5.34229875e-01 -1.78205520e-01
  2.84088403e-01 -5.77283800e-02 -1.13088816e-01 -1.23441979e-01
  1.21178396e-01 -1.52293164e-02  3.47144268e-02  2.94789106e-01
  1.82019666e-01  3.18487048e-01 -1.07409112e-01  2.06347942e-01]"
8cdddde10db72f2e6b7b3514d1c2dafdf0dfa86abf01b709f46aff0583a46793,dog_007.png,Golden Retriever,watercolor painting,lake with tree-lined shore,swimming,False,"Watercolor painting of a smiling Golden Retriever swimming toward the viewer in a calm lake, with its reflection visible in the water and a forested shoreline under a soft sky in the background.","[ 1.98001303e-02  1.02771781e-01  3.02945763e-01 -2.46060770e-02
  7.53835365e-02  1.69419885e-01  2.74251819e-01 -1.97678208e-01
 -6.76977485e-02 -1.07184999e-01 -1.08730927e-01 -2.31176406e-01
  1.47593632e-01  3.47258598e-01 -1.58939317e-01  2.57069528e-01
 -2.62533296e-02 -1.46503732e-01  3.96700464e-02  7.30939163e-03
 -7.36694261e-02 -4.91497368e-02 -2.06566572e-01 -6.86420649e-02
 -2.35720366e-01 -5.34070469e-02  3.22516263e-01 -3.24188806e-02
  5.69005311e-02 -1.53078204e-02 -1.60863161e-01 -3.17241549e-02
  8.85095596e-02 -2.59213686e-01 -2.03839406e-01  2.25254111e-02
 -1.41823456e-01  1.94438715e-02 -7.08215386e-02 -5.57404347e-02
 -8.95823315e-02 -1.11669786e-01 -2.27174863e-01  5.83171844e-02
 -1.12700695e-02  2.52209008e-02 -1.63612098e-01  2.87425332e-02
 -1.49597572e-02  1.01858247e-02 -3.69725585e-01 -3.95631194e-01
 -3.26047897e-01 -2.42471114e-01 -4.56146486e-02  9.61086228e-02
 -2.34794512e-01 -3.57076854e-01  1.10953413e-01 -2.52338145e-02
 -3.07263043e-02  3.88793379e-01  1.17483772e-01  4.87516522e-02
  4.57079895e-02  1.66710429e-02 -2.93217868e-01  1.19077548e-01
  1.09970267e-03 -4.25038308e-01  3.16285998e-01  1.02527164e-01
  2.00495839e-01 -2.89101869e-01 -1.90057442e-01 -2.44977787e-01
 -7.92828128e-02  8.74581039e-02  2.14855615e-02 -2.26545528e-01
  1.89126045e-01 -1.92511886e-01 -1.29291117e-01  2.68129379e-01
  3.31264853e-01  9.56994295e-02 -3.41375358e-02 -2.56771415e-01
 -1.84468001e-01 -9.65252705e-03  1.38196796e-01 -5.19422702e-02
 -4.06579673e-01 -2.98495412e-01 -1.28585622e-02 -1.18704870e-01
  2.32895501e-02 -2.82365412e-01  2.99575329e-01  9.98968557e-02
  1.01398677e-01 -1.19917527e-01  2.67316401e-01  2.62619555e-02
  4.62631285e-01 -3.04556757e-01 -9.47427228e-02  3.06925505e-01
  2.78008670e-01 -2.57317185e-01  1.27439771e-03 -1.28350779e-01
  1.26358569e-01  2.83888191e-01  1.07517071e-01  5.11063747e-02
 -2.78062642e-01 -2.73068845e-01  1.60167664e-01  1.24928923e-02
  2.55133867e-01  8.45906790e-03 -8.52757022e-02  7.93748274e-02
  8.35147500e-02 -3.42213809e-02 -2.84283031e-02 -1.34392036e-32
  2.55042136e-01 -7.05886185e-02  8.16828534e-02 -9.03994069e-02
  2.58856773e-01 -1.56056970e-01  1.70196846e-01 -2.12545767e-01
 -4.39456642e-01 -1.55653492e-01 -2.05387771e-02  1.02410935e-01
  3.85796353e-02  2.99242496e-01 -3.11233234e-02  5.04427664e-02
  8.99483636e-02 -1.44698573e-02 -9.99329835e-02  1.87846482e-01
 -1.26017779e-01  1.12531342e-01 -1.34217204e-03 -2.19868153e-01
 -9.20635462e-02 -1.24594435e-01 -1.69919997e-01  2.59645283e-02
  3.40224220e-03  1.07418858e-01  7.56270736e-02 -1.01894118e-01
  4.01187465e-02 -9.88841653e-02 -8.54229107e-02 -3.64815407e-02
  7.66549185e-02 -3.37128848e-01  1.53650925e-01  1.10273108e-01
 -6.69127330e-02  8.11052769e-02 -1.52682383e-02  2.57865667e-01
  4.03947309e-02  1.24158211e-01  9.06745866e-02  2.75559962e-01
 -1.85766727e-01  1.14418983e-01 -2.63904128e-02  9.21190605e-02
 -1.05085373e-01 -8.89204964e-02 -3.41204673e-01  1.05217062e-01
  6.94164112e-02 -5.00108860e-03 -8.20735693e-02  6.80876300e-02
  3.59159634e-02 -3.36423442e-02 -1.20946690e-01 -2.81412125e-01
  3.13717663e-01  3.02669629e-02 -1.49400413e-01 -3.99083644e-02
 -7.00127147e-03  5.21782972e-02 -1.37266800e-01  1.72429308e-01
  8.41758996e-02 -2.86832333e-01  1.47262678e-01 -6.41386658e-02
  2.71302849e-01 -2.11236924e-01 -7.02377111e-02  1.42709151e-01
 -1.42002776e-01  3.71230185e-01 -1.77385569e-01  9.33878943e-02
 -2.74474353e-01  1.39298066e-01  1.79259926e-01 -6.72890991e-02
 -2.30931163e-01  1.02227971e-01  6.38252944e-02  1.92314982e-02
  9.52109694e-02 -2.87822485e-01  1.08965777e-01  2.90960015e-33
  1.04241960e-01 -8.10316652e-02  7.45145325e-03  1.58457115e-01
  1.69198036e-01 -1.10704765e-01  3.08019444e-02  4.65368032e-01
 -8.32279027e-02  1.28945470e-01  2.07655337e-02  1.44109994e-01
 -1.10904403e-01 -1.37965530e-02 -4.53589521e-02  9.58743617e-02
  3.47586334e-01  3.06865424e-01 -1.27685651e-01 -2.42102742e-02
  1.98143851e-02  2.49570742e-01  3.74025971e-01  1.87766105e-01
 -8.72797370e-02  3.09516370e-01  1.13220617e-01 -1.85480416e-01
 -8.46548826e-02 -1.08668134e-01 -1.69142231e-01 -8.76110699e-03
  3.17340612e-01 -1.10638350e-01 -8.20080116e-02 -1.37347681e-02
  2.74102896e-01 -5.01475871e-01 -7.78446570e-02  3.20019692e-01
  3.33530754e-01 -4.76570278e-01  2.48879746e-01  1.09186493e-01
  1.51821166e-01  3.00678015e-01  6.31346107e-02  1.30583629e-01
 -8.65175426e-02 -5.07714003e-02  7.72984549e-02 -2.56811649e-01
  1.98524017e-02  1.12559982e-01  1.35541931e-01 -2.16980860e-01
  3.38186063e-02 -3.05590685e-02  2.62404066e-02  2.42476240e-01
 -6.19664565e-02  2.11461648e-01 -1.71998799e-01 -3.96977253e-02
 -2.42831156e-01 -1.62235007e-01  2.78071370e-02 -4.71063219e-02
 -6.02901541e-02 -1.55358553e-01 -2.28298828e-01  7.51710460e-02
  4.21965271e-02  1.71745010e-02  3.35997999e-01 -5.16135506e-02
 -2.49984786e-02  1.38318896e-01 -4.60915193e-02  1.01542778e-01
 -2.88213491e-02  9.62903798e-02  1.61151439e-01 -1.54516682e-01
  8.26565698e-02 -7.39266053e-02 -9.36539397e-02 -1.18594036e-01
 -1.48277402e-01 -2.16341063e-01  2.97704358e-02  2.87242293e-01
 -2.06274346e-01 -5.90859987e-02  2.50063926e-01 -9.85185409e-08
  7.08194301e-02 -2.91418172e-02 -2.78290976e-02 -2.54719794e-01
  7.23569319e-02 -2.61273514e-02  2.29360387e-01 -6.59855977e-02
 -1.03897095e-01 -4.04364578e-02 -2.85122916e-02 -1.47800967e-01
 -2.18271211e-01 -5.76876849e-02 -1.25260754e-02  2.04561636e-01
  2.14393243e-01 -8.35444480e-02  9.22484417e-03  2.76166964e-02
 -1.28099576e-01 -9.79216024e-02 -3.67821902e-02 -7.60351196e-02
 -2.08327860e-01 -5.84469968e-03 -1.61080465e-01 -2.37246752e-01
 -1.42798215e-01 -7.03255609e-02 -8.89140293e-02  2.74634331e-01
 -6.32901043e-02  1.09729022e-01  2.89777011e-01 -1.22073703e-01
 -2.04258263e-01 -1.25136837e-01 -2.75140822e-01  1.63177356e-01
  1.16649345e-02  5.48299789e-01 -1.39521167e-01 -5.12474515e-02
  3.59468251e-01  6.34703785e-02  3.56713653e-01 -2.77541190e-01
 -3.93090434e-02  1.28981009e-01 -3.44722331e-01 -2.43348122e-01
  2.57744700e-01  7.76833668e-02 -1.12271361e-01 -4.76905704e-02
 -7.74593204e-02 -1.97915912e-01 -1.92157716e-01  2.21943513e-01
  2.04357594e-01  1.49418414e-01 -4.73641679e-02  2.70547926e-01]"
ce19f54c1f47f294ebc1d7b95019763f9d4468194b49a2530df1ec581804837c,dog_008.png,Golden Retriever,Impressionist oil painting,Snowy alpine mountains at sunset,Running/playing through snow,True,"Impressionist oil painting of a golden retriever running through deep snow on a mountain ridge, with dramatic sunset-lit clouds and snow-capped peaks in the background; warm golden fur contrasts with cool blue snow.","[-2.65799135e-01  2.40499694e-02  4.70740765e-01  1.15346000e-01
  8.38157609e-02  4.75990400e-02  6.58404157e-02  2.94357003e-03
  9.26757790e-03 -1.83883667e-01 -2.72855878e-01  1.25449836e-01
  4.54509147e-02  5.61945327e-02 -5.51084019e-02  2.44420335e-01
  1.72545776e-01  2.55659595e-03  1.49989545e-01 -3.13250683e-02
  7.55615607e-02  2.73273308e-02 -8.25642869e-02 -1.34049291e-02
 -2.31308237e-01  3.61366966e-03 -3.21457125e-02 -1.23033717e-01
  1.38458192e-01  1.48657924e-02 -7.53095821e-02 -1.24709584e-01
 -6.82081506e-02 -6.87307417e-02 -1.61005005e-01  7.91951865e-02
 -1.38572559e-01  2.80981988e-01  4.19000164e-02  2.58432209e-01
 -1.23232659e-02 -1.75011575e-01 -2.70018458e-01 -2.09922686e-01
  3.66720706e-02 -7.65812844e-02 -1.25429109e-01 -1.77479833e-02
  1.55325949e-01  5.64972274e-02 -2.37241268e-01 -1.89075276e-01
 -2.30285302e-01 -2.80138522e-01 -1.50109589e-01 -4.52189930e-02
 -1.99332461e-01 -3.06763440e-01  3.49766016e-02  7.26729035e-02
 -8.56224224e-02  2.03059137e-01 -7.97677487e-02  1.02531239e-01
  1.18973784e-01  5.34259342e-02 -2.31839702e-01  4.29353444e-03
 -1.20798185e-01 -1.76346481e-01  1.94468066e-01  1.77926645e-01
 -1.22522257e-01 -2.23574296e-01 -5.13110533e-02 -1.15582578e-01
 -1.93038553e-01 -1.76761866e-01 -6.68317974e-02 -3.74852002e-01
  2.96372890e-01 -8.23882595e-02 -1.85966745e-01  3.12634796e-01
  1.20125264e-01  2.69627571e-02 -7.47370422e-02 -1.60075918e-01
 -9.30966362e-02  1.88779458e-03  1.76805377e-01 -1.58178106e-01
 -4.78663146e-01 -4.05550189e-02  1.45377308e-01 -8.37672949e-02
  1.81313694e-01 -1.17832594e-01 -3.29787768e-02  1.42965496e-01
  2.31783092e-02 -3.11151981e-01  3.39299291e-02 -2.45985016e-01
  1.91787466e-01 -6.17787205e-02 -1.80019602e-01  1.67298928e-01
  2.55488772e-02 -7.59985000e-02 -2.86406111e-02 -2.49907449e-01
 -6.85158074e-02  3.84497344e-02  1.21031396e-01 -2.36959994e-01
 -3.23928207e-01 -2.52951056e-01 -1.61066562e-01  2.64961068e-02
  1.08487509e-01  9.53503847e-02  6.79377392e-02  7.54529834e-02
  3.34284827e-02 -2.65161902e-01  2.43078277e-01 -3.20646803e-34
  1.50925383e-01  1.29788756e-01 -4.77049351e-02 -1.17632538e-01
  6.31171688e-02  1.19405746e-01  3.20572443e-02 -3.45633179e-02
 -3.59546781e-01  1.34067446e-01  1.23577276e-02  2.18186602e-01
 -8.67098793e-02  3.10570389e-01  2.94532645e-02  5.65256327e-02
  1.50859922e-01  8.75281766e-02  1.94268942e-01  9.63736251e-02
 -4.38038148e-02  2.13555798e-01 -9.23351496e-02 -1.09032676e-01
 -2.73554236e-01 -1.23781927e-01 -1.58041269e-01 -5.61667904e-02
 -1.92558199e-01  8.90762731e-02  1.23802207e-01  2.64225970e-03
  9.55582932e-02 -1.54074803e-01 -6.99683502e-02  1.02811411e-01
 -4.17604693e-04 -3.00181180e-01  2.11490959e-01  5.10221832e-02
  8.21290463e-02 -3.98055986e-02  1.22830540e-01  1.39950424e-01
 -9.80553105e-02  2.25192964e-01  1.99611917e-01  2.69458264e-01
 -2.92251229e-01  1.43048510e-01  9.32673216e-02  2.70002276e-01
  4.27549658e-03 -4.00695242e-02 -5.71457259e-02  4.25255261e-02
  6.51214048e-02 -9.22226831e-02  8.53008702e-02 -3.56455483e-02
  5.18769138e-02  2.88870763e-02 -4.42296192e-02 -2.20871061e-01
 -3.64734791e-02 -2.92727202e-01 -2.00484857e-01  9.14435387e-02
 -1.31172717e-01  2.58397162e-01  4.92210165e-02  9.33554918e-02
  1.44839317e-01 -2.99977899e-01  1.24344118e-01  1.01681061e-01
 -6.69683935e-03  9.65269282e-02 -7.92703107e-02 -1.05654327e-02
 -2.10415751e-01  1.88455209e-01 -1.72841728e-01 -3.89612094e-02
 -2.18642756e-01  3.87421310e-01  1.39781192e-01 -1.49191199e-02
 -1.20922059e-01 -2.57425420e-02  4.49192636e-02 -2.41431370e-01
  7.48655498e-02 -5.02117313e-02 -2.87711974e-02 -6.80654796e-33
  1.32198140e-01 -1.01003908e-02  1.33290067e-01  2.18493700e-01
  5.81050180e-02  9.67520401e-02  5.74846864e-02  4.49470520e-01
 -1.09725364e-01  1.48621470e-01  1.86257660e-01  8.30553472e-02
  6.51963651e-02 -7.00998232e-02  9.57230106e-02 -1.16351107e-02
  1.63182080e-01  1.88095659e-01 -9.55163911e-02 -1.81945577e-01
 -5.40714599e-02  1.39083266e-01  5.12266718e-02  3.69469747e-02
 -1.47952318e-01  2.65258521e-01  1.14491343e-01  2.87483763e-02
 -5.93993701e-02  5.89938723e-02 -4.68130670e-02 -2.43586674e-01
  1.01683691e-01 -1.73387066e-01 -1.71819180e-01  3.00564259e-01
  1.37403995e-01 -3.97363156e-01 -1.75159559e-01  9.08202156e-02
  2.73132056e-01 -3.87095660e-01  2.96337575e-01  9.04624686e-02
  2.83295602e-01 -7.10933981e-03 -5.87415136e-02  9.88963321e-02
  1.91135064e-01 -1.81839820e-02  1.18773967e-01 -3.40178162e-02
 -7.53643215e-02  1.67745084e-01 -5.02870306e-02 -1.01358242e-01
 -2.22532645e-01 -6.00893013e-02  3.15575227e-02  1.03889704e-01
 -7.24375993e-02  5.54104224e-02  1.17816422e-02 -8.88246596e-02
 -1.84399709e-01 -2.83642322e-01 -4.81601618e-02 -9.87836048e-02
  3.81584726e-02  5.47710061e-02 -1.36748046e-01  1.84702545e-01
  1.62631333e-01  8.07188079e-03  2.05966905e-01  9.09403060e-03
  2.29331315e-01 -1.25341088e-01 -4.12039049e-02  2.10208759e-01
 -1.57576025e-01 -1.19380705e-01  3.64974029e-02 -4.01546806e-02
  1.44251198e-01  8.67594182e-02 -2.25096136e-01  2.14317665e-02
 -5.69842719e-02 -2.00653493e-01  6.74715787e-02  1.60634980e-01
 -2.75984835e-02 -1.18658550e-01  8.90755579e-02 -9.97188181e-08
 -3.72048817e-03  1.82439372e-01  2.65984386e-01 -7.87215829e-02
  1.44621909e-01 -9.88260061e-02  1.10800453e-01 -2.16096506e-01
 -2.77135342e-01 -4.02203575e-02  1.10323712e-01 -3.08189560e-02
 -2.18966186e-01  1.89679876e-01  5.33178337e-02  1.35743603e-01
  1.66251883e-01  1.10537700e-01  5.22158109e-02 -2.94651717e-01
 -2.43547503e-02 -8.19222033e-02  4.72539663e-02 -1.41143486e-01
 -9.43004191e-02 -1.07070185e-01  4.71159816e-02 -2.73698449e-01
 -9.17197019e-03  5.93614690e-02 -2.95446098e-01  1.54714003e-01
 -3.81281935e-02 -4.97357957e-02  4.13319141e-01 -7.56619871e-02
 -3.05545300e-01 -4.96798903e-02 -2.59229690e-01 -2.08459254e-02
  8.23089108e-02  3.96145940e-01  4.42210175e-02  7.35687017e-02
  1.93252027e-01  2.31925976e-02  1.81334972e-01 -5.65130599e-02
 -1.41967520e-01  1.63623556e-01 -1.57812595e-01 -1.86195716e-01
  8.80862847e-02  2.25470722e-01  8.48411620e-02 -1.70592010e-01
 -1.13676004e-01 -1.36925086e-01 -1.04930095e-01  1.83763877e-01
  1.08143501e-01  6.76575601e-02 -1.16623566e-01  1.71875283e-01]"
4a7423ad640dfe44415260181e696d8d6f172be1d743f03856ac21d08f1df1d6,dog_009.png,Golden Retriever (cartoon),cartoon illustration,park/green field with pond and tree,leaping to catch a red frisbee,False,"A happy golden-colored dog mid-leap catching a red frisbee in a sunny park; background includes a tree with a swing and squirrel, a child flying a kite, a small pond with ducks, flowers, and rolling hills.","[ 1.90114841e-01  4.55107875e-02  1.72776103e-01  3.06163058e-02
  1.65646210e-01  1.63378734e-02  4.14330065e-01 -9.43878368e-02
  6.69859871e-02  2.01151088e-01  1.19841270e-01 -4.88906391e-02
  1.55319087e-02  1.25443220e-01  2.64375806e-01  9.23523307e-02
 -7.49229267e-02 -3.15451473e-02 -1.48106525e-02 -2.62987465e-01
 -6.01403266e-02 -1.12113275e-01  5.05087897e-02 -2.95784567e-02
 -4.03538525e-01  3.49506643e-03 -5.90498885e-03 -7.77571499e-02
  2.60745059e-03 -1.07404560e-01  1.57055482e-02  2.60724664e-01
  1.37067035e-01  8.30584466e-02 -1.18707307e-01 -8.53768513e-02
 -4.91921939e-02 -2.13390648e-01  1.33739263e-01  6.36141375e-02
 -3.00356690e-02  2.74937563e-02  9.21890661e-02 -1.20192438e-01
 -1.28531054e-01  1.20848924e-01 -9.10620019e-02 -1.01212785e-02
  1.09756716e-01 -1.04551772e-02 -1.49453789e-01  1.14751728e-02
  5.72174117e-02 -4.75174896e-02 -4.84778658e-02  1.58801705e-01
 -9.33064669e-02 -1.49559706e-01  1.04875013e-01 -1.27174690e-01
  1.03243373e-01  1.89728215e-01 -7.59272650e-02 -4.30659503e-02
 -1.31325573e-01 -2.06583276e-01 -2.18677863e-01 -1.41672045e-01
  1.13390826e-01 -2.70991236e-01  5.33956997e-02  8.59992802e-02
  2.01155096e-01 -1.21424608e-01  5.78245521e-03 -2.70264428e-02
  8.38282406e-02  8.09903592e-02  1.38590395e-01 -1.74525991e-01
  1.12182930e-01 -1.73588365e-01 -1.01073459e-01  2.40533128e-02
  3.64830613e-01  8.03370029e-02 -1.91807225e-02  1.92670189e-02
 -7.98371881e-02 -1.41404927e-01 -2.29026750e-01 -2.46038795e-01
  1.32063935e-02 -1.53898850e-01 -2.26766393e-01 -2.48907786e-02
 -1.19299076e-01 -5.42393446e-01 -3.94673571e-02  1.11047581e-01
  5.73702380e-02  4.92122918e-02  2.92290866e-01  1.37567669e-01
  3.44870925e-01 -5.86272255e-02 -2.59634525e-01  1.71304226e-01
  2.13606104e-01  4.96514514e-02 -2.04912528e-01 -1.34205908e-01
  2.93540180e-01  1.11124687e-01 -7.33598694e-02  1.67532727e-01
 -3.81313235e-01 -1.86848044e-01 -1.46083802e-01 -2.39725545e-01
  3.92298341e-01  2.27218151e-01  6.10434674e-02  2.89021581e-01
  1.12714574e-01 -1.07419640e-01  1.73672847e-02 -1.18864710e-32
  4.90838066e-02  3.63131538e-02  7.95511249e-03 -2.49279320e-01
  8.04984346e-02  2.50520594e-02  1.45828933e-01 -1.69020787e-01
 -3.83710191e-02 -9.45830066e-03 -2.72582620e-01  1.09999485e-01
  4.73663136e-02  3.61158364e-02  1.45041257e-01 -1.25201106e-01
 -3.45374569e-02 -1.17512062e-01  1.98482215e-01  2.19922811e-01
 -2.97438264e-01  3.47026475e-02  1.35503151e-02 -1.56210229e-01
  5.48979379e-02  1.90852851e-01 -2.15868615e-02 -2.15213746e-02
  1.16093814e-01  9.94813666e-02  8.08615088e-02 -1.59531891e-01
 -8.62827748e-02 -5.42204529e-02  8.35440904e-02 -1.12702437e-01
 -6.35600910e-02 -2.86780387e-01  4.92283329e-02  2.81102300e-01
  2.20773872e-02 -3.34239751e-02 -1.23202927e-01  1.83132648e-01
  1.20360687e-01 -6.78665238e-03  1.30011700e-02  1.02002453e-02
 -1.77439287e-01  1.85199529e-01 -1.26931190e-01  1.44739270e-01
  2.97950864e-01 -2.53980547e-01 -1.89532340e-01  2.66595166e-02
  2.59018868e-01  7.67726377e-02 -7.02955946e-02  2.70321995e-01
  2.60128714e-02 -1.56436041e-01 -9.38257053e-02 -3.43529046e-01
  2.13566691e-01 -2.20200904e-02 -1.93508789e-02  9.58786011e-02
 -1.34706825e-01  1.22278005e-01  2.54361272e-01  3.38233821e-02
  8.47655609e-02 -2.97912091e-01  3.08253765e-02 -3.74411456e-02
  5.78422509e-02 -5.97023591e-02 -6.79304376e-02 -1.48619607e-01
  8.86409879e-02 -2.86720018e-03 -2.29507148e-01 -3.23852003e-02
 -1.84739545e-01 -9.41996798e-02  1.57936111e-01 -1.30347088e-01
 -2.65521049e-01 -1.27461106e-01 -4.48285155e-02 -1.82036072e-01
  1.72558576e-01  7.22280294e-02  3.53880912e-01  3.89147552e-33
  6.39577061e-02 -3.80450897e-02 -1.94440693e-01 -2.54028272e-02
 -1.28806084e-01  1.53612554e-01  4.51846309e-02  2.16674596e-01
 -2.74954379e-01 -7.99089298e-03 -2.61444390e-01  2.09051222e-01
  1.41240180e-01  1.04050130e-01  4.36076820e-02  6.30258098e-02
  1.79835986e-02  3.93466085e-01  8.96592587e-02  2.50844032e-01
 -1.41218171e-01  2.22159684e-01  1.86293125e-01  1.60120144e-01
  1.24562919e-01  2.79549628e-01  1.31851152e-01 -5.97240590e-02
 -1.56431779e-01 -8.37581605e-02 -5.87597527e-02  3.05286120e-03
  1.77730680e-01 -9.59787741e-02  6.58435225e-02 -2.72273988e-01
  9.02117416e-02 -3.64512205e-01 -9.82013345e-02  6.91245194e-04
  2.59484947e-01 -1.79035142e-01  1.84795290e-01  5.62841333e-02
  4.62907441e-02  2.49151036e-01 -1.42718732e-01  3.03003401e-01
 -6.68772012e-02  5.34553565e-02 -9.07923579e-02 -8.32571760e-02
 -2.32653394e-01 -4.85127866e-02  1.02568798e-01  5.90688437e-02
 -1.17569551e-01  1.54951155e-01  3.04970648e-02 -5.75073920e-02
 -2.90446937e-01  5.33736199e-02 -9.15034413e-02  1.89740986e-01
 -4.34338562e-02 -1.76572844e-01 -3.37713249e-02 -7.73648471e-02
 -1.68720800e-02 -2.21417621e-01 -1.25385493e-01  1.82419255e-01
  1.43532325e-02 -1.36857331e-01 -6.96973279e-02  2.07416311e-01
  2.30802193e-01  9.31478962e-02  1.93414420e-01  2.26691231e-01
 -2.13469103e-01  8.52116942e-02  9.84256715e-02  6.02005087e-02
 -1.08018026e-01 -8.07379037e-02 -2.21794620e-01 -1.02857202e-01
 -1.14157572e-02 -1.46259725e-01 -4.31613438e-02  3.42079014e-01
  4.59077172e-02  1.96721464e-01  2.16911092e-01 -9.81909380e-08
  9.03781969e-03  9.87764001e-02 -2.41201147e-01 -2.22781282e-02
  2.20480621e-01  8.00094977e-02 -5.28906137e-02 -1.71897545e-01
 -2.55067289e-01 -8.37241113e-02  1.40723065e-02  2.03239545e-02
 -1.90972626e-01  4.82010506e-02  1.24110043e-01  2.91000083e-02
  4.47309539e-02  7.19713494e-02  1.62952602e-01  4.07156378e-01
  6.40422702e-02  4.38326448e-02  1.69999659e-01 -2.12513190e-02
 -4.19580638e-01 -1.30208910e-01 -1.08501045e-02 -4.29691046e-01
 -5.63254058e-02 -9.79260541e-03 -1.16839334e-01  1.31871670e-01
  1.01980790e-02  2.74767969e-02  2.06139572e-02 -2.64872909e-01
 -8.56477320e-02 -5.15334075e-03 -5.19617796e-02  2.14505312e-03
  2.46649366e-02  4.30225790e-01 -1.55068532e-01 -1.06259003e-01
 -1.69313684e-01  1.13329351e-01  9.64590013e-02 -3.35653484e-01
  1.56192109e-01  6.38911948e-02 -4.31202739e-01 -1.09128065e-01
  2.53097489e-02 -1.20051824e-01 -1.01970948e-01 -7.34459683e-02
 -2.66235262e-01 -2.77589232e-01 -3.85445394e-02  1.16119973e-01
  6.72157705e-02  1.33424789e-01 -1.42170683e-01  1.95443675e-01]"
e56b00b008712e60faf6ad3fd02d3aaaf3d1764e007037b10345c397def4a05d,dog_010.png,Golden Retriever,photograph,park/field,running (one carrying a stick),False,"Two golden retrievers running across a sunlit grassy park; the front dog carries a large stick in its mouth, trees and long shadows in the background.","[ 2.24715099e-01 -2.39246845e-01  3.62721980e-01  1.37129307e-01
  1.70178354e-01 -1.87017575e-01  7.81205576e-03  1.23858741e-02
  1.16168849e-01 -4.19653058e-02 -1.54208038e-02 -4.35841940e-02
  7.39849657e-02  5.74812517e-02  2.46357858e-01  2.04326175e-02
 -1.25138894e-01  1.37413032e-02 -9.60185472e-03 -5.21676391e-02
 -7.32705221e-02 -1.21346630e-01 -3.13958861e-02  5.35003804e-02
 -4.66416717e-01  4.27985609e-01 -4.25598651e-01 -1.54763728e-01
  6.22001551e-02 -9.60988328e-02  6.40700907e-02 -3.56599331e-01
 -2.58017093e-01  1.60826862e-01 -3.66389453e-01  6.52960464e-02
 -3.76919024e-02 -2.16487739e-02  1.90473795e-01  2.77803885e-03
  1.18460625e-01 -1.52473330e-01 -9.75147411e-02 -1.13896623e-01
 -1.74659178e-01  5.76290265e-02 -3.43147457e-01 -1.39762819e-01
  3.06019843e-01 -2.74114728e-01  7.94760957e-02 -3.24860603e-01
 -1.18136033e-02  5.16418135e-03 -1.84165448e-01  5.20254485e-02
 -2.28933930e-01 -1.74744606e-01  5.97851053e-02  1.40264407e-01
  1.28200307e-01  8.67937356e-02  4.21865024e-02 -6.99274838e-02
 -1.48147076e-01 -2.56964684e-01 -3.38313103e-01  1.34598628e-01
 -1.29874602e-01 -2.59119511e-01  5.70570827e-02  3.09328526e-01
 -1.75472468e-01 -2.83266038e-01 -2.20010668e-01  1.15135208e-01
 -9.93677080e-02  1.58143699e-01  8.05328488e-02 -6.41727328e-01
  1.54842168e-01 -4.51389812e-02 -3.27191763e-02  2.44710684e-01
  4.66744453e-01 -9.55249369e-03  6.13221489e-02 -6.29295260e-02
 -8.19892660e-02 -1.27325252e-01 -2.64564622e-02 -2.58652922e-02
  1.30815625e-01 -2.58181859e-02  6.89867213e-02 -8.42373595e-02
  6.80989325e-02 -2.17962921e-01  5.94632998e-02  1.76099136e-01
 -8.72429237e-02 -1.11118160e-01  3.73943627e-01  3.06382719e-02
  4.63610232e-01 -2.23416239e-02 -5.58852673e-01  5.72346859e-02
  3.25861037e-01  4.02400233e-02  2.49230638e-01  8.47111046e-02
  2.05870822e-01  2.66273528e-01 -2.46040598e-02 -4.95329387e-02
 -3.17455351e-01  5.73170111e-02  4.28472348e-02 -1.23533368e-01
  2.88050789e-02 -1.03402972e-01  1.43111438e-01 -2.06525773e-01
  2.37004951e-01 -2.45309889e-01  3.31458032e-01 -7.40597073e-33
 -2.26618856e-01  2.53965408e-01 -1.28927678e-01 -2.74962336e-01
  8.47387537e-02 -1.03372119e-01 -4.72197905e-02  7.39163086e-02
  6.76735416e-02  1.15628667e-01 -2.96201825e-01  9.68953893e-02
  1.07875638e-01  4.49283645e-02  2.18211234e-01 -2.20055804e-01
  1.75875518e-02  2.27224416e-04  4.02652204e-01 -1.11399770e-01
 -1.83914974e-01  1.51067346e-01 -6.72509195e-03 -1.40857492e-02
 -1.37972794e-02 -1.52385324e-01 -1.73895910e-01 -3.02128531e-02
  3.00660990e-02  1.15242593e-01  1.32195437e-02 -1.93211123e-01
  5.94453588e-02  3.43329400e-01  6.52640536e-02  2.60290671e-02
  1.68784752e-01 -2.85298020e-01  5.27230976e-03 -4.76636887e-02
  2.37745702e-01 -1.76921606e-01  4.52297181e-02  1.75346598e-01
 -1.53102785e-01 -5.08730859e-02  6.40147850e-02  1.57748669e-01
 -3.59708816e-01  1.31874636e-01 -2.14959711e-01  1.43641636e-01
 -1.15298927e-01 -1.61663100e-01 -6.95273047e-03 -1.38724118e-01
  1.04958415e-01  1.13231406e-01 -9.25244913e-02  2.16062829e-01
  3.87365699e-01  1.42941102e-01 -2.60594994e-01 -1.08302221e-01
  1.64096847e-01 -2.82069981e-01 -1.68348715e-01  1.51972279e-01
 -2.42743671e-01  1.52472213e-01  3.57574701e-01  3.40911467e-03
  2.88428757e-02 -1.85089827e-01  2.77132511e-01 -2.01481730e-01
  1.64989740e-01  2.43189037e-01 -1.98994167e-04 -6.80914819e-02
 -9.41968113e-02  1.46782100e-01 -2.28055552e-01 -1.36209369e-01
 -1.00707084e-01  2.50900000e-01  1.84169024e-01 -5.94252422e-02
 -2.58812636e-01 -2.45065112e-02  1.35853648e-01 -7.75018707e-02
 -4.52348664e-02 -2.69252229e-02  1.76785544e-01  2.20798361e-34
 -2.76053473e-02  2.43649423e-01  2.88803995e-01 -1.95986871e-02
  1.75594941e-01  3.50684166e-01 -1.02424979e-01  1.77279476e-03
 -2.62906551e-01 -1.13536924e-01 -3.42586696e-01  3.30326527e-01
  2.28289049e-02  7.28541687e-02  1.63528547e-01 -1.49734616e-01
  3.53454739e-01  2.56868869e-01 -3.26141000e-01 -7.04176202e-02
 -1.13613628e-01  8.52475464e-02 -3.37594226e-02  2.83216864e-01
  1.47277102e-01  2.16010869e-01  1.55626774e-01 -5.27438559e-02
 -3.64192367e-01 -7.70783797e-03  5.06526567e-02 -2.33846232e-01
  1.02480397e-01 -2.35788092e-01 -2.13352032e-02 -2.55236983e-01
  3.97991985e-02 -2.42412955e-01 -1.29481971e-01  8.68670549e-03
  2.31207326e-01 -1.99886188e-01  2.69955486e-01  2.44300783e-01
 -3.90075594e-02  2.32207313e-01 -2.58911282e-01  1.99802592e-01
 -2.38814041e-01 -1.74648650e-02  2.11468339e-01  2.98876446e-02
 -3.21442634e-01 -1.02420747e-01 -8.51257667e-02 -3.88328768e-02
 -5.50101511e-02  1.83339566e-01  1.59576461e-01 -1.84131429e-01
  7.17838779e-02  1.13983311e-01 -4.31227237e-02  2.64015794e-01
 -6.53037876e-02 -3.44925255e-01  6.20445274e-02 -1.55207189e-02
  3.63876596e-02 -1.16062917e-01 -2.48099148e-01  1.30509809e-01
  1.69899855e-02 -1.80599555e-01 -1.77211333e-02  5.01888275e-01
  1.09508112e-01 -8.81168619e-02 -3.94767225e-02  1.94750771e-01
  4.51417780e-03  5.77949770e-02  2.29728758e-01 -2.10738465e-01
 -9.08294022e-02  4.23652530e-02 -8.44589695e-02  6.79853931e-02
 -2.18297184e-01 -3.42738517e-02  1.32855311e-01  2.74874300e-01
  2.29887247e-01  1.29398897e-01  1.37109652e-01 -9.72122791e-08
  7.24248886e-02  7.01875389e-02 -7.47156441e-02 -2.09727392e-01
  5.61395772e-02  1.34926036e-01 -1.19780213e-01  2.54994316e-04
 -2.56020308e-01 -1.81476213e-02  2.04395935e-01  1.91577435e-01
 -1.10391542e-01  2.52226472e-01 -8.35017264e-02  8.78805742e-02
  1.44712523e-01  2.03005210e-01  1.88828204e-02  1.50228754e-01
 -1.90972522e-01 -5.10637648e-02  3.23477030e-01  1.17064733e-02
  1.29890278e-01 -5.48897386e-02 -6.35194555e-02 -2.10892767e-01
  2.99126040e-02  7.39208236e-02  1.52401906e-02  2.02953920e-01
 -1.17319353e-01  7.46229440e-02  2.81754017e-01 -1.91225439e-01
 -1.67721361e-01  1.82769820e-01  7.03712702e-02  2.86706507e-01
  7.07554966e-02  2.18700290e-01 -2.67501622e-01  8.93687680e-02
  5.22489920e-02  1.81859255e-01 -8.57119113e-02 -9.86392274e-02
 -7.94781521e-02 -1.69802025e-01 -3.01007003e-01 -3.71027440e-01
  7.82309249e-02  1.52337113e-02 -3.00195634e-01 -4.30129170e-01
 -1.49715051e-01 -8.02871138e-02 -9.88079011e-02  8.07556063e-02
 -1.68596536e-01  9.47374180e-02 -8.45986232e-03  3.84302258e-01]"
42e5e869f47815de0e9231a8c570921b0255ee8fbbd193f6f0c3a5c46e2a5d87,dog_011.png,Pug,photograph,cozy living room with fireplace,"sleeping, curled up",False,"Fawn pug curled up and sleeping on a round cream plush dog bed in a warm living room near a lit fireplace, with an armchair and coffee table with books in the background.","[ 1.21874847e-01 -1.12607099e-01  5.51251881e-03  2.87304997e-01
 -9.36082657e-03  1.47344977e-01 -2.48040520e-02 -7.60838836e-02
  8.41761157e-02  7.75791407e-02 -1.85394064e-01 -1.35914087e-01
  7.68748522e-02  1.55176744e-01  1.03677446e-02  2.80504469e-02
 -4.42102283e-01 -1.67062923e-01  2.16614261e-01 -1.37958720e-01
 -5.31245396e-02  1.15066700e-01  1.44678816e-05 -1.14463940e-01
  1.11189045e-01 -2.19362408e-01 -2.60793306e-02 -2.42793396e-01
  1.64021403e-02 -1.38736531e-01 -1.02250194e-02 -1.79756153e-02
 -1.68756232e-01  2.88893376e-03  5.59485517e-02  1.91605940e-01
  1.64987028e-01  5.71843795e-02  3.05826049e-02  1.06003508e-01
  1.96012199e-01  1.25763088e-01  1.54379502e-01 -1.83018863e-01
 -1.48859724e-01  1.35081664e-01 -1.42675817e-01 -1.18427053e-01
 -6.01758659e-02  2.48698480e-02  6.19375147e-02 -3.62068717e-03
 -1.35062754e-01  1.98618814e-01 -9.30049270e-02  6.44986285e-03
 -2.80624051e-02  6.58758776e-03  5.85397705e-02 -7.18776509e-02
  4.44197506e-02  1.47340208e-01 -1.79270636e-02  1.11352235e-01
 -2.26429895e-01 -8.04154947e-02 -1.22023299e-01  2.36800194e-01
  5.76181412e-02  7.75257275e-02 -6.70414865e-02  1.84970483e-01
  2.35430915e-02 -2.22597003e-01 -1.02296792e-01  4.00016569e-02
 -9.53184906e-03 -1.91034019e-01  3.68765503e-01  1.42106622e-01
 -1.66825578e-01 -2.80205160e-02  1.30102202e-01  1.27376899e-01
 -1.48904890e-01  5.57389371e-02  1.15066335e-01 -2.21255615e-01
 -4.38287050e-01 -2.58342735e-02  2.87021309e-01 -1.20811142e-01
  1.46639366e-02  1.65824085e-01 -1.45474002e-01  2.39972845e-01
  1.17477380e-01 -9.66867208e-02  4.34115194e-02 -3.58236879e-02
 -7.10946247e-02  2.23577261e-01  1.72380373e-01  1.73521206e-01
  1.65553153e-01 -1.92021862e-01 -2.29487300e-01  3.43188643e-02
  7.44730160e-02 -9.69692990e-02 -3.12671334e-01 -7.20988512e-02
  1.54658696e-02  1.00803487e-01  1.90587178e-01  6.41783699e-03
  1.37750357e-02 -8.79874006e-02  1.02482587e-01 -3.55314754e-04
  7.71871582e-02  3.22382629e-01 -1.22317977e-01  3.83580513e-02
  7.90959224e-02 -3.39074075e-01 -9.52253267e-02  5.78443652e-33
  3.81316878e-02  6.21302687e-02 -4.20041792e-02 -1.24387443e-02
  2.43529707e-01 -1.44163027e-01 -1.26838103e-01  2.13667214e-01
  1.11154921e-01  2.52792984e-01 -6.17581680e-02  2.80432075e-01
 -2.82243695e-02  6.68485509e-03 -1.77207291e-02 -1.50721446e-01
 -1.84509292e-01  1.97834931e-02 -6.81090029e-03  2.64692679e-02
 -1.45192400e-01  2.83448845e-01  1.96199194e-01 -1.55149177e-02
 -7.70417750e-02  7.24087730e-02  4.55083139e-02 -6.63230568e-02
 -3.38310331e-01 -1.76223312e-02 -2.67183967e-02 -1.01190202e-01
 -3.44475433e-02 -1.34095088e-01 -4.05023336e-01 -9.59544331e-02
 -2.22781487e-02 -1.01492353e-01 -2.03802958e-01  4.25718635e-01
  3.42518181e-01  4.84602787e-02  9.40149426e-02  1.80622295e-01
  4.58207466e-02  1.49006462e-02 -2.69670542e-02  2.98815072e-01
 -1.08595528e-01  2.24110950e-02  1.31029025e-01 -9.40466076e-02
 -3.42538022e-02 -7.30589703e-02 -5.64275533e-02  1.21138535e-01
 -2.31263973e-02 -8.99478123e-02  3.29114556e-01  1.10247016e-01
  4.40038770e-01 -1.23540290e-01  2.07356572e-01 -1.94565475e-01
 -1.24518275e-01 -4.46772158e-01 -2.24074312e-02 -5.40798493e-02
  4.55954671e-03  3.36220823e-02  6.89455420e-02  6.77581802e-02
 -4.04872708e-02 -3.73123288e-01  1.44645363e-01 -1.40419722e-01
 -5.58041409e-02  1.95631161e-01 -2.78684080e-01 -2.29212772e-02
  2.93305337e-01 -6.74390867e-02 -7.61017203e-02 -7.57277012e-04
  1.11166291e-01 -2.29059592e-01  3.94364335e-02  1.70394793e-01
 -2.99932152e-01  2.63056815e-01 -1.43453464e-01  3.43251862e-02
  2.84855902e-01 -6.55518547e-02  9.39400643e-02 -7.57630721e-33
  1.07877508e-01 -3.97263438e-01  8.43444467e-02  3.89276296e-02
  7.72058144e-02  2.21209645e-01 -1.47565082e-01 -9.84935556e-03
 -1.30674899e-01  1.26019701e-01 -1.05151296e-01  8.25822800e-02
  3.25099379e-01 -4.75553352e-05  5.98853603e-02 -1.34577816e-02
 -4.22293954e-02 -6.45703450e-02  2.03180648e-02  1.75076723e-01
 -3.07036221e-01  1.08008027e-01 -1.76731646e-01  1.76782057e-01
 -4.87599820e-02  2.57837534e-01  5.21598049e-02 -1.66451678e-01
 -2.29062796e-01 -1.66462436e-01  2.46665291e-02 -3.10717613e-01
 -5.50254621e-02  6.65992033e-03 -2.16862336e-01  2.44870484e-02
  1.77809596e-01  1.08316205e-02 -1.95692137e-01 -1.57250494e-01
  2.93387413e-01 -7.14316070e-02 -6.34431019e-02  1.54793516e-01
  3.12791109e-01  5.09457514e-02 -2.84813553e-01 -1.54609308e-01
  2.12219343e-01  1.26985446e-01  4.91993353e-02 -5.82871139e-02
 -6.46213964e-02 -1.06758609e-01 -1.35008886e-01  4.38658930e-02
 -3.94796371e-01 -2.93910503e-02  2.31111750e-01  1.02289096e-01
 -1.01347253e-01 -7.85071179e-02  2.78106201e-02  1.17607176e-01
 -2.06092715e-01 -7.65889585e-02 -5.03574498e-02 -1.05352521e-01
 -1.97927095e-02 -9.03386101e-02  3.07910256e-02  1.44048721e-01
 -1.68844461e-01 -1.06292013e-02  2.45237187e-01  2.85441607e-01
  2.54512757e-01 -3.10863525e-01  1.95558548e-01 -3.82357053e-02
 -2.80304819e-01  3.65703367e-02 -1.61736533e-01  8.38495865e-02
 -1.47203594e-01 -3.56211185e-01  4.68279868e-02  1.20053440e-01
 -2.54697409e-02 -1.80495024e-01 -3.63507271e-02  3.57404083e-01
 -4.98587526e-02 -2.15809211e-01  2.53888518e-01 -9.85468986e-08
 -2.65465938e-02 -1.94418997e-01 -1.31615192e-01  1.05563886e-01
 -2.97807734e-02 -2.04623356e-01  9.43543985e-02 -1.94927543e-01
 -1.62149817e-01 -4.59012948e-02  8.78034458e-02 -8.67532194e-02
  2.38722533e-01  5.48206344e-02  5.11903502e-03  1.43560976e-01
  1.23012494e-02  1.31321967e-01  8.93616751e-02  4.34834957e-02
 -1.85028464e-01  2.98504621e-01  1.64305791e-01 -1.11884912e-02
  1.15289956e-01  2.49903332e-02  6.64403141e-02  4.64365445e-02
 -1.18851930e-01  2.39776850e-01 -5.62737472e-02  1.59147292e-01
 -1.74345866e-01 -1.27439812e-01  6.41816482e-02 -1.25710562e-01
  3.40222836e-01 -2.52567202e-01 -1.10603757e-02 -6.54781014e-02
  1.12544611e-01 -1.98622987e-01 -4.37135585e-02 -2.80748188e-01
 -2.27355465e-01 -3.00019681e-02  3.11492383e-01 -1.34664953e-01
  5.61432354e-02  2.06682175e-01 -1.10724166e-01 -7.46342242e-02
  1.25513345e-01 -5.29905148e-02 -4.97405455e-02 -1.36809900e-01
 -5.03011160e-02 -2.28721008e-01  8.31171051e-02  2.22812548e-01
  1.05914898e-01  3.41251828e-02 -4.26297598e-02  1.66113392e-01]"
8e5caadd44c5843608403460ae0365ad5ed602a1751dd49361d50a087f44247c,dog_012.png,Pug,Photorealistic photograph,Outdoor café patio against a stone wall with potted plants; café interior visible through a window,"Sitting on a cushioned chair at a round bistro table with one paw on the table, wearing a striped bandana",True,A pug wearing a striped bandana sits at a round bistro table on an outdoor café patio in front of a stone wall with a visible March 2026 calendar; potted plants and a barista inside the café are visible through the window.,"[ 9.86864232e-03  6.67106435e-02 -1.12972751e-01  8.21216181e-02
 -1.50494426e-01  2.53592461e-01  1.74545392e-01 -1.29961982e-01
  5.45470342e-02 -1.16270632e-01  1.55227259e-01 -2.41090909e-01
 -5.26739098e-02 -3.37635614e-02  1.15819730e-01 -1.00073136e-01
 -1.44534424e-01 -1.31399378e-01  3.24835271e-01 -1.44126192e-01
 -2.06111029e-01 -3.20991538e-02 -2.12259829e-01  8.83844793e-02
 -6.71796128e-02 -4.52144723e-03 -7.13254362e-02 -1.13794953e-02
  1.53459296e-01 -1.19022660e-01 -4.02545743e-02  1.18375786e-01
 -1.40333503e-01  1.54948026e-01 -1.24315089e-02  1.20029651e-01
  1.44612819e-01 -1.77420288e-01  1.95590720e-01 -2.19981000e-02
  8.83112103e-02 -1.50745854e-01 -8.63402709e-02 -9.10337418e-02
  9.56117362e-02 -1.79559782e-01  8.05829000e-03  1.06673114e-01
 -8.73659402e-02 -2.84542412e-01 -7.81748369e-02 -1.52237520e-01
  1.15855105e-01 -1.20530769e-01 -1.41279534e-01 -1.93930760e-01
  1.43473536e-01 -2.30502114e-02  1.01550475e-01  1.07555441e-03
  2.39739791e-01 -1.12538658e-01 -1.28443539e-01  1.51361391e-01
 -6.19931258e-02 -5.69519736e-02 -1.92436692e-03  3.76886204e-02
  1.18032381e-01 -2.80045196e-02  3.85279097e-02  4.69999872e-02
  8.22713412e-03 -1.20278582e-01 -2.29815245e-01  7.03167021e-02
 -6.44569844e-02 -1.32121608e-01  3.76240313e-02 -7.90599287e-02
  8.89848024e-02  8.50573629e-02  8.42976868e-02  1.32718548e-01
 -3.68943959e-02  1.17921315e-01 -1.21629924e-01  5.94264083e-02
 -3.34309518e-01 -6.65539969e-03  1.36378318e-01  1.01779029e-01
  1.46301597e-01  1.54508010e-01 -3.38276565e-01  2.67485738e-01
 -4.91815247e-02 -1.59525856e-01  1.17705703e-01  1.68501705e-01
  6.53039068e-02  3.19088340e-01 -8.92864540e-02  1.16470575e-01
  2.64140636e-01 -2.09049568e-01 -1.44388840e-01 -1.37713313e-01
  1.14865884e-01 -1.21593982e-01 -3.13706338e-01  6.31036684e-02
 -2.01768532e-01  7.42142126e-02 -1.72373906e-01  8.71077105e-02
  1.18424229e-01 -1.70033947e-01  2.48553410e-01 -3.14723589e-02
 -1.49817122e-02  1.89700052e-01 -2.00482816e-01  5.20289801e-02
  7.49490112e-02 -4.28573824e-02  1.39796153e-01  1.55075513e-33
  1.24941422e-02  7.87201300e-02  2.85089850e-01 -1.70845717e-01
  3.94000560e-01 -3.73707376e-02  1.30382329e-02 -1.58105478e-01
  1.55366659e-01  9.35921222e-02 -5.99536151e-02 -3.52463988e-03
 -2.15828016e-01  8.30721185e-02  2.84000665e-01 -2.77433276e-01
 -1.90322503e-01  1.24438159e-01  8.00169334e-02  4.33789380e-03
 -2.01359108e-01 -9.89658087e-02 -1.42697424e-01 -3.48965898e-02
  8.38852599e-02  3.98729682e-01  6.86383471e-02  7.36965314e-02
 -1.83082238e-01  6.09628111e-02  4.33185026e-02  8.28692839e-02
 -3.30180638e-02  1.49170294e-01 -2.81864107e-01 -3.06864768e-01
 -1.13351949e-01 -8.86025354e-02  5.77712283e-02  1.36443570e-01
  1.95211574e-01 -2.48305183e-02 -4.99421544e-02  1.63392276e-01
 -5.35404915e-03 -1.68718025e-02 -7.08941296e-02 -1.41294096e-02
 -6.95814192e-02  9.29392651e-02 -1.89072341e-02  5.56455776e-02
 -2.75183134e-02 -1.09582797e-01  4.80869226e-02 -9.48439315e-02
  1.31213114e-01  1.18053928e-01  9.69075486e-02 -1.02201179e-01
  3.26771200e-01  1.48255685e-02  1.30564466e-01 -1.47206523e-02
 -9.12773162e-02 -9.60190669e-02 -2.15998650e-01  3.67959728e-03
  4.82122526e-02  1.06154326e-02  8.92646685e-02  1.24932952e-01
  1.60933822e-01 -2.13746130e-01  1.64360493e-01 -1.27532989e-01
 -4.75555398e-02  1.47714719e-01 -1.21349029e-01  1.40030935e-01
  3.90544347e-02 -9.84251592e-03  1.27719745e-01 -9.60796401e-02
 -1.61997616e-01  2.30775855e-04  1.53585136e-01  1.40760809e-01
 -6.06755763e-02  3.61886770e-02  1.35473814e-02  2.39161476e-01
  1.32887602e-01  5.73676825e-02 -9.44163352e-02 -7.37842376e-33
  7.24569932e-02  6.01058193e-02  2.68031716e-01 -2.61685103e-01
 -2.32371967e-02 -8.51877034e-02 -4.24726866e-02  4.22186852e-02
 -5.55256754e-02  2.63134241e-01 -6.73599094e-02  3.05364788e-01
  1.38789207e-01  4.75077368e-02 -1.62295310e-03  2.70966649e-01
  1.91787854e-01  4.81235944e-02 -2.70114183e-01 -3.97272706e-02
 -2.33523369e-01  1.42959818e-01  1.20917790e-01  2.57726550e-01
  2.72127520e-02  1.41872033e-01  3.39892983e-01 -3.21624458e-01
 -1.27850190e-01 -6.14231639e-02  2.65342779e-02 -1.52388066e-01
  4.10270318e-02  5.63013591e-02 -1.19407937e-01 -2.09226131e-01
 -6.25559613e-02 -1.68153495e-01 -1.17426999e-01 -3.60129699e-02
  4.62507270e-02  4.42338400e-02 -4.75160405e-02  2.28105813e-01
  1.62439167e-01  6.24710368e-03  1.41360790e-01 -8.80897790e-02
 -3.03926840e-02  1.68401506e-02  1.15312427e-01  7.58195072e-02
  1.32082373e-01  8.42930451e-02  4.28846851e-02 -1.06682424e-02
 -3.06312084e-01 -6.79751411e-02 -7.37114921e-02 -4.40326929e-02
  3.16088833e-02  3.55731696e-02 -6.76451176e-02 -4.82474267e-03
 -1.34064853e-02 -1.52444690e-01 -1.84995979e-01 -1.17918458e-02
  9.62582678e-02 -9.48613584e-02  1.08730875e-01  3.44652198e-02
 -2.33233050e-01 -2.83560753e-02 -6.43448438e-03  2.92098790e-01
  1.30511656e-01 -2.46758088e-02 -6.00411557e-02  5.50210550e-02
 -4.30150390e-01  1.34121165e-01 -2.22957984e-01 -2.19445731e-02
 -1.16247749e-02 -3.75872433e-01 -8.38746130e-02 -2.64780801e-02
 -1.45476282e-01 -1.05757522e-03 -2.70296372e-02  2.82447278e-01
 -2.34848768e-01 -5.76989837e-02  1.88670695e-01 -9.81699912e-08
  1.06853493e-01 -2.18599245e-01 -8.88144895e-02 -1.48691088e-01
  2.38320418e-02 -2.09357128e-01 -9.87328365e-02 -3.34637523e-01
  8.19079205e-02 -5.05514778e-02 -6.59999326e-02 -4.92793731e-02
  1.74968585e-01  1.30807787e-01 -1.21595770e-01  9.02520940e-02
 -5.68011925e-02 -9.15338546e-02  2.00342550e-03  1.70892447e-01
 -1.18479028e-01  7.22486973e-02  1.14994697e-01  1.39571130e-01
  5.78071885e-02  9.79678482e-02 -2.09301546e-01  6.81170970e-02
  8.14327076e-02  2.77139962e-01  1.60484448e-01 -2.30850801e-02
 -2.15070963e-01  1.28762927e-02  2.31750339e-01  1.23091497e-01
  3.26088145e-02 -1.04661867e-01 -2.97200996e-02  1.75846577e-01
 -5.12992637e-03 -4.78769094e-01 -6.92710504e-02  8.94400626e-02
 -2.61275113e-01  5.31527773e-02 -4.60506007e-02 -1.70542616e-02
 -9.70573723e-02 -3.66040692e-02 -2.97443643e-02 -2.34157458e-01
  1.37546614e-01 -2.80012429e-01 -7.94361085e-02  7.34770969e-02
  1.48517624e-01 -6.21061064e-02  2.66635548e-02  1.65533677e-01
  2.60116439e-02 -4.50283736e-02 -6.54883236e-02  1.69575065e-01]"
1d950fea2cf13cdee023eb5f9388348a01e0e38caa07c2aaccd12de9242d2ed6,dog_013.png,Pug,Photograph,Urban street / city sidewalk,Walking on leash,False,"Fawn pug walking toward camera on a red leash along a sunny city sidewalk with blurred pedestrians, cars, planters, and a coffee cup in the background.","[-4.49075811e-02 -6.26846999e-02 -7.40509853e-02  1.39403746e-01
  2.39794537e-01  2.69931883e-01  3.17530632e-01  2.03785207e-02
 -1.33662196e-02 -1.88167877e-02  2.75610387e-01 -1.48963884e-01
 -1.93682209e-01  2.46538162e-01 -1.93116337e-01 -2.63136532e-02
 -1.11123152e-01 -6.60495684e-02 -1.35677010e-02 -2.18253657e-01
 -2.24025801e-01 -4.44849916e-02  9.95845422e-02  1.42597616e-01
 -1.98178262e-01 -2.91038275e-01 -6.46317750e-02 -2.86313862e-01
  1.44880023e-02 -3.25284570e-01  6.51145577e-02  4.20827195e-02
  6.37753308e-02  2.44602233e-01 -2.52213717e-01  2.71624207e-01
  4.19472694e-01 -1.34429023e-01  9.03895721e-02  1.12998843e-01
  2.78149337e-01  1.44893661e-01  1.38621122e-01 -6.40332177e-02
  6.81504011e-02  6.91970140e-02  9.56865400e-02  4.71966602e-02
 -1.08128883e-01 -3.27027380e-01 -6.62479028e-02 -3.06985497e-01
  1.04568802e-01  3.93822379e-02 -2.50358462e-01 -6.98009878e-02
  6.78145140e-03  1.62017420e-02  6.02522492e-02 -3.46107073e-02
  7.30176270e-02 -1.73244566e-01 -2.06957564e-01  1.22563064e-01
 -1.26808926e-01 -2.28890451e-03 -2.17991725e-01 -5.46024293e-02
  1.28477052e-01  1.62226439e-01  1.39928386e-01 -2.01779325e-02
  7.98975024e-03 -2.61342436e-01 -1.93114042e-01  1.33034345e-02
 -9.52028334e-02 -1.99607201e-02  2.35706091e-01 -8.41299742e-02
  1.46872759e-01 -6.08144626e-02  2.01465204e-01  3.47658277e-01
  1.52310625e-01 -2.50277072e-02 -7.82792121e-02 -1.73371315e-01
 -4.57413971e-01  2.12699622e-02 -1.70320436e-01  3.58461738e-02
 -1.97951034e-01  1.04246186e-02 -4.72072393e-01  1.79074064e-01
 -4.27790321e-02 -3.79996866e-01 -2.76572481e-02  2.57968530e-02
  1.13717318e-01  1.33166850e-01  1.36945233e-01  1.09602310e-01
  5.85791826e-01 -1.74758479e-01 -3.35789293e-01 -1.36854559e-01
  1.86815873e-01  2.74826825e-01 -1.14757635e-01 -6.43515587e-02
 -3.08855642e-02  1.92960471e-01  2.88710922e-01 -6.96515068e-02
 -3.41607451e-01 -1.13865443e-01  3.49044204e-02  6.28705099e-02
  2.72502340e-02  1.16890170e-01 -1.95223778e-01 -8.06972608e-02
  2.54040301e-01 -3.57922643e-01  1.87262204e-02 -6.47535243e-33
 -8.60246122e-02  2.04375625e-01  1.98346630e-01 -1.13117211e-01
  4.00375158e-01 -1.09396495e-01 -1.47046968e-01 -2.77844351e-02
 -1.72577456e-01  7.98499212e-02 -7.99896345e-02 -9.18645859e-02
 -5.46420319e-03  1.82088137e-01  8.50290284e-02 -4.34165269e-01
 -1.55363739e-01  9.51940492e-02 -3.89060541e-03  2.63245590e-02
 -6.37716055e-02 -9.90047008e-02 -6.85898885e-02 -1.20272920e-01
  2.05452964e-01  7.25095496e-02  6.47179633e-02  6.08600974e-02
  2.20748067e-01  2.56833285e-02 -1.29375560e-02  2.25297317e-01
  1.37651369e-01  1.06780969e-01 -3.78974795e-01 -1.87256575e-01
 -7.01063797e-02 -2.35764697e-01 -1.61226862e-03  2.29381949e-01
  2.58293301e-01  1.68720055e-02 -2.57236421e-01 -1.28545552e-01
  9.51310992e-02  4.47955728e-02 -1.03950366e-01  6.26523495e-02
 -3.06970745e-01  3.66048157e-01  2.29638040e-01 -1.65637881e-01
  7.21215457e-02 -8.89377296e-03 -5.51872738e-02  1.24692675e-02
 -1.07872769e-01  2.25569621e-01  1.06275612e-02 -4.28443104e-02
  4.75730360e-01  1.48977488e-01  2.02447757e-01 -1.16797499e-01
  1.58491269e-01 -3.54250789e-01 -1.73169374e-01  1.37031153e-01
  3.39171141e-02  4.46436405e-01  1.98345289e-01  2.01427653e-01
 -4.44708538e-04 -4.36726481e-01  4.15920585e-01  5.66594943e-04
 -1.17551394e-01  1.91296846e-01 -1.45218268e-01  4.22133058e-02
 -3.95355344e-01  8.72077197e-02  5.63158132e-02 -8.96894336e-02
  6.81566373e-02 -2.24958301e-01 -2.32947841e-02  1.92119971e-01
 -1.97756782e-01  1.09713443e-01  2.09191903e-01  2.76566863e-01
 -4.89450432e-03  9.80986059e-02 -3.75370868e-02  2.43923821e-33
  8.65610242e-02  1.23401128e-01  3.50717843e-01 -8.67308751e-02
 -4.04728912e-02  1.78776503e-01  1.10344030e-01  1.18622400e-01
  2.26005882e-01  1.22204915e-01 -3.82369190e-01  1.08991817e-01
  1.54571787e-01  3.14479023e-01  1.69573531e-01  1.24304280e-01
  4.93114702e-02 -5.49228452e-02 -2.19922632e-01  7.00991377e-02
 -4.31138307e-01 -8.08354840e-03 -7.17490315e-02  2.23924205e-01
 -5.22599258e-02  2.66404033e-01  2.78131574e-01 -4.41302024e-02
 -2.44234607e-01 -2.79106379e-01  2.61088043e-01 -3.16310138e-01
 -2.05454528e-01 -1.58282995e-01 -3.89602214e-01  5.48232496e-02
 -4.11560573e-02  2.23291934e-01 -1.95750535e-01 -8.30636322e-02
  1.25387058e-01 -4.11622636e-02  1.33426428e-01 -9.39252675e-02
  2.11068466e-01  9.92727056e-02 -1.00705922e-01 -4.30501997e-02
 -2.93812901e-01 -6.05958402e-02  2.11645849e-02  1.57699838e-01
 -8.06659926e-03  2.47871339e-01 -2.31020495e-01  1.50662616e-01
 -3.52863193e-01 -6.81335852e-02 -1.05723247e-01 -2.96007693e-01
 -7.36606633e-03 -5.12270704e-02 -2.45496809e-01  1.62226334e-01
 -1.29577473e-01 -3.43729347e-01 -4.43639643e-02  1.28957527e-02
 -2.84022954e-03 -4.63603623e-02  2.45443776e-01  4.17660713e-01
 -1.39434487e-01  1.88230276e-01  1.40139520e-01  2.48420745e-01
  2.52573133e-01 -1.69939578e-01  2.49491826e-01  3.70972902e-02
 -1.43061876e-01 -8.07481930e-02 -1.28718972e-01  1.41114637e-01
 -1.07487626e-01 -2.62700409e-01 -5.35162762e-02 -8.22438076e-02
  2.97245607e-02  2.50828136e-02  1.44451587e-02  4.41796660e-01
 -7.99271688e-02 -2.29357332e-01  3.92037742e-02 -9.65144622e-08
  2.19741464e-02 -9.41570103e-02 -1.41903669e-01 -1.14096329e-01
  1.85757905e-01 -1.20348008e-02 -1.61077216e-01  3.20786759e-02
 -1.93702146e-01 -6.82628006e-02 -8.08175355e-02  4.72565182e-02
  1.42008170e-01  2.96577841e-01  2.54584942e-02  2.30918750e-02
  7.92462751e-02  4.34926897e-03  9.14296582e-02  2.23845527e-01
 -3.56844008e-01  2.11814523e-01 -9.99690592e-02  1.86484292e-01
  6.32408783e-02 -7.29271993e-02 -6.97492957e-02 -1.39788494e-01
 -8.75020213e-03  1.07015923e-01  4.40029465e-02  2.92024761e-01
 -5.19375242e-02  1.76973373e-01  2.60404080e-01 -4.68442924e-02
  4.45254557e-02 -1.30449295e-01  4.43312787e-02  1.24667414e-01
  2.38494843e-01  4.69374061e-02  1.13176666e-01 -8.05976018e-02
 -3.51246893e-01  1.45924404e-01  4.24284041e-01 -4.81311411e-01
 -5.04388362e-02 -4.79943268e-02 -2.15160280e-01 -2.06129014e-01
  9.24849361e-02 -7.36645013e-02 -2.88172867e-02 -8.66935551e-02
 -3.80762778e-02 -3.46900791e-01 -1.85899466e-01  1.80350319e-01
 -1.41074238e-02 -8.56878888e-03  7.67781511e-02  2.91231632e-01]"
58f7700e340d0a78896e1af5eac2d3666825d198c48b9ec23bff9e54e5861aa6,dog_014.png,Pug,Photograph,Modern white kitchen interior,Eating from a stainless steel dog bowl,False,Fawn pug eating kibble from a stainless steel bowl on hex tile floor in a bright white kitchen.,"[ 2.18491137e-01  5.08304462e-02  5.37511744e-02  8.25399086e-02
 -2.09550634e-01  4.75127809e-02  1.49318799e-01 -2.00808272e-01
 -1.62571043e-01 -5.14579490e-02 -1.52696908e-01 -5.93070388e-01
  1.01822078e-01  4.25986320e-01 -1.28626674e-01 -4.35772032e-01
  1.54890075e-01 -5.55251688e-02 -9.46643651e-02 -2.69132257e-01
  1.57246545e-01  2.25568339e-02 -7.48453885e-02 -1.79515705e-01
  1.41918778e-01  6.68008775e-02  1.45085856e-01 -1.63296506e-01
  1.99114457e-01 -1.17096193e-01 -2.59275194e-02  1.90728027e-02
  2.65914947e-01  4.48950659e-03  1.00093320e-01 -7.67791942e-02
  2.36043096e-01 -2.57058650e-01  4.06259634e-02 -5.90945110e-02
  1.15379736e-01  4.87217717e-02  2.84629583e-01 -1.33280143e-01
  2.47137696e-02  2.18427647e-03 -9.15457755e-02 -1.01200864e-01
  2.47478988e-02 -2.62262225e-01 -1.65770650e-01 -2.54763067e-01
  2.84138620e-01  9.22417864e-02  6.79182541e-03 -1.06980436e-01
  1.73136383e-01 -1.88020512e-01  1.98223099e-01 -7.15643018e-02
 -3.29728611e-03 -1.34393618e-01  7.60275871e-02  2.55787075e-01
 -8.58861431e-02  2.49907840e-03 -2.27114856e-01  1.40274048e-01
 -1.02567472e-01  1.20011136e-01  1.02787921e-02  1.12587728e-01
  1.19689971e-01  1.73353493e-01  1.69112608e-01  1.38404414e-01
  3.13283200e-03 -4.19963002e-01  1.55024007e-02  2.17834517e-01
 -7.32716173e-02  3.15833241e-01  1.00442581e-01 -3.54345553e-02
 -2.96874270e-02 -2.39002332e-02 -2.72736829e-02 -1.39951766e-01
 -2.80371606e-01  1.39837563e-01  6.56804144e-02 -6.64422661e-02
  1.76497206e-01 -1.25172548e-02  7.69922063e-02  1.05736151e-01
 -1.37221083e-01 -2.56710410e-01  5.75700179e-02 -6.47114590e-02
 -3.31460595e-01  3.54995847e-01  1.49984285e-01  3.15410584e-01
  4.68102723e-01 -2.20802575e-01 -2.54094690e-01  2.68896192e-01
  2.50141881e-02  3.25426906e-02 -2.11391568e-01  6.89939484e-02
 -1.09252501e-02  9.39245597e-02  2.16759861e-01 -2.14706570e-01
  1.04718536e-01 -3.06864291e-01 -3.28464471e-02  7.02177361e-02
  2.39669919e-01 -1.84714735e-01 -4.50888067e-01 -2.60578864e-03
  2.72140175e-01 -2.54652321e-01 -2.22821996e-01  1.43640752e-32
 -1.88279703e-01 -7.90370256e-02  4.88303006e-02 -4.16236043e-01
  5.29263973e-01 -4.25956637e-01 -2.26161674e-01 -9.35562551e-02
  2.84503758e-01  3.53285447e-02  1.30529255e-01 -1.07314875e-02
 -1.95868269e-01  6.20623790e-02  2.14329436e-01 -2.82953054e-01
 -1.78219616e-01  7.09800944e-02  1.73744619e-01  1.27623215e-01
  8.83228481e-02  2.92225983e-02  9.78663638e-02 -4.14496548e-02
 -1.24411032e-01 -1.58945322e-02 -9.64235887e-02 -2.34173089e-01
 -1.42946213e-01  4.52147238e-03  3.78078014e-01 -4.53678407e-02
  5.71239693e-03  7.66989812e-02 -5.17716050e-01 -2.59133220e-01
  2.41336748e-02 -4.35188264e-02 -1.24781102e-01  1.96692050e-01
  3.25397372e-01 -6.44594207e-02  2.33168583e-02  2.59895682e-01
 -1.20370267e-02 -2.41274774e-01 -2.51875967e-01  4.14244145e-01
  1.48261115e-01  9.46363434e-02  6.08974695e-01 -9.45029855e-02
  2.27303326e-01 -1.10123746e-01  7.10895658e-02  6.73558339e-02
  1.99956611e-01 -3.28611255e-01 -9.78840292e-02  9.87243876e-02
  2.88289078e-02  1.54976591e-01  7.50135407e-02  3.12876850e-01
  5.24261221e-02 -5.41722178e-01 -3.67456907e-03 -5.78866946e-03
 -2.62601674e-01  1.60485223e-01 -2.10547037e-02 -9.35616791e-02
 -1.41906172e-01 -5.59727907e-01 -2.05550805e-01 -1.00629598e-01
 -8.00605565e-02 -3.69814485e-02 -1.02835111e-01 -7.57915601e-02
  3.96562129e-01 -5.54929413e-02 -1.79043010e-01 -1.01978719e-01
 -2.83632398e-01  2.93345362e-01 -5.47389425e-02 -9.35267191e-03
  2.90686160e-01  1.68989614e-01  1.03441235e-02  2.74326429e-02
  6.65822625e-02  4.83182147e-02 -2.53383636e-01 -1.16376395e-32
 -3.02992892e-02  8.19825754e-03 -1.12747610e-01  3.87114346e-01
  5.06631611e-03  1.59165114e-01 -1.70373052e-01  1.18226655e-01
  3.56914327e-02 -1.27316620e-02 -1.23054273e-01  2.03931957e-01
  2.53600627e-01  1.47812173e-01 -6.53401390e-03  2.76138932e-01
  2.72749245e-01  5.74410483e-02 -1.02471180e-01 -3.38424295e-01
 -3.56652677e-01  5.90919629e-02  2.58804187e-02 -3.58440839e-02
  6.74882010e-02  3.77360731e-01  2.28278816e-01  2.86834210e-01
 -3.43825996e-01 -1.69017494e-01  2.14896679e-01 -1.80795342e-01
  2.15884730e-01 -8.65477398e-02  9.49038789e-02 -2.60872371e-03
  7.28677735e-02 -7.91670159e-02 -1.30593628e-01 -3.76937270e-01
  2.44212136e-01  2.48098895e-02  1.89570561e-02  3.76418710e-01
  7.38553926e-02  5.19477189e-01  1.14813179e-01 -1.26859486e-01
  2.37860411e-01 -2.53196042e-02  9.07789767e-02  3.29197317e-01
  1.46302521e-01 -1.44555187e-02 -1.08508870e-01  2.39452779e-01
 -7.14441240e-02 -4.93222177e-02  9.78269577e-02 -2.37379253e-01
 -3.50565240e-02  1.48054119e-03  5.91488881e-03  2.29300439e-01
  2.45601591e-02 -2.58800805e-01 -7.70376027e-02  1.32699683e-01
 -1.53009430e-01 -1.30963802e-01  5.16975485e-02  3.24432373e-01
  3.25955413e-02 -2.21212849e-01 -1.86785609e-02  2.81994939e-01
  5.11834249e-02 -9.26733613e-02 -3.30030099e-02  7.77962133e-02
 -2.74106294e-01  1.30256921e-01 -6.98205009e-02  1.22699849e-01
 -3.02693695e-02 -2.37982556e-01 -2.47518077e-01  1.76074728e-01
  1.63269237e-01 -7.60696381e-02 -1.83051720e-01  2.87408590e-01
  3.64632793e-02 -3.96008134e-01  4.08461303e-01 -9.77559296e-08
  2.22982585e-01 -3.42215359e-01 -3.05448443e-01  2.62153614e-03
  3.12951028e-01 -1.78838849e-01 -2.26426736e-01 -3.44578862e-01
 -2.64491159e-02 -7.06027523e-02 -1.49351940e-01 -1.09625921e-01
 -1.18868858e-01 -7.03773499e-02  3.97287589e-03 -1.07823811e-01
  1.96718022e-01 -9.85927209e-02  7.44860470e-02 -8.09080806e-03
 -3.64450544e-01  2.57889330e-01  1.78927884e-01  4.88209762e-02
 -2.03938752e-01  5.05115427e-02 -9.93082523e-02  1.66243747e-01
 -1.23152360e-01  2.16579288e-01  1.02574579e-01  2.09285244e-01
 -3.43820453e-01  1.17297992e-01  1.46499634e-01 -1.48178101e-01
  3.60370614e-02 -1.19071439e-01  3.73012759e-02 -1.27809644e-01
 -2.40629613e-01 -2.25102365e-01  5.11441790e-02 -1.40174672e-01
 -5.38925707e-01  1.52141824e-01  6.06058687e-02 -4.29086667e-03
  2.97613978e-01 -8.84563997e-02 -4.80421223e-02 -7.37123843e-03
 -9.94122326e-02 -8.61199386e-03 -9.38960090e-02  9.97125208e-02
  2.60307878e-01 -4.35048670e-01  1.15890734e-01  4.05933022e-01
  1.37613639e-01  4.58464622e-02  1.33586124e-01  2.52513200e-01]"
f5b2bc1238a988d93243a96909c758289487917eeaa9eb21758dde0eb2936331,dog_015.png,Pug,photograph,studio (plain white background),sitting/posing,False,"Close-up studio portrait of a fawn pug wearing a dark blue bow tie, looking slightly upward against a white background.","[-2.96911430e-02 -2.05310136e-02 -6.88344464e-02  4.84619327e-02
  1.45737808e-02  6.13757707e-02  5.46168424e-02 -6.89579323e-02
  8.64667520e-02  1.87047422e-02 -1.58809394e-01 -1.21787950e-01
 -1.53883651e-01 -5.03710508e-02 -2.34789237e-01  5.92275597e-02
 -2.53779113e-01 -1.04548000e-01  2.11927339e-01  9.39008966e-02
 -2.47637883e-01 -6.58458844e-02  5.01300804e-02  7.37138242e-02
 -8.68132040e-02 -3.95724505e-01  3.92137095e-02  1.26703098e-01
  2.62167841e-01 -2.07391128e-01 -2.01189652e-01 -1.38908044e-01
  2.07192630e-01  2.68929034e-01 -3.93598706e-01  1.40189216e-01
  3.64998728e-01  2.71771133e-01 -5.13624474e-02  7.99774304e-02
 -6.08556904e-02  2.39679262e-01 -1.16411261e-01 -8.20024461e-02
  1.99748993e-01  2.15419188e-01 -2.21290261e-01  1.20924711e-01
 -1.18835226e-01  8.06450099e-02 -1.00270763e-01 -4.87683773e-01
 -1.51780238e-02 -1.39913514e-01  4.15393943e-03  2.41371557e-01
  1.97321907e-01 -2.34545037e-01  2.17417285e-01 -1.08406693e-02
  1.66499496e-01  8.81782100e-02 -2.62390316e-01  1.72669917e-01
 -4.41710614e-02  5.95081272e-03  7.17388541e-02  1.57944679e-01
 -1.42856315e-01 -7.73912817e-02  2.38662243e-01 -2.82616287e-01
 -1.32732794e-01 -2.08777755e-01 -9.66079980e-02  1.49820492e-01
 -1.15301780e-01 -1.60978273e-01  2.58090436e-01  8.83855671e-02
  1.93174630e-01  3.88179086e-02  4.70636375e-02  2.58958250e-01
 -1.46824524e-01  8.23056921e-02 -1.82711095e-01 -2.56820500e-01
 -6.13020122e-01 -1.14531524e-01  7.00365199e-05  1.29985288e-01
 -7.03518689e-02 -9.46944132e-02  1.76848307e-01  3.48921299e-01
  3.75637338e-02 -3.71762998e-02  3.01524866e-02  1.03856914e-01
  1.52085409e-01 -8.37890729e-02  3.39904487e-01 -5.73718622e-02
  5.45463502e-01 -1.92146331e-01 -8.60017166e-02  7.52109215e-02
  1.38090804e-01 -2.57607847e-01 -8.38114545e-02 -9.11967754e-02
 -1.34896785e-01 -3.12233288e-02  2.49943018e-01 -5.23401722e-02
 -2.10909009e-01 -1.49184063e-01 -1.33508975e-02 -3.39056514e-02
  1.71053171e-01  4.59937245e-01 -2.41132423e-01 -1.42845064e-01
 -4.53537628e-02 -3.27385336e-01 -2.21184283e-01 -6.63550168e-34
  3.18525583e-01  1.16919138e-01  2.62675490e-02 -1.61777183e-01
  3.57261628e-01 -4.04773690e-02 -1.59442931e-01 -1.06331632e-01
 -2.16905043e-01  2.90753782e-01  1.15015693e-01 -2.61346586e-02
 -3.29146862e-01  6.59548342e-02  6.78174570e-02 -1.77026436e-01
 -1.15710020e-01  8.56349990e-02 -4.27461825e-02  1.17068455e-01
 -2.09945440e-01 -1.15270242e-01 -4.76439260e-02 -2.94104725e-01
 -3.13163400e-02  1.32824764e-01  2.93750554e-01 -1.40080929e-01
 -1.89963356e-01  7.38935499e-03 -5.62648894e-03  8.92025083e-02
  2.16944486e-01 -1.58790991e-01 -4.75796223e-01 -3.65215510e-01
 -6.80459589e-02 -2.57359087e-01 -4.61431034e-02  4.44627970e-01
  4.18849438e-01 -3.23551754e-03 -3.25830609e-01  1.99876860e-01
 -1.49974450e-01 -8.02510008e-02  4.46836650e-02  1.79114729e-01
 -2.20321208e-01  4.81205523e-01  3.30392778e-01 -5.43371923e-02
 -1.47611797e-02 -1.64349154e-01 -1.57385811e-01  1.65595319e-02
 -1.00978063e-02  3.64519330e-03 -4.63398872e-03 -1.22394092e-01
  3.12201023e-01 -1.14204712e-01  5.63871376e-02  1.16021764e-02
  9.33663324e-02 -5.47694741e-03 -1.14012055e-01 -1.73299033e-02
  5.53827398e-02  1.53417870e-01 -2.52479494e-01  2.55205072e-02
 -2.28233337e-01 -3.72461319e-01  5.69850765e-02 -4.68914546e-02
 -7.29935318e-02  2.81531245e-01 -1.40760632e-04  2.10900307e-01
 -2.79990524e-01  1.23734549e-01 -8.53966326e-02 -9.04876515e-02
 -1.15224004e-01 -3.35416764e-01  6.34610876e-02  2.44084194e-01
 -5.59567995e-02  1.36643186e-01  1.35100886e-01  1.10055193e-01
  3.62216565e-03  1.31340250e-01  6.87959697e-03 -5.72705026e-34
  1.08620904e-01 -7.04529881e-02  1.09968178e-01  5.59149273e-02
  2.33687058e-01  7.76329860e-02  6.09223321e-02  1.13099746e-01
  9.85604618e-03  1.15161454e-02  2.64727592e-01  1.88536182e-01
  4.89813089e-02 -7.06441104e-02  2.80933350e-01  8.52295011e-02
  3.20267268e-02  2.06694707e-01 -1.46766037e-01  1.69161465e-02
 -4.35515717e-02 -1.24519788e-01  2.38296553e-01 -5.50178774e-02
 -8.17896575e-02  2.77064651e-01  1.47945315e-01 -2.19115540e-01
 -1.39716910e-02 -2.55335979e-02  2.19420105e-01 -2.84838647e-01
  9.14668813e-02  2.00190634e-01 -4.37456608e-01  1.10711753e-02
  1.27693683e-01 -2.20444307e-01 -3.51360324e-03  2.09725536e-02
  1.78139776e-01  1.52775422e-01  1.09637037e-01  1.21549889e-01
  5.06288148e-02  7.49777034e-02 -2.84173042e-01 -8.41529220e-02
 -3.52133587e-02 -6.75218105e-02 -3.06871794e-02  1.47839233e-01
  3.25989574e-01 -2.05754936e-02 -2.35611513e-01 -6.13819771e-02
 -3.18344921e-01  6.02990091e-02 -4.93863598e-02  1.78543434e-01
 -1.20000936e-01 -1.37743890e-01 -1.87358513e-01 -8.46392140e-02
 -2.08974462e-02  2.22777482e-02  3.42624523e-02  7.36222491e-02
 -3.77427042e-01 -5.45748994e-02  1.44001558e-01  1.41927928e-01
 -1.09235398e-01  1.87776014e-01  1.75098300e-01  1.13414094e-01
  2.44390622e-01 -1.26960769e-01  3.43414009e-01  1.91253766e-01
 -4.02960718e-01 -5.33641204e-02 -1.55515432e-01  2.90594161e-01
 -7.97796994e-02 -5.69146350e-02 -4.62820530e-01  3.61071587e-01
  6.02672994e-02 -4.01461720e-02 -2.90477443e-02  4.50412750e-01
 -3.07854917e-02 -3.38427454e-01  2.91340023e-01 -9.67261897e-08
 -5.27477972e-02 -1.18227303e-02 -6.41342029e-02 -1.19743720e-01
  1.57425731e-01  1.14733852e-01 -3.04657727e-01 -2.89569378e-01
 -9.47012082e-02 -9.92751345e-02 -6.91316202e-02 -8.22343118e-03
  2.12161727e-02  7.90290087e-02 -1.28197402e-01 -1.65468454e-01
 -2.53276795e-01  6.31174892e-02  9.25536975e-02 -7.79431090e-02
 -1.84139937e-01  2.44269148e-01  1.14259057e-01  9.92782936e-02
 -1.47099018e-01 -1.07906759e-02 -1.02901280e-01  1.54606849e-01
 -2.89629489e-01  5.80311358e-01  1.14879131e-01  4.13347244e-01
 -2.18259588e-01 -2.11255386e-01  1.17852546e-01 -3.82486507e-02
 -5.36131524e-02 -1.06319666e-01  1.33478446e-02  2.17364907e-01
  3.30172479e-01 -2.57821560e-01  9.27929059e-02 -1.15098869e-02
 -1.05908751e-01  1.64186075e-01  7.04770148e-01 -2.13859215e-01
 -7.54140457e-03  5.22512523e-03  4.19923142e-02 -2.90067852e-01
  1.63498133e-01 -2.00026091e-02 -1.34923562e-01  7.36488774e-02
  1.08519092e-01 -4.58401069e-02  9.78162363e-02  1.29433393e-01
  4.02645394e-02 -3.99525166e-02  6.27555326e-02  2.74375767e-01]"
682caf9c7bb0d8cdad03a26c70ab5c1ecc60d8a194f32483a160bc5d5460cae0,dog_016.png,Pug,Pencil sketch/illustration,Park/grass with trees,Playful — chasing/playing with a ball,False,"Black-and-white pencil sketch of a happy pug in a park, running toward a tennis ball with tail curled and an excited expression; trees and grass in the background, signed 'A. Chen'.","[ 1.57373428e-01  1.17301412e-01  3.55976969e-02 -8.19526091e-02
 -2.20260192e-02  8.14048797e-02  2.96067983e-01  1.62796397e-02
  6.06709309e-02  1.24331392e-01  4.95280419e-03 -1.58756167e-01
 -1.19944148e-01  8.47304165e-02  1.10165328e-01  1.13602512e-01
 -1.65082112e-01 -1.74370512e-01  2.12186754e-01 -6.93703741e-02
 -3.71837951e-02 -7.82894120e-02 -4.49022278e-02 -3.21250632e-02
 -1.74678311e-01 -1.05183482e-01  9.63652693e-03  2.34939475e-02
  1.15146235e-01 -1.99896276e-01 -1.02556124e-01 -8.16650465e-02
  1.93927765e-01  1.69994041e-01 -9.33765098e-02  1.64737418e-01
 -1.10574678e-01 -6.48902282e-02  1.19988061e-01  1.17671721e-01
  5.56532387e-03 -1.72041953e-01  5.51130297e-03  3.75502519e-02
  6.39401423e-03  6.08268529e-02  5.78159019e-02  1.58572972e-01
  1.76435467e-02 -2.41547767e-02 -1.46688307e-02 -1.72963604e-01
 -7.96107575e-02 -3.00445020e-01  1.61124736e-01  1.46529615e-01
  2.17303544e-01 -2.96954159e-02  5.01023978e-02 -1.45270631e-01
  1.48328096e-01  4.19138148e-02 -7.24110380e-02  1.08370274e-01
 -4.10930142e-02 -2.92958558e-01 -1.00010425e-01  5.57582118e-02
  3.28784995e-02  1.18001504e-02  1.06966600e-01  2.25581601e-02
 -1.20392121e-01 -1.74361646e-01 -4.49126549e-02  2.51295358e-01
 -1.15841441e-01 -4.19246405e-02 -1.63417105e-02 -2.76391506e-01
  6.64170608e-02 -7.48106390e-02 -1.93297490e-01  1.57724246e-01
  2.57089622e-02  1.96840644e-01 -5.92792518e-02 -1.05671853e-01
 -1.16372854e-01  2.27472913e-02 -1.49372697e-01  3.57702933e-02
 -1.13669951e-02  6.06735758e-02 -2.91399658e-01  8.56117457e-02
  3.83475050e-02 -2.27682933e-01  3.93378735e-02  2.17695028e-01
  1.77980572e-01  1.24579586e-01  2.79298306e-01 -4.67988066e-02
  2.66046047e-01 -8.51064920e-02 -3.46848100e-01  4.79277521e-02
  2.75724679e-01 -1.53889939e-01 -2.46432662e-01 -1.58186749e-01
  6.69776574e-02  2.17306376e-01  3.13863419e-02  4.55914857e-03
 -2.79646907e-02 -8.46941322e-02 -2.54423060e-02  3.94479744e-02
  1.63590968e-01  1.34570539e-01 -2.27793634e-01  4.88717183e-02
 -5.14449403e-02 -1.84783805e-03  1.33822352e-01 -1.20796430e-32
  1.40666544e-01 -2.52986699e-02  2.40082040e-01 -1.00057401e-01
  1.28097549e-01 -5.50218634e-02 -6.26545176e-02 -2.99162835e-01
 -1.64857551e-01  1.46265462e-01 -3.74576151e-01  4.09926325e-02
 -2.71992888e-02  1.10106163e-01  7.56517127e-02 -1.98472187e-01
 -1.48705870e-01 -5.57309538e-02  8.67870152e-02  1.44028351e-01
 -2.10384935e-01  1.41833916e-01 -7.78262615e-02 -1.64809912e-01
  3.67347933e-02  3.18963796e-01  1.69440940e-01 -1.87172830e-01
  1.33732229e-01 -3.39706466e-02 -8.21954384e-02 -4.64559458e-02
 -1.36313334e-01 -1.36345163e-01 -8.88677686e-02 -2.19545305e-01
 -1.24522969e-01 -2.28870749e-01  1.59809351e-01  9.65754688e-02
  1.11784436e-01 -1.29769087e-01  2.54168883e-02  5.57120591e-02
 -2.69479631e-03  8.35972130e-02 -8.44566002e-02  8.05340335e-02
 -2.35342160e-01  1.82539254e-01  5.16151898e-02  4.66582291e-02
  3.04040998e-01 -1.21025860e-01  3.62960659e-02 -2.44745463e-01
  1.67434081e-01  1.36083350e-01 -3.17157432e-02  6.16055802e-02
  2.88234413e-01  1.24112204e-01 -8.37555826e-02 -9.14987698e-02
 -1.05844870e-01 -3.36868577e-02 -1.60393775e-01 -8.62249807e-02
  1.18255146e-01  6.45137504e-02  4.27627042e-02  2.54860193e-01
 -1.34829044e-01 -3.43506962e-01 -6.86280197e-03 -1.99415252e-01
 -9.77775231e-02  1.39587790e-01 -1.87990531e-01 -3.26511450e-02
 -2.15312868e-01 -7.06518143e-02 -1.79661557e-01 -2.69245267e-01
 -1.54402941e-01 -3.10112033e-02  2.56540835e-01 -9.27865952e-02
 -2.28558898e-01  2.29020864e-01 -2.40839899e-01  1.81285724e-01
 -6.90283850e-02  1.05949506e-01  5.29183224e-02  6.06233000e-33
 -1.20434016e-01 -4.36426923e-02 -3.98335466e-03  3.01396102e-01
  2.75251601e-04  1.87338844e-01  5.10990024e-02 -8.96793380e-02
 -6.59463853e-02 -5.72145358e-02 -1.11371309e-01  1.38018504e-01
  2.30683312e-01  6.66463971e-02  1.44800574e-01 -2.82622632e-02
 -6.65497128e-03  2.39437893e-01 -2.74148494e-01  9.34359878e-02
 -1.07735738e-01  1.61940992e-01  1.05460800e-01  1.88300028e-01
 -5.80503717e-02  2.38649622e-01  3.45309615e-01 -2.95897186e-01
 -3.50560457e-01  1.45971313e-01  1.11082561e-01 -1.46236882e-01
 -1.04367830e-01  1.11605838e-01 -1.54355466e-01 -2.93229342e-01
  2.48831987e-01 -2.02758789e-01 -6.07295893e-02 -3.74950692e-02
  2.62060791e-01  8.78570154e-02  2.28886753e-01  2.91609377e-01
 -8.12561158e-03  2.51883835e-01 -1.44763038e-01  1.43104374e-01
 -2.61071533e-01  2.00290546e-01  1.66131221e-02  8.69922247e-03
  7.78636113e-02  1.92344822e-02 -7.61104375e-02 -1.95811883e-01
 -1.94100022e-01 -6.49098605e-02  6.70028925e-02 -1.51268020e-02
 -3.23760867e-01 -6.06891839e-03 -2.95620054e-01  9.02036354e-02
 -4.96251434e-02 -1.87677041e-01 -7.35995695e-02 -9.38075036e-02
 -9.15962830e-02 -2.90623784e-01  4.13886495e-02  2.89641470e-01
 -7.39976838e-02  9.84746814e-02  6.13090023e-02  2.38939151e-01
  1.54380396e-01  9.97187942e-02  5.92637062e-02  5.00243120e-02
 -2.80721784e-01  7.35094026e-02  1.17889427e-01  1.05137654e-01
  1.14707288e-03 -1.46028455e-02 -3.05944771e-01  1.65910900e-01
 -1.19144134e-01  7.13563412e-02  1.64737195e-01  5.44095635e-01
 -5.00391759e-02  2.29490232e-02  9.67251062e-02 -9.84471242e-08
 -3.91721129e-02  1.03366204e-01 -1.67343635e-02 -2.51545429e-01
  1.49145052e-01  1.85548097e-01  7.67633244e-02 -1.80599958e-01
 -1.79086383e-02 -1.61460891e-01  1.65793091e-01  1.65011082e-02
  4.19729427e-02  1.34441599e-01  1.58516452e-01  9.38718617e-02
  9.25841406e-02  9.00717229e-02 -3.65019254e-02  1.80014014e-01
 -2.32679665e-01  4.40220982e-02  1.29483012e-03  2.19306380e-01
 -2.11130306e-01 -4.62235603e-03 -6.99400306e-02 -1.68768749e-01
 -6.02068268e-02  1.13482878e-01  1.50773391e-01  1.84002280e-01
 -6.38291836e-02  7.65658496e-03  2.24469244e-01  1.61769539e-01
  1.78763326e-02  2.77297795e-02  1.11307040e-01  3.43150914e-01
 -1.72358721e-01  4.43273038e-03 -7.88909569e-02 -2.31922701e-01
 -2.89490551e-01  6.62926808e-02  2.44233131e-01 -2.39248618e-01
 -9.82364342e-02  6.79205135e-02 -2.96690375e-01 -1.57480001e-01
  7.94544145e-02 -2.41612330e-01  7.11940415e-03 -8.50501657e-02
 -8.14609751e-02 -1.73132360e-01 -1.98454604e-01  1.82165489e-01
  5.95638864e-02 -2.33125631e-02 -2.17259321e-02  1.94304228e-01]"
c689dc7f61c1143752814aefc639c7f93289cf3825fb9d82c1b2b7e72ef1a1e8,dog_017.png,Pug,watercolor painting,flower meadow,sitting,False,Watercolor illustration of a fawn pug sitting in a colorful wildflower meadow with butterflies and soft pastel background.,"[ 2.13179767e-01  4.34473716e-02  1.78665221e-01  4.24402282e-02
  2.14247599e-01  1.10240802e-01  2.33128443e-02 -3.73233736e-01
 -1.22206733e-01 -7.79830664e-02 -1.62441805e-01 -3.94757271e-01
 -2.26564974e-01  6.77703694e-02 -1.53129950e-01  1.85359374e-01
 -2.58462220e-01 -5.10537066e-02 -2.84229014e-02 -4.41844389e-02
 -2.27257699e-01  9.19662341e-02 -1.59643561e-01  2.52510667e-01
 -3.92866582e-02 -2.94626176e-01 -2.15965927e-01  2.16563731e-01
  3.06032926e-01 -4.64423776e-01 -8.66157189e-02  4.93306741e-02
  2.93964565e-01  4.08614054e-02 -8.62423480e-02  2.45326787e-01
  1.53699934e-01 -2.26688072e-01  4.13526833e-01 -3.62209417e-02
  1.84456408e-01 -1.37563556e-01  5.13065420e-02 -8.15760568e-02
 -9.93439406e-02  3.61543037e-02 -7.75673389e-02 -6.94828760e-03
  2.53808126e-02 -2.13001639e-01 -1.70088619e-01 -4.20200467e-01
 -3.71743083e-01 -1.67976856e-01 -3.19756001e-01  1.13488801e-01
  1.15531191e-01 -3.38324994e-01 -1.26825467e-01 -1.81410819e-01
  8.91007558e-02  1.67711481e-01 -1.75990030e-01  2.43222713e-01
 -2.08570018e-01  5.74496621e-03 -3.29632133e-01  1.32441550e-01
  3.69815081e-01 -3.74216139e-01 -6.88759983e-02  1.28963962e-01
  1.81031525e-02 -3.22896689e-01 -3.58537167e-01  2.00372711e-01
 -2.54824340e-01  1.71304669e-03  2.78576523e-01 -9.89576280e-02
  2.08039463e-01  3.63203920e-02  3.28626484e-01  1.97376356e-01
  9.40312818e-02  9.12521686e-03 -2.23500118e-01 -1.68686643e-01
 -5.71402371e-01 -2.08038792e-01  1.50193721e-01 -1.40374944e-01
 -1.80849403e-01  2.10595533e-01 -2.96104938e-01  4.47434723e-01
  1.63436502e-01 -5.19199252e-01  1.05796941e-01 -1.57457277e-01
 -5.17632402e-02  2.45931372e-02  4.75105077e-01 -5.13254404e-02
  5.05251944e-01 -3.59562427e-01 -1.85195073e-01  4.49136160e-02
  3.33115101e-01 -2.76771992e-01 -3.77881706e-01 -6.12339973e-02
 -5.53290322e-02  2.88971245e-01 -1.23008616e-01 -7.38958493e-02
 -2.50664115e-01 -4.59634036e-01  5.78446388e-02  7.58643225e-02
  2.03787073e-01  2.50039071e-01 -1.62005395e-01 -1.45820692e-01
  7.30171502e-02 -2.40715757e-01 -1.28647268e-01  3.56776935e-33
  9.05977115e-02  2.27990653e-02  2.05667932e-02 -4.35036048e-02
  6.33576155e-01 -2.19657317e-01 -1.34959787e-01 -3.68091524e-01
 -2.48548284e-01  5.13635464e-02 -1.55142611e-02 -8.02002847e-02
 -1.55049548e-01  2.71696448e-01  4.97919470e-02 -4.42352802e-01
 -1.23105898e-01 -1.91786990e-01  6.04246072e-02  1.22210830e-01
 -4.13211673e-01  1.59204781e-01 -2.68315524e-01 -2.21494824e-01
  1.21368803e-01  4.44321856e-02  9.32539403e-02  1.49597436e-01
 -1.88931286e-01  1.15674540e-01  3.38709295e-01 -1.35841399e-01
  6.17312863e-02  6.94025904e-02 -2.03722849e-01 -3.30192983e-01
  2.05536075e-02 -4.69967186e-01  9.17525664e-02  5.48369706e-01
  1.98238283e-01  5.48787303e-02  5.24356626e-02  1.76476493e-01
 -9.61350203e-02  2.76490562e-02 -1.08320542e-01  4.45051223e-01
 -1.61421672e-01  2.97362387e-01  2.67362535e-01 -1.18987508e-01
  1.26564726e-01 -7.47743323e-02  1.11760711e-02  4.41839546e-02
  3.73728573e-02  5.33703752e-02 -1.45448059e-01 -1.68666184e-01
  2.49982134e-01  1.25055388e-01  1.20740324e-01 -1.47725478e-01
  1.66963309e-01 -6.11686781e-02 -3.49770814e-01  1.32101148e-01
  6.46779984e-02  3.38245898e-01  3.24139386e-01  2.72913814e-01
 -2.67270267e-01 -6.08467400e-01  5.69733940e-02 -1.02654889e-01
  3.84179771e-01 -5.09414496e-03 -7.46040866e-02  4.14735764e-01
  1.62137434e-01  1.35854900e-01 -2.65760213e-01  2.55587287e-02
 -2.52427846e-01 -2.19297975e-01  2.02827051e-01  3.79343778e-01
 -1.08882390e-01 -7.80823529e-02  2.84473717e-01  2.13588312e-01
  2.57092357e-01 -2.73129642e-01  1.40620038e-01 -4.72029161e-33
 -4.68179025e-02  4.14803438e-02  9.55781192e-02  2.76635915e-01
  2.68675387e-01  1.35112911e-01  1.26647100e-01  7.88859576e-02
  1.13129392e-01  2.92447031e-01 -3.65275323e-01  5.60264170e-01
  4.36331220e-02  4.34951708e-02 -2.46564038e-02  1.59897640e-01
 -8.18390101e-02  6.33449759e-03  8.44589919e-02 -3.97227611e-03
 -4.44535732e-01  2.27181941e-01 -1.39094247e-02  2.37656116e-01
 -1.16524622e-01  3.16970974e-01  6.60798848e-02 -1.81749284e-01
 -2.46007204e-01 -3.13059211e-01  2.07439095e-01 -4.69510496e-01
  1.74242601e-01  5.17006703e-02 -1.63783938e-01 -1.33935601e-01
  2.91900665e-01 -1.73830584e-01 -2.87699979e-02 -1.16137311e-01
  3.25716913e-01 -1.80773839e-01  2.55290866e-01  1.25742644e-01
  2.15506494e-01  1.04311273e-01 -1.37795269e-01 -2.69887984e-01
 -5.60830384e-02  1.18735917e-01  9.96610336e-03  1.41227990e-01
  2.26030424e-01  3.00220758e-01  9.11999680e-03 -1.61478102e-01
 -2.10176542e-01  1.44872457e-01  7.79706705e-03  6.90259859e-02
 -1.16389781e-01  8.82802084e-02 -3.77083242e-01  3.75937253e-01
 -2.55217142e-02 -1.54859170e-01 -2.17658341e-01 -1.22029027e-02
 -5.16097784e-01  5.76748587e-02  1.19208731e-01  2.16003567e-01
 -5.67742623e-03  1.22835323e-01  5.82949281e-01  2.62244821e-01
  1.59815654e-01  4.95214872e-02  2.41231263e-01  2.88694113e-01
 -1.44639000e-01  1.76596433e-01 -1.13279969e-01  8.43610242e-02
 -1.62817061e-01 -2.95547664e-01 -4.40555066e-01  7.00099319e-02
 -5.06670028e-02 -2.32903138e-01  5.90693541e-02  5.36582410e-01
 -4.14829068e-02 -1.28073439e-01  5.14954805e-01 -9.74907195e-08
  3.18543136e-01 -2.89430171e-01 -7.11073205e-02 -2.60054827e-01
  2.32646540e-01 -2.46098205e-01 -7.65087754e-02 -2.89262921e-01
 -1.07616119e-01  1.03385806e-01 -2.75214046e-01 -5.92481233e-02
  3.42469141e-02  1.89415783e-01 -1.21231213e-01 -1.23130433e-01
  1.04970619e-01 -2.03629121e-01  8.37485120e-03  1.97857052e-01
 -3.77457112e-01  3.57933164e-01 -3.40533182e-02 -2.52017546e-02
 -6.67419359e-02  2.29913741e-01 -3.50380205e-02 -2.55449146e-01
 -4.69371863e-02  1.97253853e-01  3.25362414e-01  5.99860251e-01
 -5.03113680e-02 -3.97277512e-02 -1.10256799e-01 -8.35272819e-02
 -6.07577115e-02 -5.85139915e-02 -3.00943166e-01  1.05508126e-01
  1.65674061e-01 -1.59789905e-01  3.23620439e-01 -3.16178679e-01
  2.57395282e-02  1.51383281e-01  3.59102994e-01 -2.92057663e-01
  8.92590582e-02  1.17257714e-01 -1.24985531e-01 -2.41833106e-01
  2.69697219e-01 -7.00126495e-03 -1.73268020e-01 -2.04446539e-01
  1.29030198e-01 -3.09477430e-02  1.74546823e-01  3.01704794e-01
  1.53556783e-02  2.36525059e-01  7.73405507e-02  2.44739950e-01]"
39250fe3e8d5722a1cfc569c458e514ec04b2e3a2ca78f2bcdb30d6822c2746a,dog_018.png,pug,cartoon/illustration,tropical beach at sunset,sitting and smiling while wearing sunglasses and a flower lei,False,"Cartoon pug sitting on a sandy tropical beach at sunset, wearing mirrored aviator sunglasses (showing palm reflections) and a colorful Hawaiian lei, with palm trees, ocean waves, and starfish in the scene.","[-3.90058234e-02 -1.13199048e-01  4.79129069e-02 -1.92796532e-02
 -5.58166392e-02  8.25596899e-02  2.72712827e-01 -4.36450332e-01
 -1.37306169e-01 -2.24669874e-01  3.18359405e-01 -3.39777201e-01
 -1.04237072e-01 -5.85962571e-02  2.33742997e-01  1.50903270e-01
 -4.82274219e-02 -2.55526960e-01  3.72966290e-01 -6.28614128e-02
 -1.42125979e-01  1.83403656e-01 -3.93907338e-01  2.57573545e-01
 -2.13174686e-01 -4.37533036e-02  5.69783039e-02 -9.02654752e-02
  5.87887093e-02 -4.49719548e-01 -9.85637680e-02  1.20386653e-01
 -7.38865286e-02  2.29353324e-01  9.34786908e-03  2.40633324e-01
  5.83592057e-02 -2.72790849e-01 -5.11893220e-02 -1.77329302e-01
 -6.10121787e-02 -1.41130552e-01  1.41140267e-01  1.59870889e-02
  3.33108492e-02 -1.33695289e-01  9.75043178e-02 -9.49945450e-02
  2.29939550e-01 -1.08350031e-01 -7.26075098e-02 -1.84040293e-01
  5.13163097e-02 -2.66019970e-01  6.34527877e-02 -8.11234266e-02
  5.68485968e-02 -1.02019221e-01  2.58857340e-01 -3.69400024e-01
  1.63023978e-01  8.60145390e-02  1.77516416e-02  1.89943686e-01
 -6.87052496e-03 -2.14406520e-01  2.78868265e-02 -4.66979109e-03
 -9.56463069e-02 -1.86080620e-01 -2.07122579e-01 -2.55669542e-02
  2.17148229e-01 -3.74378376e-02 -4.41161662e-01  1.87661320e-01
 -8.64522606e-02 -2.84647018e-01  6.26652464e-02  7.48443156e-02
  1.35824710e-01 -6.42644912e-02  8.00503492e-02  3.36040705e-01
  1.50415286e-01  3.53808664e-02 -1.05377927e-01 -6.60068393e-02
 -3.30135316e-01  2.11751089e-02 -1.08482480e-01 -1.12003058e-01
  2.69768406e-02 -2.05116393e-03 -3.15157950e-01  1.50767609e-01
 -2.48700917e-01 -2.62941062e-01  5.92816360e-02  1.72462091e-01
  2.64769286e-01  1.87240362e-01  2.31485695e-01 -1.23680115e-01
  4.44164902e-01 -2.47339398e-01 -7.13140368e-02 -1.21973425e-01
  3.86236161e-01  1.13700770e-01 -3.49518448e-01  6.11006394e-02
 -2.79226333e-01  7.83482790e-02  5.76831251e-02  2.29067564e-01
  1.38033628e-01 -1.66565269e-01  3.89575474e-02 -1.17046736e-01
  2.74325192e-01  8.79627019e-02  1.10662714e-01  8.93379077e-02
  4.19129897e-03 -2.98023615e-02 -1.02182142e-01 -7.04884379e-33
  1.76121309e-01  9.68459845e-02  2.27911770e-01 -2.61121690e-01
  3.95766854e-01 -1.99891686e-01 -1.05803192e-01 -2.14042604e-01
 -6.46222532e-02 -3.06185987e-02 -2.43019342e-01  1.47583514e-01
 -2.92471915e-01  2.46221229e-01  1.89406127e-01 -3.66235018e-01
 -2.17892751e-01  7.71898776e-02 -2.21167415e-01 -2.26934478e-02
 -2.42341325e-01  1.19249523e-01 -2.25430891e-01 -3.72047797e-02
 -4.94464710e-02  2.74982691e-01  1.92284718e-01 -6.16613999e-02
  6.99830428e-02  1.37053981e-01  5.12021035e-02  2.07560025e-02
  9.16959271e-02  1.02274261e-01 -1.28767982e-01 -2.73051709e-01
 -1.51202440e-01 -1.80855647e-01  1.00976124e-01  3.11860263e-01
  5.10635853e-01 -1.63750023e-01 -2.10985512e-01  2.27582380e-01
 -2.12844580e-01 -1.24257751e-01  6.23754449e-02  1.06049320e-02
 -1.76640227e-01  1.74107015e-01 -1.04888082e-01 -1.44774482e-01
 -1.32784754e-01 -3.58321518e-01  7.42921829e-02 -1.45095766e-01
  1.24490671e-01 -4.92632650e-02 -8.45161900e-02 -1.96989045e-01
  4.64803353e-02 -1.07492022e-01  2.08582699e-01 -2.16486558e-01
 -6.62725046e-02  7.96562582e-02 -4.36816663e-02  1.54762506e-01
 -5.47902547e-02 -3.39163467e-02  8.63589048e-02  4.38826196e-02
  1.89273983e-01 -3.64727408e-01 -3.26524372e-03 -1.98748440e-01
  1.72866330e-01  1.76343381e-01 -2.66357273e-01  2.28466436e-01
 -1.82623923e-01  9.60667208e-02  2.31818557e-01 -6.93431869e-02
 -5.39590791e-03 -1.52654186e-01  1.01450868e-01  1.33996725e-01
 -1.49330676e-01 -1.10625714e-01 -4.09908034e-02  1.59588933e-01
  3.66114527e-01 -2.27275759e-01 -1.99193642e-01 -4.55384124e-33
 -1.16346493e-01  2.05816235e-02  1.26812130e-01 -1.77825913e-01
  2.46146709e-01 -5.11329845e-02  1.70323104e-01  2.15633616e-01
 -1.26268074e-01 -2.01894984e-01 -3.19110334e-01  1.72611475e-01
 -5.20405546e-02 -7.85469040e-02  1.31494716e-01  3.28526020e-01
  2.45686710e-01  1.23352826e-01 -1.66015118e-01  5.55195920e-02
 -1.01386972e-01 -4.18850221e-02  3.05246025e-01  4.19205338e-01
 -2.82567606e-04  2.99393713e-01  4.10277754e-01 -3.24242979e-01
 -9.45653617e-02  4.55376394e-02 -3.85778211e-02 -8.10579024e-03
  3.30246449e-01  3.00748020e-01 -3.21444303e-01 -1.72629245e-02
 -1.27914563e-01 -9.01571289e-02 -3.82057726e-01 -3.89742777e-02
  2.32378602e-01 -1.17761493e-01  5.74095249e-02  6.39167503e-02
 -9.14547741e-02  8.47182199e-02  4.37503345e-02  8.26827958e-02
 -1.82322368e-01 -1.66379929e-01  1.24432728e-01  4.95543145e-02
  1.98591501e-01  1.30618945e-01 -2.68785536e-01  1.15873516e-01
 -2.75578022e-01  1.15443282e-01  1.32856980e-01  9.83583853e-02
 -2.68211275e-01 -2.46941105e-01 -1.13037013e-01 -9.51925889e-02
 -1.14659034e-01 -1.34130612e-01 -5.96849658e-02 -6.02831580e-02
 -3.34501475e-01 -1.79245099e-01  6.25580177e-02 -3.10030170e-02
 -2.95336127e-01  8.37432444e-02  2.24270597e-01  1.79720566e-01
 -3.23433094e-02  8.40086564e-02  2.20385492e-01 -3.54987802e-03
 -4.17626858e-01  1.91834360e-01 -2.39887908e-01  2.33723551e-01
  8.17996711e-02 -9.65626091e-02 -2.56132513e-01 -4.33635041e-02
 -3.51717807e-02 -1.47186394e-04 -4.71543595e-02  5.62287331e-01
 -1.95373163e-01 -1.33906128e-02  4.86008078e-02 -9.87993261e-08
  4.20034140e-01 -1.90333918e-01  3.86441015e-02 -2.01795071e-01
  4.40232977e-02  3.70328873e-02  8.59404739e-04 -3.29196341e-02
  1.30107000e-01 -1.26331180e-01 -7.94926882e-02  2.07340959e-02
  2.74764061e-01 -1.88895110e-02  1.16493709e-01  1.04745887e-01
  7.49746561e-02  6.06886409e-02 -3.20263803e-02  1.33766457e-01
 -2.14073226e-01  1.51010364e-01  2.02811614e-01  2.38987029e-01
 -1.16008624e-01  2.98543036e-01 -1.70443635e-02 -8.57375748e-03
  6.82146624e-02  2.51356125e-01  1.63320541e-01  2.09336177e-01
 -4.76214290e-01 -2.04418242e-01  8.37800726e-02  7.92466402e-02
  9.63217616e-02 -2.71605372e-01 -6.17013546e-03  3.50648969e-01
 -3.26712914e-02 -3.12601298e-01  6.07440844e-02 -2.69740522e-02
 -2.24774510e-01  1.81370407e-01  3.51041496e-01 -1.65381417e-01
 -1.36348754e-02  1.37019465e-02 -1.88357860e-01 -9.33933705e-02
 -5.88085651e-02 -1.74236521e-01 -1.00569837e-01 -2.67336541e-03
  2.79082417e-01 -2.22819000e-01  6.19490743e-02  1.76131591e-01
  2.44024292e-01  3.05405557e-02 -1.61744300e-02  2.87889510e-01]"
15df87beaddff317e15b208186d9d8447aa5e8f5d2a6b1e35f3a718dd30ee310,dog_019.png,Pug,Classical oil painting / realistic painting,Ornate indoor parlor/sitting room with fireplace and window,Sleeping/lying on a cushion,False,"A fawn pug asleep on a red velvet cushion with gold tassels, set on an ottoman inside an ornate, warmly lit parlor with a marble fireplace, mantel clock, vase of flowers, upholstered chairs, patterned rug and heavy drapery, framed in a gilded picture frame.","[ 7.18944818e-02 -4.27088812e-02 -4.25192527e-02  2.37166613e-01
 -1.21145338e-01  1.61702096e-01  1.52484640e-01 -2.01265305e-01
  2.39615031e-02  1.18626757e-02 -1.23617008e-01 -1.07811466e-01
 -1.12972006e-01  8.34267065e-02 -9.26743597e-02 -6.25354499e-02
 -1.31150141e-01 -7.75189847e-02  1.04760125e-01 -3.32851410e-02
 -1.71544515e-02  6.96757203e-03  6.36885986e-02 -9.90594551e-03
  7.45282397e-02 -2.33232036e-01 -7.17301071e-02 -1.25279278e-01
  2.47386843e-02 -1.75219908e-01 -6.02906756e-02 -4.57249098e-02
 -5.10219075e-02 -8.95821303e-02  1.92468483e-02  3.14650744e-01
  1.43862352e-01  1.90864294e-03  5.98216951e-02  1.32467479e-01
  7.62128383e-02 -1.60206575e-02  1.04477685e-02 -3.93720455e-02
 -9.53582004e-02  6.27303794e-02 -4.21231426e-02  6.66557672e-03
 -1.54391557e-01 -6.13859929e-02 -1.40674844e-01 -1.35081202e-01
 -9.40265507e-03 -2.12699063e-02 -7.57406577e-02  6.62370324e-02
  1.16724141e-01  1.10980272e-01 -1.05354562e-01 -1.08496301e-01
 -5.17713279e-02  6.01570234e-02 -3.28055285e-02  5.90786859e-02
 -4.49624434e-02  2.94347443e-02 -8.72884691e-02 -5.56865067e-04
 -3.75695787e-02  4.04871926e-02 -6.04811832e-02 -1.78992823e-02
 -2.87321080e-02 -1.36367485e-01 -1.63158029e-01  2.12136819e-03
 -4.72987145e-02 -1.46435276e-01  2.29659677e-01  7.22975433e-02
 -6.37781713e-03  3.88083644e-02  7.42129758e-02  3.78484577e-02
 -2.42448580e-02 -6.23726435e-02  1.24051809e-01  1.26906938e-03
 -4.52245414e-01  5.68660572e-02  2.38818154e-01 -7.78411105e-02
 -1.73142236e-02  7.23878220e-02  1.86726917e-02  2.76596665e-01
  6.52683750e-02  4.18031700e-02  6.79468513e-02 -2.39405129e-03
  4.93390188e-02  2.58638948e-01  2.08640873e-01  1.54283136e-01
  2.07092658e-01 -7.39806667e-02 -2.17309356e-01 -4.33624871e-02
  8.53703469e-02 -1.91401392e-01 -2.29826808e-01 -1.11977041e-01
  1.63661018e-02  5.45930453e-02  6.50526956e-02  9.11713298e-03
 -4.75049131e-02 -1.14918396e-01  1.12572990e-01 -1.98399387e-02
  2.43650436e-01  2.31128260e-01  1.17987124e-02 -7.56600350e-02
 -9.11121431e-04 -1.69923097e-01 -1.37573510e-01  8.67287079e-33
  3.79416579e-03 -7.59381205e-02 -5.10767698e-02  2.95860935e-02
  3.20343882e-01 -8.40906277e-02 -1.80559039e-01  6.29977435e-02
  2.29822360e-02  2.74233162e-01 -5.63120283e-03  8.26443210e-02
 -9.29641351e-02  1.60516277e-02  1.39958754e-01 -2.17589810e-01
 -4.17884998e-02 -6.35581166e-02  6.38876781e-02 -6.75415620e-02
 -1.37658074e-01  3.22071344e-01  2.75465026e-02 -5.09516411e-02
 -1.58739984e-01  1.12700656e-01  5.79399355e-02 -7.44240955e-02
 -3.80408645e-01  5.68889640e-02 -2.81375647e-03 -5.98063283e-02
 -1.67042390e-02  3.02458201e-02 -3.59806418e-01 -1.65936127e-01
 -1.29894286e-01 -1.36965290e-01 -9.45466235e-02  1.27618015e-01
  2.02624604e-01  5.05664237e-02  2.51622442e-02  1.68555751e-01
 -1.49458542e-01 -3.74309197e-02  1.94984283e-02  1.73849717e-01
 -7.68225193e-02  1.53665796e-01  1.65368482e-01  4.34130989e-02
 -1.01005279e-01 -2.54831482e-02 -1.32531568e-01  6.14955723e-02
 -2.25660428e-02  1.64454859e-02  1.59462988e-01 -1.51246816e-01
  3.31682891e-01 -2.15369985e-01  2.00879410e-01 -1.75547227e-01
 -6.30694255e-02 -1.18874468e-01 -9.21020657e-02 -1.16246298e-01
 -7.80304288e-03  3.18186805e-02  8.60532969e-02  1.34632409e-01
 -3.71602923e-02 -1.95504934e-01 -6.23283014e-02 -1.39241256e-02
  5.55234328e-02  9.97704715e-02 -2.47995973e-01 -5.94433434e-02
  1.18763022e-01 -1.93684213e-02 -1.29614273e-04 -3.49796526e-02
  8.15809425e-03 -1.94581598e-01  5.14004081e-02  2.75392771e-01
 -1.28477275e-01  6.39767721e-02 -1.16749309e-01  4.03463133e-02
  1.75576463e-01 -1.81244254e-01 -2.67303437e-02 -9.95156987e-33
  1.57643616e-01 -2.27744743e-01 -4.52104621e-02 -2.57916120e-03
  1.33985206e-01  1.24147303e-01 -9.08517465e-02  2.40934547e-02
 -1.91679955e-01  1.97180048e-01 -9.33104455e-02  1.01407550e-01
  1.72718272e-01  1.67026487e-03  9.50850844e-02  6.77724183e-02
  1.52554721e-01  6.07965365e-02  3.20958570e-02  1.14896625e-01
 -1.68016315e-01  1.90594673e-01 -8.87133852e-02  2.38199934e-01
 -3.39250476e-03  2.02744737e-01  3.97175252e-02 -2.39338547e-01
 -1.89178899e-01 -2.02217549e-02  4.38255966e-02 -2.14183375e-01
  2.83492543e-02  6.99342787e-02 -1.77009255e-01 -1.03261657e-01
  1.91781193e-01 -1.13783821e-01 -2.54002064e-01 -3.59869766e-04
  3.21999222e-01  5.03933169e-02  3.04311905e-02  2.09607586e-01
  2.85969496e-01  3.29712406e-02 -3.05003792e-01 -5.89833260e-02
  1.07801169e-01  1.05778262e-01  1.95214953e-02  6.72465283e-03
  9.01013240e-02 -3.83269563e-02 -9.61707011e-02  1.86828114e-02
 -2.20115036e-01 -1.41701087e-01  1.47910401e-01  1.04414321e-01
 -6.15840890e-02 -3.96582410e-02 -1.87016297e-02 -2.48223580e-02
  5.14361151e-02 -5.49192056e-02 -2.44547084e-01 -2.62915087e-03
 -1.01717748e-01 -1.45834778e-02  2.41760194e-01 -7.37481378e-03
 -1.01588450e-01  1.74086079e-01  1.81707472e-01  1.13487683e-01
  2.39722162e-01 -1.15697682e-01  2.05705091e-01  2.42217015e-02
 -7.14852363e-02  8.78500286e-03 -7.44341239e-02  1.82780847e-01
 -9.88997892e-02 -2.91340888e-01  4.12095822e-02  1.09959878e-01
 -1.43400043e-01 -1.06636323e-01  3.42418585e-04  2.97188193e-01
  5.38471481e-03 -1.57271139e-02  2.78607041e-01 -9.88223050e-08
  1.04354367e-01 -1.94671735e-01 -3.26077193e-02 -1.51735330e-02
 -8.13023467e-03 -2.30443791e-01 -7.96105489e-02 -7.83128589e-02
 -1.67750686e-01 -1.10102795e-01 -3.41504104e-02 -1.31577328e-01
  1.70449585e-01  2.21632570e-02 -1.49153974e-02  1.30528912e-01
 -7.91749805e-02  1.65990338e-01 -1.00041581e-02 -1.28257215e-01
 -5.80652468e-02  2.03940406e-01  5.55132218e-02  7.02562705e-02
  4.67093810e-02  8.84628445e-02 -7.64867961e-02 -1.15791403e-01
 -7.10494965e-02  2.05603346e-01  3.68375070e-02  1.76375017e-01
 -6.92039654e-02 -6.31908253e-02 -1.55488312e-01 -3.55907008e-02
  4.47287895e-02 -1.96698308e-01  1.87247526e-02 -8.19619223e-02
 -3.02091818e-02 -2.74146259e-01  4.90312241e-02 -1.29040658e-01
 -4.40850668e-02 -8.63128994e-03  1.82292432e-01 -1.48975492e-01
 -3.94955911e-02  1.43117905e-01  2.92791072e-02 -4.08625565e-02
  1.78466782e-01  2.43543554e-03  2.37256940e-02 -1.86135769e-01
  1.49188593e-01 -1.49328960e-02  1.76686630e-01  9.89370346e-02
  1.02121226e-01  1.18098989e-01  9.14828107e-02  3.89941968e-02]"
cafa49c851d9da7216969ad76ec0003923b079cdee297269487439cb1e9dee59,dog_020.png,Pug,photograph,urban sidewalk/city street,walking,False,A fawn pug wearing a stuffed hot-dog costume (bun with ketchup/mustard squiggles) walking on a city sidewalk with blurred pedestrians in the background.,"[ 7.96445757e-02 -1.35063067e-01  1.19945467e-01  5.03820069e-02
  7.70898238e-02  1.39692336e-01  3.22597772e-01 -1.13983668e-01
 -2.09077239e-01  9.24807712e-02  2.94066310e-01 -2.12246940e-01
 -1.64512247e-01  8.72819796e-02 -6.49182200e-02  9.01420973e-03
 -2.54436843e-02 -3.93597223e-03  8.50321427e-02 -2.49427825e-01
 -5.96052967e-02 -1.04373872e-01 -5.72037585e-02  1.62488848e-01
 -3.56074143e-03 -2.16757879e-01  1.50827050e-01 -2.54346848e-01
 -3.62469889e-02 -2.13418439e-01  1.77282598e-02  7.23322108e-03
 -2.22413570e-01  2.76041031e-01 -7.47938380e-02  8.24878588e-02
  3.16801459e-01 -7.55097568e-02  2.22935572e-01  1.80523843e-01
  1.72969520e-01 -1.76008902e-02 -3.56857590e-02 -1.05062179e-01
  2.90251020e-02  7.20728785e-02  6.88152164e-02  9.64643732e-02
 -2.30965510e-01 -2.97286570e-01  2.64591128e-01 -1.83135211e-01
  2.95285463e-01  1.09760858e-01 -1.63656279e-01 -1.84588686e-01
 -5.58990166e-02 -6.77518919e-03  2.08317507e-02 -8.19028169e-03
 -1.81701854e-01  6.04794472e-02 -5.48596829e-02  6.97667077e-02
 -8.11135173e-02 -2.59613216e-01  2.12523248e-02  7.25263134e-02
  6.71131015e-02  1.30003229e-01  9.87946093e-02 -8.09471756e-02
  5.24541736e-02 -2.02577524e-02  8.68181214e-02 -1.17702067e-01
 -5.69771826e-02 -2.50022084e-01  2.56789058e-01  1.97150990e-01
  7.72730121e-03  3.08109522e-02  2.44205922e-01  8.58249068e-02
 -1.04872547e-01  1.54153456e-03 -1.04091264e-01  3.86757366e-02
 -4.18499589e-01 -5.64569123e-02 -1.95766464e-01 -7.55795538e-02
  6.24532588e-02 -1.69220120e-02 -2.63374776e-01  1.50602385e-01
 -1.80781543e-01 -1.96796373e-01  1.50187045e-01  1.88070033e-02
 -9.95418057e-02  1.29201904e-01  1.05864801e-01  1.92578733e-01
  6.22516394e-01 -1.97933570e-01 -7.39823580e-02 -1.40108466e-01
  1.30553678e-01  2.43373469e-01 -1.42617211e-01 -6.27512410e-02
  3.02738771e-02  4.98164408e-02  3.31967294e-01 -8.62185955e-02
 -1.26262516e-01 -6.72108978e-02  8.01543668e-02 -1.96667388e-01
  1.50590196e-01  2.80186027e-01 -1.23135030e-01  1.96556613e-01
 -2.64818035e-02 -2.13172868e-01 -2.65797693e-02 -3.94587299e-33
 -1.29592180e-01  2.57731050e-01  1.36324376e-01 -1.78906724e-01
  3.05647016e-01 -2.41082042e-01 -6.22828566e-02 -1.52430236e-01
 -1.13971651e-01  1.35710359e-01 -2.53699303e-01 -1.03495501e-01
 -1.10445924e-01  2.98050880e-01  1.07917473e-01 -2.92197466e-01
 -2.52224356e-01  1.43611431e-01 -1.89539231e-02  9.82113630e-02
 -1.65146396e-01  2.03533359e-02 -5.80104403e-02 -1.86275199e-01
 -5.46629615e-02  1.59781978e-01  7.96446353e-02  8.72238353e-03
  9.64633375e-02 -2.92700473e-02  1.93233956e-02  3.07750225e-01
  1.63414598e-01  7.71874264e-02 -3.79023433e-01 -1.73639342e-01
 -1.43850967e-01 -1.78284943e-01  1.33119032e-01  2.46658280e-01
  3.42126489e-01 -2.28291869e-01 -1.80376425e-01  3.13431025e-02
 -1.44793894e-02  7.93424770e-02 -4.51671965e-02  9.70420521e-03
 -3.00594032e-01  1.00059949e-01  4.30388093e-01 -1.25755861e-01
  4.86746291e-03 -3.12792808e-02  8.95628333e-02 -3.67980115e-02
 -3.29023115e-02  2.14608461e-02  2.10364133e-01  9.29720104e-02
  1.59756199e-01  9.95698273e-02  2.42307946e-01 -7.87572712e-02
  1.48519650e-01 -4.54045683e-01 -1.78043112e-01  9.41325948e-02
  6.00659847e-03  3.16881537e-01  2.77233839e-01  2.21212640e-01
  4.45139818e-02 -3.76859605e-01  2.86620051e-01 -2.34287605e-02
  2.23591970e-03  2.19835207e-01 -1.28290713e-01 -6.28692508e-02
 -5.67999519e-02 -1.86570063e-02 -8.11885595e-02 -2.79594690e-01
  1.56831309e-01 -2.46567622e-01  4.31521498e-02  7.14351460e-02
 -1.55720398e-01  1.67494472e-02  1.41537786e-01 -1.59652177e-02
 -2.69953143e-02  8.92150551e-02  1.74727254e-02 -3.90729437e-33
 -1.04787003e-03  7.90654719e-02  2.04367980e-01 -8.73541236e-02
 -6.29508644e-02  9.62480679e-02  2.39299163e-02  5.44056594e-02
  7.50349984e-02  1.41559154e-01 -4.06643718e-01  2.27035433e-02
  2.18356937e-01  9.50154141e-02  3.79247576e-01  1.85264885e-01
  3.72228329e-03 -3.49802226e-02 -6.62350580e-02  1.26411855e-01
 -5.14599025e-01 -3.41452882e-02 -2.48467088e-01  1.14558823e-01
 -2.45678455e-01  1.17470406e-01  1.40490025e-01 -1.05118975e-01
 -1.02500185e-01 -2.21467048e-01  1.48891255e-01 -2.08545402e-01
 -1.57397941e-01 -1.73228562e-01 -2.38939807e-01 -2.93459520e-02
 -7.92078599e-02  2.00454861e-01 -3.02388575e-02 -2.96251953e-01
 -3.39800827e-02 -5.84436860e-03  7.54827857e-02  1.16789505e-01
  2.07248673e-01  1.83724120e-01 -2.02219591e-01 -3.77402425e-01
 -1.07928187e-01 -3.67803387e-02  3.09320688e-02  1.45356879e-01
  3.04469932e-02 -1.34773003e-02 -2.06068397e-01  1.15846485e-01
 -5.06299078e-01 -3.87177914e-02  8.84478763e-02 -3.22421044e-01
 -4.31450941e-02 -5.79950437e-02 -3.37129086e-02  2.74306118e-01
 -1.29993156e-01 -3.48720163e-01 -1.21049553e-01 -7.32235536e-02
 -1.79546215e-02 -2.32975557e-01  2.05657840e-01  2.76265740e-01
 -1.60525590e-01 -5.96373565e-02  1.56752512e-01 -6.41390076e-03
  2.15756491e-01  8.24285522e-02  3.46716911e-01  3.21417451e-01
 -2.22478971e-01  7.12023824e-02 -2.31104702e-01  1.80132210e-01
 -6.60087392e-02 -1.67190671e-01 -1.31797478e-01  2.60318816e-01
 -9.91624370e-02  6.45679310e-02 -2.64977030e-02  5.53191900e-01
 -8.70331600e-02 -1.73348427e-01 -1.74147766e-02 -9.70655378e-08
  7.36065507e-02 -1.93311255e-02 -1.69753760e-01 -1.02938682e-01
  1.61254928e-01  8.51712450e-02 -3.73569310e-01 -1.10937856e-01
 -2.04249829e-01 -9.08611566e-02 -1.26790524e-01  7.26299062e-02
  1.59237087e-01  3.23023587e-01  1.35081384e-04 -4.12906148e-03
 -4.67222631e-02  3.95288952e-02  1.50105730e-01  2.18314931e-01
 -4.06130642e-01  4.54047054e-01 -1.32993115e-02  1.70395821e-01
 -3.04637309e-02  2.02058494e-01  1.89729426e-02 -2.14071143e-02
 -1.61164060e-01  3.47414583e-01  4.30327617e-02  4.11859512e-01
 -3.05891275e-01  3.27330194e-02  2.50788450e-01 -4.59445231e-02
  2.88676530e-01 -8.14895108e-02  1.32978216e-01  6.99562654e-02
  2.70621866e-01 -1.48239031e-01  1.86758116e-01 -1.09092183e-01
 -2.43391111e-01  1.73833463e-02  2.23469079e-01 -4.52738851e-01
  3.35694477e-02  7.92402178e-02 -2.07465574e-01 -2.67455935e-01
 -1.83536649e-01 -5.14015667e-02 -3.28187644e-02 -2.61068642e-01
 -1.69441521e-01 -2.57120252e-01  7.40181282e-02  9.03588310e-02
  9.64447111e-03  1.08704306e-01  9.29805487e-02  3.83814305e-01]"
64e4babc2e3c22f56c97bd1362731e7f8bfa0ee11e6d1f8d236d541a812e4dfb,dog_021.png,German Shepherd,photograph,misty pine forest trail,running toward camera,False,"A German Shepherd running down a mossy, foggy forest path lined with tall conifer trees; low-angle, centered shot with shallow depth of field and soft morning light.","[ 3.25611860e-01  7.84226656e-02  2.67266601e-01  2.66564578e-01
  6.53645173e-02  6.18246794e-02  1.11952707e-01  1.53514281e-01
  9.92713571e-02  1.74653888e-01 -1.51461288e-01 -7.07504973e-02
 -6.72255307e-02  2.55034804e-01 -1.08088478e-02  1.76417783e-01
 -2.01850787e-01  2.08952650e-02 -4.38467897e-02 -6.57207444e-02
 -8.94139931e-02  1.18521690e-01  1.53579280e-01 -5.01786061e-02
 -1.88623115e-01 -2.86345184e-01  8.54478683e-03 -1.82788968e-01
 -1.70521379e-01 -1.32867664e-01 -4.55337539e-02 -3.74953821e-02
 -6.85972422e-02  7.90376961e-02 -1.65003296e-02 -5.57527170e-02
  2.68981546e-01 -4.26557958e-02  4.94288839e-02  5.10218441e-01
 -3.25373597e-02  7.71533027e-02 -1.64992660e-01 -3.99948321e-02
 -2.83352762e-01  2.49460652e-01 -1.96501315e-01 -4.99668494e-02
 -8.81821811e-02  1.24158785e-01 -3.77435833e-01 -2.42066815e-01
 -1.58203170e-01  1.55355290e-01 -2.11201841e-03  4.47997861e-02
 -2.47681141e-01  1.30279297e-02  1.21675469e-01  7.07561672e-02
  9.32431147e-02  7.85608888e-02 -6.52583241e-02  5.57662435e-02
  6.39404356e-02 -5.79299182e-02 -3.74783814e-01  6.58554584e-02
  4.57048528e-02 -1.67055234e-01  1.63050532e-01  6.96958899e-02
 -1.99924260e-02 -2.98540920e-01 -3.15196425e-01 -1.38219982e-01
 -5.26834540e-02  8.31978582e-03  1.95656657e-01 -2.30112225e-01
  8.43967572e-02  1.62752867e-01 -3.56272101e-01  2.34891087e-01
  1.06228605e-01  1.10664204e-01  2.89417636e-02 -7.03447452e-03
  4.11340035e-02 -1.91688821e-01 -8.75577554e-02 -4.15030539e-01
 -2.00690582e-01  3.30199599e-02 -7.88352787e-02  1.28808310e-02
  2.31681868e-01 -2.95924842e-01 -1.92681268e-01  1.46417826e-01
 -3.22657377e-02 -2.05860183e-01  7.49443716e-04  3.49603989e-03
  1.30288050e-01 -3.90182659e-02 -2.31057644e-01  3.60849291e-01
 -3.99544239e-02  2.35094992e-03  1.31194174e-01 -2.05588907e-01
  5.49513288e-02  2.35454991e-01  1.86360106e-01 -2.40036119e-02
 -2.19102055e-01 -1.12008795e-01 -2.53804654e-01  1.60047889e-01
  5.54220006e-03  3.14682610e-02 -1.52547941e-01  1.04736172e-01
  2.94328004e-01 -6.71106651e-02  5.14677644e-01  2.17204136e-33
  1.36946082e-01 -4.51486697e-03  3.07448786e-02 -3.24087441e-02
  2.38639578e-01 -2.22247884e-01  3.58858816e-02  7.27182850e-02
 -4.27662909e-01  7.62113407e-02 -1.23598374e-01 -4.65802699e-02
 -7.31286481e-02  1.47530988e-01  9.25755948e-02 -2.50302345e-01
  8.55748132e-02  8.00560042e-02  1.23429149e-01  2.55159885e-01
 -5.89852333e-02  2.62995958e-01  7.26180524e-02 -7.28966817e-02
  2.47020438e-01 -1.67014673e-01  7.06145689e-02 -1.22830682e-02
 -3.09899569e-01  5.52953854e-02  6.11587390e-02 -2.24367619e-01
 -5.20996712e-02 -1.37240425e-01 -1.07131459e-01  3.86401452e-02
 -1.17598437e-01 -9.06440020e-02 -7.64135197e-02 -6.98156096e-03
 -4.18415628e-02  1.78216234e-01 -1.52029330e-02 -4.04582769e-02
 -1.12524845e-01  4.86774109e-02 -1.04794122e-01  6.70669153e-02
 -1.84004188e-01  2.90402081e-02  6.74223676e-02  2.53234684e-01
  1.27524182e-01 -1.60723627e-01  9.50176120e-02  2.57279962e-01
  1.87966496e-01  8.92313570e-02 -1.31422421e-02  1.55859500e-01
  3.73348981e-01 -1.90828457e-01 -2.33575866e-01 -1.98694885e-01
  1.57954067e-01 -3.36695433e-01 -2.60779023e-01 -4.98038568e-02
 -1.46423146e-01  1.73696160e-01 -7.54148737e-02 -7.31338710e-02
  7.42975399e-02 -1.54000865e-02  2.11658522e-01 -5.07706963e-02
  7.59941414e-02  9.66683850e-02 -4.78932038e-02 -1.75830752e-01
 -3.61353546e-01  6.86252937e-02 -1.64036006e-01 -3.54399197e-02
  4.92557772e-02  6.98274449e-02  4.89236936e-02  5.53932451e-02
 -2.39542484e-01 -1.74650140e-02  9.47912559e-02  3.66873406e-02
 -2.07278281e-01 -2.02098675e-02  2.30675697e-01 -3.48234875e-33
  6.38350919e-02 -2.63952762e-02 -2.42135394e-03  1.29884437e-01
 -3.34009789e-02  3.21514368e-01 -1.38575628e-01  1.42779469e-01
 -7.30202859e-03  2.49243617e-01 -1.10788919e-01  3.75106007e-01
 -1.23238806e-02  6.89713657e-02  1.67083770e-01 -2.47924224e-01
  3.25767875e-01  1.02279976e-01  2.52473243e-02 -1.73718426e-02
 -3.65702137e-02  1.57407388e-01  1.20481541e-02 -1.70228288e-01
 -6.90643936e-02  2.12871954e-01  1.23515405e-01  1.85195774e-01
 -2.54494667e-01 -2.54641145e-01  2.44355742e-02 -2.49388501e-01
  7.34088430e-03 -2.75611490e-01 -2.04755828e-01  1.14502467e-01
 -3.50907482e-02 -2.07834244e-01 -2.12908462e-01  4.43218313e-02
  7.84848109e-02 -1.15226269e-01  1.50100663e-01  5.59352078e-02
 -3.70504372e-02  9.71812755e-02 -2.01996773e-01 -9.64486822e-02
 -1.51649620e-02  1.93822742e-01  3.97565477e-02 -5.42581528e-02
 -3.24389488e-02  3.27301353e-01 -9.70458686e-02 -1.21948861e-01
 -2.68599838e-01 -1.52252927e-01  1.03351139e-01  7.88906887e-02
  6.39742091e-02  1.23986609e-01  6.74390942e-02 -1.60619408e-01
 -6.63701519e-02 -3.83064032e-01 -5.38540959e-01  2.21745707e-02
  4.43819165e-02 -1.37796760e-01 -1.45285711e-01  6.21940792e-02
  2.33314577e-02  9.14034694e-02 -9.33290496e-02 -3.61328071e-04
  2.40140967e-02  1.17266960e-02  3.38270776e-02  2.15861142e-01
  5.35732321e-02 -5.94564117e-02 -7.54628703e-02  1.98644355e-01
  2.60374337e-01  8.00811723e-02 -1.46297827e-01  3.66722569e-02
  1.22693539e-01  1.21117666e-01  1.94898278e-01  2.82636851e-01
  5.18088080e-02  2.73728017e-02  2.33221389e-02 -9.82585604e-08
 -4.02366012e-01  8.35835338e-02 -1.15737513e-01  1.17061175e-01
  2.91948598e-02 -1.72984958e-01  5.53829484e-02  7.58968368e-02
 -5.35678156e-02 -2.21342638e-01  2.21898526e-01  1.02419809e-01
 -7.49170259e-02  2.96401769e-01  1.87992439e-01 -2.17551384e-02
 -8.69738311e-02  1.04385391e-01  1.01045519e-01  4.54136908e-01
 -2.80050486e-02 -3.88958342e-02 -5.28776087e-02  1.42688453e-01
 -1.43232318e-02 -1.34335801e-01  5.32660028e-03 -3.17253582e-02
  3.04495450e-02  1.78109527e-01 -4.89618592e-02  3.87727827e-01
  1.30708680e-01  2.90472209e-01 -1.74249813e-01  1.28034977e-02
 -2.82940775e-01  1.09903187e-01 -1.32940248e-01  2.09500238e-01
  1.74615592e-01  2.03229710e-01 -6.90787137e-02 -9.41888988e-02
 -1.17949784e-01  5.81764095e-02  6.48281723e-02 -1.01043299e-01
 -1.54163957e-01  4.63525318e-02 -3.19874734e-01 -9.65418071e-02
  2.05987602e-01  1.54697657e-01 -7.92201888e-03 -1.32161379e-01
  1.15562580e-03 -3.34671259e-01 -1.20130397e-01  1.19926728e-01
  4.15149741e-02 -1.79231152e-01 -9.79383737e-02  2.36470401e-01]"
de6a3e9d622587352a9acadf633f8b998b377fc9b17906a3a9df9065711a4ae3,dog_022.png,German Shepherd,photograph,open grassy park/field,leaping to catch a red frisbee,False,German Shepherd dog captured in mid-air leaping to catch a red frisbee over a wide grassy field under a clear blue sky.,"[ 1.07309751e-01  7.06408471e-02  1.80268675e-01 -4.75852638e-02
  3.19199383e-01  1.04527771e-01  1.79660201e-01  6.74709380e-02
  6.03043009e-03  1.29746392e-01  8.17224383e-02 -2.28675842e-01
  6.73863664e-02 -6.85818717e-02  1.09418198e-01  1.98244557e-01
 -1.20170876e-01 -1.42724544e-01 -2.01615006e-01 -3.13810140e-01
  1.37087433e-02 -8.80582607e-04  1.63110211e-01 -2.24374637e-01
 -3.08293015e-01 -2.73063630e-01 -4.25308421e-02 -7.99742788e-02
 -2.90722623e-02 -1.48846105e-01 -1.48570945e-03  3.74136090e-01
 -7.18866140e-02  1.01452112e-01 -2.28528213e-02 -1.02184683e-01
  1.31800935e-01 -5.14674075e-02  1.27200127e-01  1.70843825e-01
 -2.44866267e-01  2.17140485e-02  1.32031113e-01  3.75643969e-02
 -1.05491936e-01  4.19883341e-01 -1.47968918e-01  1.61459893e-01
  2.16014132e-01  1.36254907e-01 -2.69561261e-01  1.44654393e-01
  2.48646572e-01  2.51538604e-01 -3.12908664e-02  1.98820934e-01
 -2.42185846e-01 -2.56360859e-01  2.47787721e-02 -1.93717435e-01
 -5.96349724e-02  8.56417194e-02 -3.05168740e-02 -6.92614838e-02
 -3.29532504e-01 -1.97092175e-01 -4.58424866e-01 -1.33205548e-01
  1.20945551e-01 -5.51513024e-02  2.08669648e-01 -2.26770360e-02
  2.88944300e-02 -2.33029082e-01  1.46794543e-01 -9.71437991e-02
 -9.46545042e-03 -3.31865437e-02  2.27070495e-01  1.00863501e-01
  4.64454859e-01 -1.33761704e-01 -2.20023364e-01  1.02406420e-01
  2.54854232e-01  7.90860504e-02  1.38568878e-02  1.46155700e-01
  9.75630954e-02 -2.04631284e-01 -4.03199941e-01 -5.81163466e-01
 -1.57644719e-01 -1.01916678e-01 -3.83637339e-01 -1.43420875e-01
  1.08590513e-01 -4.89889592e-01  4.11141887e-02  9.20947343e-02
  1.35223381e-02 -1.65628374e-01  3.45823675e-01  1.90410107e-01
  6.92053512e-02 -1.37046605e-01 -3.57158743e-02  4.86875296e-01
  1.33599892e-01  3.83625589e-02 -9.93620381e-02 -1.41342403e-02
  2.22281456e-01 -2.69864369e-02 -5.47674373e-02  4.74981189e-01
 -4.62527454e-01 -4.02202517e-01 -4.81719077e-01 -3.75919789e-01
  3.24523896e-01  2.55244583e-01  3.38568054e-02  4.08870429e-01
  2.67235577e-01 -1.75268084e-01  2.15187088e-01 -3.50823938e-33
 -5.48753478e-02 -3.88311222e-02 -2.69139558e-01 -3.07628423e-01
 -2.19340593e-01 -2.16837376e-02  2.39753336e-01  1.04320034e-01
 -1.14462242e-01  1.30026206e-01 -2.46907443e-01  9.91297588e-02
  1.91675082e-01 -5.12363762e-02  1.05872251e-01 -1.62065387e-01
 -5.15781231e-02 -5.16262613e-02  1.18907340e-01  2.46002957e-01
  4.60198224e-02 -7.03802705e-02  4.65300083e-02  4.67532352e-02
  2.10271299e-01 -6.15765564e-02 -9.14110169e-02 -1.79106183e-02
  8.31094533e-02  1.63012132e-01  3.05139422e-01 -2.41904244e-01
 -1.97632592e-02 -2.07877338e-01 -2.37400644e-02  1.47770301e-01
 -9.17126685e-02 -2.86660552e-01 -9.51573402e-02  2.84931898e-01
  1.19493892e-02  1.87871039e-01 -1.44159943e-01 -9.32935849e-02
  5.30022457e-02 -2.62064159e-01 -2.73621261e-01 -1.46149606e-01
 -1.76980928e-01  9.03765261e-02 -5.11598662e-02  4.55666244e-01
  5.03610551e-01 -1.22945406e-01  2.52932906e-01  3.73606592e-01
  3.27684671e-01  3.67961973e-02 -1.85665235e-01  3.40606481e-01
  5.96396029e-02 -9.70847905e-02 -6.02499023e-02 -9.80626047e-02
  2.89494425e-01 -2.15102792e-01 -5.03911711e-02  1.04894459e-01
 -3.05239379e-01  4.42310125e-01  8.54942352e-02  4.72000316e-02
  1.64741561e-01 -1.65573627e-01  4.27334895e-03 -2.24605113e-01
  6.99121356e-02 -1.12744037e-03  2.22974002e-01 -2.81775475e-01
  8.84331483e-03 -3.43019664e-02 -2.21405461e-01  6.45878017e-02
 -3.34587619e-02  3.02816629e-02 -3.59819084e-02 -1.38094410e-01
 -1.89406738e-01 -2.49653324e-01 -4.54027764e-02 -1.88892528e-01
 -2.86373526e-01 -1.06548376e-01  2.64259070e-01 -5.41981764e-33
  2.37667277e-01  3.52083556e-02 -9.39896777e-02 -3.41364779e-02
 -6.11908771e-02  3.53544265e-01 -1.24855144e-02  4.51973140e-01
 -2.88961440e-01  4.36637318e-03 -5.13930619e-01  4.82377917e-01
 -4.03209552e-02  2.62622744e-01  1.26908526e-01  4.99238521e-02
 -9.37264413e-02  1.95800304e-01  1.49102107e-01  3.35672125e-02
 -2.34098658e-01  2.12057177e-02  4.86638308e-01 -9.47339684e-02
 -1.72460273e-01  3.04703891e-01  1.13737963e-01  2.71551430e-01
 -1.47595689e-01 -2.05929592e-01 -6.15792163e-02 -7.59503767e-02
  2.65509546e-01  2.38218177e-02  9.29334760e-03  1.53294399e-01
  2.61727691e-01 -2.25026980e-01 -1.10129779e-02 -6.32601008e-02
  6.15101680e-02 -5.92320450e-02 -5.31274863e-02 -1.40304357e-01
 -2.22926959e-02  2.18345180e-01 -2.41598025e-01  1.56318679e-01
  8.05745423e-02 -1.98990449e-01 -1.37635186e-01 -9.59737375e-02
 -1.75155208e-01 -1.58869609e-01 -2.94550285e-02  7.03067612e-03
 -4.27724831e-02 -5.25223427e-02  6.74957708e-02 -5.15719317e-02
  7.42025301e-02 -1.11650699e-03 -1.28452880e-02  1.86856404e-01
  6.61243405e-03 -3.31198782e-01 -7.95923695e-02  1.49697423e-01
 -3.58932912e-02 -1.68746009e-01 -2.58459389e-01  1.52294517e-01
  5.82695715e-02  7.38519132e-02 -1.68867055e-02  2.30482429e-01
  1.76284403e-01  2.82767236e-01  2.69053698e-01  1.44121766e-01
 -1.40772924e-01 -2.56112427e-01  1.33894861e-01  3.60984534e-01
  1.20546095e-01  1.79771945e-01 -3.19264621e-01 -1.56428769e-01
  1.83701329e-02 -4.23638940e-01  2.80379839e-02  2.62873590e-01
  1.72242343e-01  1.53808907e-01  3.22365373e-01 -9.83114816e-08
 -3.05451334e-01  1.78385437e-01 -2.61121422e-01  1.11591689e-01
  1.43183351e-01  2.87811160e-01 -3.23137343e-01 -4.00695980e-01
 -1.88022390e-01 -4.68394369e-01 -1.70264974e-01  8.85724649e-03
 -2.16602147e-01  1.66875705e-01  1.87718391e-01 -3.46647799e-01
 -3.33175421e-01  3.62410471e-02  1.78382188e-01  6.91749334e-01
 -3.03452406e-02  1.32560611e-01  1.74131542e-01 -2.55463183e-01
 -4.40750569e-01  4.33999337e-02 -1.49515659e-01 -3.55268538e-01
 -1.41018734e-03 -1.50091439e-01 -3.15975577e-01  3.04774255e-01
  1.22299809e-02  1.97147593e-01 -4.76767570e-02 -2.34705627e-01
 -2.67049763e-03  6.01827260e-03 -2.52783954e-01  5.12075843e-03
  1.88175663e-01  6.52499437e-01 -1.68493107e-01 -1.84422597e-01
  1.38548985e-02  2.45255694e-01  1.22931138e-01 -3.87497872e-01
  2.34915763e-01 -1.51893720e-01 -4.60722834e-01 -1.37150824e-01
  9.55822542e-02  5.64091243e-02 -1.74573898e-01  1.98250264e-02
 -3.70584100e-01 -5.08370221e-01  8.30777660e-02  5.77972345e-02
 -2.06661150e-02  1.64319366e-01 -3.05212617e-01  3.26913208e-01]"
3876bc58bcda92af9a9028fdbe02423206644adfdd7dcc0dce9190b1f241e618,dog_023.png,German Shepherd,photograph,snowy mountain lodge / alpine forest,standing / posing in snow,True,German Shepherd standing in deep snow in front of a rustic mountain lodge with a large red 'HAPPY NEW YEAR 2026' banner; snow-covered evergreens and tall jagged peaks in the background.,"[-4.64281850e-02  1.89416274e-01  2.25794122e-01  4.34972383e-02
  1.80132426e-02  1.16095893e-01 -1.94125950e-01  1.53035298e-01
  1.19935945e-01  1.31772459e-01 -8.87627155e-02 -1.30627349e-01
  2.32917853e-02 -3.97758000e-02  1.38789088e-01 -7.46264085e-02
 -2.45118767e-01 -8.44757631e-02  1.51995793e-01 -1.96322441e-01
 -3.11700329e-02 -6.41112924e-02 -1.01761006e-01  3.87036577e-02
  2.51234788e-03 -1.98740914e-01 -4.27648537e-02 -7.99485967e-02
  1.69365704e-01  1.66605636e-01 -5.24247214e-02  9.10697877e-02
  8.81190971e-03  9.50720459e-02 -1.29767045e-01  1.87641189e-01
  1.34156436e-01  1.22931814e-02 -8.24472457e-02  2.01726243e-01
 -1.41912952e-01  4.98458743e-02  3.37809254e-03 -1.64943412e-01
  2.64195427e-02  2.36546174e-01 -1.15993749e-02  2.04654738e-01
  4.80197195e-04  1.14030778e-01 -2.68289959e-03 -1.43537804e-01
  2.99442913e-02  2.39144072e-01 -1.20419458e-01  1.67172793e-02
 -1.13887824e-01 -2.84691751e-01  1.71312760e-03  1.01487696e-01
  1.02530457e-01  3.38285156e-02 -4.67096046e-02 -5.23179211e-02
 -1.89680457e-02 -7.32658478e-03 -2.63122618e-01  9.77640748e-02
 -1.44713446e-01 -2.06770375e-02  2.01120794e-01  7.93695897e-02
  1.35517627e-01 -2.88211852e-01  4.15397473e-02 -1.67958811e-01
 -1.59193501e-01 -7.52507895e-03  2.37332463e-01 -1.86710909e-01
  9.44171026e-02  9.73211005e-02  2.17821989e-02  1.25056013e-01
 -6.42802240e-03 -7.78524950e-02 -2.41246056e-02  4.21886295e-02
 -1.07328638e-01 -1.02739245e-01 -1.74241930e-01 -3.72683585e-01
 -3.05554032e-01  1.32919833e-01 -5.49851179e-01 -6.14179485e-03
  2.22674206e-01 -1.02647945e-01  1.37134166e-02  1.84186801e-01
 -1.36800539e-02 -1.75242141e-01  6.89150915e-02  1.06229365e-01
 -5.07513620e-02 -1.78424492e-01 -2.04889551e-01  2.43340209e-01
  1.03576230e-02 -1.06585175e-01  9.07903984e-02 -1.12677842e-01
  2.14477051e-02  1.61890298e-01  4.67507578e-02 -1.82250395e-01
 -1.92529008e-01 -1.85767293e-01 -1.80672944e-01 -9.85048935e-02
  2.12085515e-01  3.56186986e-01  1.22956848e-02  1.52702987e-01
  2.44043723e-01  2.05605011e-02  2.98550874e-01 -1.19539400e-33
  1.17813192e-01  5.58627509e-02  1.40859596e-02  1.34941980e-01
  9.77107361e-02 -1.63020827e-02  8.11067596e-02  9.12557542e-02
 -2.81108081e-01  2.98183747e-02  9.79124829e-02  3.02737504e-01
 -1.77420229e-02  1.25486881e-01 -7.70005882e-02 -3.02981228e-01
  2.07250267e-01 -1.45390913e-01 -1.07111840e-03  1.19731821e-01
 -8.56223032e-02  4.71976176e-02  2.06540763e-01  8.82307813e-02
  1.36590242e-01  2.61921920e-02  1.02563694e-01 -1.70348361e-01
 -4.65207249e-01 -4.08221185e-02  1.42018080e-01 -1.90786824e-01
  1.90107852e-01 -2.19038248e-01 -1.06360083e-02  3.89546878e-03
 -2.21065022e-02 -1.90255746e-01  1.52452309e-02 -1.16449231e-02
  1.04280159e-01  5.47367483e-02  4.97547202e-02  7.44934976e-02
  9.08198487e-03  3.20829749e-02 -3.18352468e-02 -1.26996851e-02
 -1.76061124e-01  1.20307282e-01  1.29328563e-03  2.63133705e-01
 -6.84401486e-03 -5.26722521e-02  5.34040928e-02  1.65942058e-01
  1.83401510e-01  1.15451500e-01  1.64066494e-01  6.54845387e-02
  8.07249397e-02 -5.76995239e-02 -3.41082886e-02 -7.64733255e-02
  5.59209920e-02 -2.15346664e-01  1.50085399e-02  5.74760623e-02
 -2.18511134e-01  2.50756055e-01  9.91833508e-02  4.49498110e-02
  8.56451467e-02 -1.29055921e-02 -1.31204128e-01  1.34029984e-01
  2.38539614e-02  6.08371291e-03  1.15089349e-01  9.70336273e-02
 -1.94709495e-01  9.74458754e-02 -1.72821179e-01  1.22998856e-01
 -1.07306704e-01 -4.70434800e-02  1.21648498e-01 -4.87773530e-02
 -1.18773356e-01  5.36059625e-02  8.44901800e-02 -1.91492736e-02
  1.43270120e-01 -1.40621230e-01  1.46194339e-01 -6.18184838e-33
  3.67581755e-01 -1.03178605e-01 -4.56612743e-02 -2.70828605e-01
 -2.31544420e-01  2.53885567e-01 -2.66866505e-01  3.68419379e-01
 -1.67936027e-01  8.49555582e-02  1.37703165e-01  2.16817230e-01
  6.08189404e-02  2.10418791e-01 -2.86213774e-02 -1.18314512e-01
 -9.35828127e-03  3.79635036e-01  7.04445764e-02 -1.48803994e-01
 -3.42036528e-03  3.43295336e-01 -3.22160691e-01 -3.40339690e-02
 -1.13119565e-01 -1.90159399e-02  6.93121701e-02  1.69470459e-01
 -3.03680480e-01 -4.44984674e-01 -2.52160907e-01 -3.43989938e-01
  2.13983841e-02 -2.89677173e-01  4.25856523e-02  1.86172143e-01
  5.80766611e-02 -4.05697137e-01 -2.23021924e-01  3.66516709e-02
  1.45592228e-01 -1.41025096e-01  4.45713056e-03  4.46041636e-02
  1.90836489e-01 -1.19701281e-01 -3.65457743e-01  1.02315985e-01
  2.75697142e-01  2.15097427e-01 -6.69198409e-02 -1.78257868e-01
  2.68348716e-02 -2.54542418e-02 -1.42059162e-01 -1.77702457e-01
 -4.73724931e-01 -1.29430611e-02  4.08457033e-02 -1.19240671e-01
 -9.24074799e-02  1.85644962e-02  1.45545870e-01 -2.78717689e-02
  5.82519844e-02 -2.97647983e-01 -2.54211962e-01 -4.61329371e-02
  1.09609455e-01  6.97319061e-02  1.21744229e-02 -1.02360453e-02
 -3.24580371e-02 -6.81337565e-02  3.25986147e-02 -4.03663963e-02
  2.08937094e-01 -4.23084125e-02  2.26953745e-01 -2.00096928e-02
 -1.19043641e-01 -5.26561849e-02 -1.19255900e-01  4.44575906e-01
  1.60594597e-01  6.13642260e-02  6.88708425e-02  5.60216792e-02
  5.35302935e-03  2.11428180e-02 -6.36337101e-02  3.06429058e-01
 -1.80412784e-01 -8.39862972e-02  2.08792061e-01 -9.92063534e-08
 -9.21001807e-02  1.55215263e-01 -2.88688511e-01 -9.95667055e-02
  1.37915105e-01 -8.07331130e-02 -6.33824319e-02 -2.71546274e-01
 -2.49508649e-01 -4.86062169e-02  1.75535634e-01  1.84758514e-01
  3.41823846e-02 -6.82567507e-02 -1.16166368e-01  1.90541789e-01
 -1.80211335e-01  1.02977611e-01 -1.02537796e-02  1.10279389e-01
 -1.92557517e-02  8.34290311e-02  1.51006520e-01 -3.87777910e-02
 -1.73866570e-01 -2.16872826e-01  5.88228516e-02 -1.32510319e-01
 -1.16674028e-01  4.46050651e-02 -1.74687877e-01  1.57718390e-01
  8.22304636e-02  1.07185677e-01  1.57671690e-01 -6.05751127e-02
 -2.96502799e-01  1.87500373e-01  8.70216042e-02 -1.51602343e-01
  1.07017264e-01  1.79244965e-01 -1.52252186e-02 -1.94806270e-02
 -1.75992861e-01  8.05071592e-02 -6.99052587e-03  1.70110364e-03
  1.20218568e-01 -8.34268630e-02 -3.91338617e-01 -9.49381217e-02
  8.54516923e-02  2.41875112e-01 -1.75185144e-01  1.27215803e-01
 -6.68362975e-02 -6.55836463e-02  1.15539595e-01  1.69906884e-01
  1.57895878e-01 -2.41506979e-01 -2.34886095e-01  1.58203766e-01]"
b8d2002fd8356971415344860b3ccdec870730ac36badaa72010a0fc9232a0b1,dog_024.png,German Shepherd,photograph,urban city street (sidewalk),"sitting next to a fire hydrant, alert/posed",False,"Frontal portrait of a German Shepherd sitting on a city sidewalk next to a red fire hydrant, with pedestrians, taxis, and tall buildings in the background on a sunny day.","[ 3.01723778e-01  1.98392630e-01  2.47473225e-01  2.85671204e-02
  9.95513052e-02  1.01779237e-01  5.52449115e-02  9.15983096e-02
  4.94727157e-02 -4.10826784e-03 -1.02110468e-01 -6.17119186e-02
 -2.95565259e-02  1.85770556e-01  3.42426226e-02 -9.91733819e-02
 -1.52688891e-01  1.02668002e-01  1.96055517e-01  1.19742729e-01
 -5.46960592e-01 -6.96690157e-02  8.59185159e-02 -4.91465116e-03
 -1.42269105e-01  5.10706147e-03  2.57084548e-01 -1.31677361e-02
  3.98075283e-02 -7.13358894e-02  2.36780554e-01  5.44955544e-02
  7.48234335e-03 -4.83580641e-02 -8.44627693e-02 -1.26052544e-01
  1.92145884e-01  2.14658186e-01 -9.26838815e-02  2.13847443e-01
  6.08608201e-02  6.96228491e-03 -3.91030945e-02 -7.20576495e-02
 -1.10160736e-02 -3.78211681e-03 -1.42767310e-01 -8.04394260e-02
  3.22640575e-02 -6.56507239e-02 -1.66244552e-01 -1.55009896e-01
  1.25783876e-01  2.71878839e-01 -2.15885833e-01 -1.22294776e-01
 -8.72819647e-02 -9.66186449e-02  4.63537266e-03 -2.38739308e-02
 -1.01594720e-02  1.58596039e-01 -1.84619114e-01  1.24515325e-01
  8.47236812e-02  2.29506060e-01 -2.35544905e-01 -1.72402069e-01
 -1.41164139e-01 -1.26523197e-01  9.63467807e-02  5.08472323e-03
  2.78572947e-01 -6.64139390e-01 -1.09144233e-01 -3.95196050e-01
  1.32568717e-01 -1.06613887e-02  4.12678838e-01 -2.72487253e-01
  9.38521698e-02  1.17379680e-01 -8.49508215e-03  4.07549828e-01
  2.45103277e-02  3.51314433e-02 -2.34856471e-01 -2.84041744e-02
 -3.47939819e-01 -1.96575433e-01 -3.15426499e-01 -1.26873031e-01
 -1.41183302e-01 -1.58930659e-01 -3.85573298e-01  3.31354514e-02
 -9.40357056e-03 -1.51134253e-01  3.69922780e-02  1.61464363e-01
 -1.43530846e-01 -9.27216932e-02  1.81271970e-01  2.54641950e-01
  4.34736162e-01 -1.93934247e-01 -2.96227902e-01  8.08080733e-02
 -1.70707535e-02 -3.63365114e-02  9.36095491e-02 -1.29340559e-01
 -1.52123764e-01  1.21186770e-01  9.38315392e-02 -6.20031729e-02
 -1.60507575e-01 -4.11524802e-01 -3.01181108e-01 -2.51858532e-01
  6.66443482e-02  1.89209968e-01  1.72888655e-02  5.52447997e-02
  2.37241894e-01 -1.44655436e-01  3.31504583e-01 -1.17352892e-32
  5.29116020e-02  5.50428927e-02  1.11708768e-01  1.02069877e-01
  1.90567464e-01 -5.49096428e-02  4.19259295e-02  2.80655563e-01
 -2.15253264e-01 -6.16902336e-02  1.24489285e-01  3.89791131e-02
  2.14467719e-01  3.13914418e-01  3.34070437e-02  6.81035267e-03
  2.27011293e-01  1.18687078e-01 -7.96909183e-02  6.21066540e-02
 -1.22485444e-01 -8.58515054e-02  1.32819131e-01 -1.46590084e-01
  5.87881058e-02  2.86418609e-02  1.99024722e-01 -6.60479218e-02
 -2.85812393e-02  5.28442487e-02 -1.04225628e-01  1.73981652e-01
  6.85717091e-02  5.10759205e-02 -1.25237048e-01  3.65337171e-03
 -2.61487395e-01 -2.69034743e-01 -2.21121628e-02  7.58923963e-02
 -9.81821790e-02  1.68843225e-01  6.92431182e-02  1.11211956e-01
  3.87960821e-02  1.96909338e-01  4.68812510e-02 -1.13960482e-01
 -9.21861529e-02  3.32521051e-02 -9.76617709e-02  2.65905201e-01
 -2.47601196e-02  1.00826062e-01 -1.54538780e-01  4.27139327e-02
  2.00996920e-02  1.02912039e-01 -1.73549205e-02  2.36970201e-01
  2.38723755e-01  4.41607349e-02 -1.35783821e-01 -7.90349916e-02
  3.10831726e-01 -2.91273326e-01 -2.54209816e-01 -1.56261355e-01
  6.01259507e-02  3.89086813e-01  1.12295538e-01  1.03464745e-01
  3.58481348e-01  6.85651526e-02  1.15168817e-01  3.95335890e-02
  2.17403933e-01  5.70395254e-02 -1.63155988e-01  1.09833986e-01
 -1.65380806e-01 -4.63396199e-02 -1.13136500e-01  6.97902218e-02
  4.13617045e-02 -2.33989924e-01  1.51934009e-02  4.49554175e-02
 -1.89093813e-01  8.25258791e-02 -1.60855129e-01 -2.52495468e-01
 -6.81969896e-02 -2.12661065e-02  2.98450254e-02  1.73999374e-33
 -3.44083942e-02  4.79846075e-02 -8.28147307e-02 -2.83686221e-01
 -4.69478741e-02  1.15173813e-02 -2.92373449e-02  1.95724532e-01
 -2.48886526e-01  2.18753561e-01 -1.43296093e-01  2.69502074e-01
  1.87101379e-01  3.73415314e-02  1.72331378e-01  1.24564804e-01
 -9.80628189e-03  5.10353334e-02 -2.12656334e-01 -4.33616303e-02
 -1.23587608e-01  2.61935353e-01 -3.81406397e-02  8.04897174e-02
 -2.31236041e-01  1.22306310e-01  8.55832398e-02 -4.88004759e-02
 -2.17429549e-01 -1.97910905e-01 -3.08937520e-01 -5.90704829e-02
 -1.65721297e-01 -2.36669183e-01 -8.63382071e-02  2.95913547e-01
 -1.15829155e-01 -3.32359731e-01 -8.62704366e-02  3.95410433e-02
  6.25400338e-03 -1.55694127e-01  2.11596355e-01 -1.78065777e-01
  3.01761448e-01 -6.91012666e-02 -5.19558728e-01 -1.62487417e-01
 -1.29670918e-01  1.20078444e-01  3.25999521e-02  9.30370614e-02
 -1.89030886e-01  1.93240494e-01 -1.20875835e-01 -1.57079905e-01
 -1.48784325e-01 -1.53452575e-01  5.40483110e-02  3.08260079e-02
  1.89154118e-01  1.64810911e-01 -7.81839620e-03  1.76121235e-01
 -3.75701606e-01 -4.44993258e-01 -1.01641811e-01 -1.07480302e-01
  1.20158814e-01 -1.41923428e-02 -5.97161017e-02  6.89647794e-02
  2.19008680e-02  2.91302323e-01  1.32062659e-01  1.10632882e-01
  3.69813681e-01  1.06657669e-01  3.53974044e-01 -2.36753747e-02
 -1.51369020e-01 -6.66250512e-02  1.04927383e-01  2.35384509e-01
  1.62940085e-01 -1.21030562e-01 -2.84906596e-01 -6.98339194e-02
  2.41236854e-02 -2.96659339e-02 -5.19544445e-02  3.15003097e-01
 -3.06963265e-01  1.63989305e-01  1.18885554e-01 -9.79986936e-08
 -2.91343600e-01 -1.39494181e-01 -1.75850481e-01  1.35129258e-01
 -1.55183330e-01 -2.16857374e-01 -4.16750601e-03 -3.19308579e-01
 -3.58020812e-01 -1.14578635e-01  1.52137771e-01  2.28649840e-01
 -5.94661571e-02  1.60855919e-01 -2.19621524e-01  1.62383676e-01
  6.75463453e-02  1.87782338e-03  4.59387414e-02  2.52599627e-01
  3.28414813e-02 -3.85984778e-02 -1.11031020e-02  5.05300909e-02
 -5.42599969e-02 -1.41479298e-01 -1.27901569e-01 -4.72796857e-02
 -1.48549482e-01  1.63459733e-01 -7.86372870e-02  2.82077372e-01
 -2.23252550e-02  2.44860202e-02  4.59284127e-01 -8.34915712e-02
 -6.86618686e-02 -4.23614904e-02 -1.32204518e-01  1.99004635e-01
  3.65388244e-01  6.51337132e-02 -3.58031765e-02  6.62818626e-02
  2.80644387e-01  1.17683798e-01  9.41040143e-02 -8.93383697e-02
  1.33708462e-01 -1.24121927e-01 -3.10202837e-01 -3.81214559e-01
  3.37477356e-01  3.97252440e-02 -2.06739411e-01 -1.30153209e-01
 -6.40883595e-02 -2.34539703e-01  2.76476711e-01  4.39917445e-02
  2.98656344e-01  2.80700266e-01 -3.23331565e-01  1.79816440e-01]"
fe2c558adfcca066ba20ac0ca3f8234f0568485a9b369e67788574ae8c8b1d87,dog_025.png,German Shepherd,photograph,cottage garden / flower-lined path,"standing alert, looking to the side",False,"A German Shepherd stands alert on a flower-lined garden path in front of a cottage at golden hour, surrounded by vibrant dahlias, lavender, and other colorful blooms.","[ 1.96328789e-01  2.06650011e-02  1.66391939e-01  1.50421515e-01
  1.77222580e-01  2.44891480e-01  6.87377602e-02 -1.28128558e-01
  2.52917320e-01 -6.21295720e-02  3.17974538e-02 -2.19519809e-02
  1.73155591e-01  1.20058060e-01 -1.13945261e-01  1.62350982e-01
 -2.14440659e-01 -2.52843667e-02 -9.54491571e-02 -1.03128843e-01
 -1.01949267e-01  1.35426506e-01  1.66718706e-01  3.73235308e-02
 -7.83952475e-02 -1.78061426e-01  2.09457755e-01 -1.81938216e-04
 -9.46449339e-02 -6.13122918e-02  4.90853339e-02  3.98200490e-02
  1.61129367e-02  2.11441405e-02 -1.48733065e-01  1.47907808e-01
  2.57936537e-01  7.99303725e-02  1.49060488e-01  1.38204888e-01
 -2.10321561e-01 -2.76547104e-01 -8.27030838e-03 -2.62645274e-01
 -9.53238904e-02  1.45667136e-01  9.30878595e-02 -1.35417372e-01
 -1.06877342e-01 -8.48314632e-03 -1.43552586e-01 -1.31741717e-01
  1.86515022e-02 -1.74503811e-02 -1.22320093e-01  1.33492202e-01
 -7.68659711e-02 -2.53143292e-02  1.05007156e-03  3.44881266e-02
 -2.66589727e-02  1.32155970e-01  3.94981802e-02  1.02972135e-01
 -2.32789755e-01 -6.13338947e-02 -3.25139731e-01  2.07310930e-01
 -6.60540834e-02 -1.69577435e-01  2.78236419e-01  3.84423994e-02
  2.22564191e-01 -2.36762971e-01 -5.85654825e-02 -6.01864867e-02
 -8.25895965e-02 -3.27094644e-02  3.29922855e-01 -2.05746561e-01
 -9.43282247e-02  8.26013386e-02  2.82617882e-02  4.41417933e-01
  1.72173098e-01  6.09434061e-02  1.21714339e-01  1.59560263e-01
  4.79275100e-02 -1.59537584e-01 -3.79476734e-02 -4.64290142e-01
 -2.94969022e-01  1.36198536e-01 -7.74993226e-02 -2.68352740e-02
  1.39939740e-01 -3.74310553e-01 -3.05063650e-02  8.15693662e-02
 -9.70901102e-02 -1.30721694e-02  4.76062112e-02  1.58155516e-01
  3.63445356e-02 -1.77126601e-01 -2.30688512e-01  1.98349014e-01
 -6.93421438e-02 -5.09785265e-02  1.43804342e-01 -2.43275538e-01
  3.80538553e-02  1.69617325e-01 -3.03888228e-02 -7.63359889e-02
 -1.86906627e-03 -1.77139461e-01 -3.93203795e-02  7.19977096e-02
  2.68842191e-01  1.13512091e-01 -5.18694967e-02  8.46929327e-02
  2.49583140e-01  2.15347201e-01  3.14886212e-01 -6.19921925e-33
 -1.15859639e-02  1.73698105e-02 -8.52423608e-02  2.06226468e-01
  1.33231729e-01 -1.11982279e-01  2.43539102e-02 -9.97094139e-02
 -2.96979338e-01 -2.70391226e-01  1.30420420e-02  1.32004932e-01
 -2.54008248e-02  6.33678436e-02 -2.62676924e-01 -8.02439153e-02
  4.40699786e-01  8.34250450e-02  1.29824594e-01  5.44322319e-02
 -1.35573640e-01 -3.19673605e-02  5.16098142e-02  2.97195185e-02
  8.94631818e-02 -1.69348270e-01  1.61760986e-01  1.08617544e-02
 -2.60801107e-01  8.47774595e-02  1.71422184e-01 -1.49777532e-01
  9.27105695e-02 -1.47873104e-01 -9.92307216e-02  1.51946880e-02
 -3.13450933e-01 -1.19817153e-01 -3.37000447e-03  3.86733748e-02
 -7.59013072e-02  8.56359005e-02  6.91607818e-02  1.58386767e-01
 -6.39314651e-02  1.04915269e-01 -8.99259150e-02  7.49702975e-02
 -8.74211937e-02  1.05113253e-01 -8.84169862e-02  2.61103809e-01
  1.44780546e-01  9.07316152e-03 -5.81326485e-02  1.19941749e-01
  9.00619328e-02  2.07336321e-01  3.23673920e-03  7.84147084e-02
  3.30874324e-01  1.16547979e-01 -9.17431936e-02 -2.55268991e-01
  3.09462428e-01 -2.50554442e-01 -2.23347485e-01  9.03634541e-03
 -3.22880208e-01  4.28127080e-01  6.29788265e-02 -9.63520333e-02
  2.36393824e-01  1.39927566e-01  5.85519336e-02 -1.17762752e-01
 -4.83237319e-02  1.16053887e-01  2.86949992e-01 -1.79815933e-01
 -1.54562622e-01 -3.38588506e-02 -1.99729681e-01  6.23246357e-02
 -5.56036830e-04 -9.10074413e-02  1.64504703e-02  1.30565204e-02
 -3.72403979e-01  2.06876528e-02  1.34887308e-01 -1.03609987e-01
 -9.82758775e-03 -1.32019326e-01 -1.18369035e-01 -7.27084398e-34
  8.81811306e-02 -1.07879288e-01  8.15673172e-02  6.61590248e-02
 -1.27278745e-01  1.91170871e-01 -3.04694772e-01  9.79514718e-02
 -1.16487980e-01  3.01985621e-01 -5.57592660e-02  3.13454509e-01
 -6.18297979e-03  1.06559701e-01 -4.84676771e-02 -1.59730807e-01
  3.17024112e-01  1.20187692e-01  1.57210797e-01  1.69725552e-01
 -2.44888470e-01  2.40672991e-01 -8.15784931e-03 -1.36958286e-01
 -2.74948448e-01  2.10555449e-01  9.41757113e-02  6.89578652e-02
 -4.43628788e-01 -3.43413204e-01 -1.69993341e-01 -3.57782692e-01
 -2.17494611e-02 -1.66096151e-01 -4.32654209e-02  8.27314034e-02
  6.95305169e-02 -4.33471322e-01  3.17645408e-02  2.92657048e-01
  1.59701616e-01 -2.47320950e-01  3.69781256e-02  3.46835777e-02
 -1.69226527e-02  5.97122833e-02 -1.40730903e-01  9.13849175e-02
  7.33980238e-02  1.19304590e-01 -1.07711464e-01  1.52070269e-01
  1.31068945e-01  5.34627624e-02  7.57238567e-02 -4.71199900e-02
 -3.63510221e-01 -1.33335486e-01  3.81528325e-02  1.51995182e-01
 -1.72748733e-02  5.70667386e-02  1.30556315e-01  1.97065040e-01
 -1.33733973e-01 -2.32939348e-01 -2.81408757e-01  1.77077577e-02
  1.91547364e-01 -6.51562866e-03 -3.26536670e-02  1.85694695e-01
 -9.68608167e-03 -5.05274609e-02  1.78682841e-02  1.25244707e-01
  1.16252623e-01 -3.08457673e-01 -3.23571265e-02 -1.82364345e-01
 -5.17603680e-02 -1.66475609e-01 -8.00005794e-02 -8.08813199e-02
  7.61064813e-02 -4.01863083e-02 -4.61949594e-02  1.84383497e-01
  1.12635747e-01 -9.12007391e-02  1.32491529e-01  4.50956762e-01
 -1.17669635e-01 -6.19333386e-02  1.78898603e-01 -9.87206903e-08
 -2.11920574e-01 -9.28840116e-02 -1.39196366e-01 -1.91390231e-01
 -8.43056291e-03 -3.80745769e-01  1.64714530e-01 -2.40720347e-01
 -1.56905428e-01 -1.18578179e-02  7.26723745e-02  1.46499589e-01
 -9.36299860e-02  2.43661180e-02  9.36352909e-02 -8.61700028e-02
  5.08055948e-02  9.82785076e-02 -6.16390109e-02  3.37046146e-01
  2.38635913e-01 -4.41442691e-02 -6.59388378e-02 -1.21582970e-01
  6.69694692e-03 -2.32572824e-01 -9.30891410e-02 -2.63135761e-01
 -1.82839334e-01 -1.02694459e-01  7.25689828e-02  1.81057334e-01
 -8.97316486e-02  3.58254045e-01 -1.51675850e-01 -9.46968868e-02
 -1.20486528e-01  1.32896565e-02 -5.46322502e-02  2.71539211e-01
  2.49168605e-01  3.87962088e-02 -1.67900696e-01 -3.86055373e-02
  7.90565312e-02  1.62958011e-01  4.38563228e-02 -1.26384869e-01
 -1.83357134e-01  1.08813457e-01 -4.24247772e-01 -1.08506963e-01
  4.21700567e-01 -7.21665025e-02 -6.21828772e-02 -1.44940004e-01
 -2.92174681e-03 -1.43384635e-01  2.56497681e-01  2.36215562e-01
 -2.14197606e-01 -6.22222945e-02 -7.42252693e-02 -8.18550885e-02]"
f0afdcdab124400297e15f1be9d771b5635ec8791821625460049954894b85cf,dog_026.png,German Shepherd,graphite pencil sketch (black-and-white),studio/neutral background,"head-and-shoulders portrait, facing forward, looking at viewer",True,"Detailed graphite portrait of a German Shepherd head-and-shoulders facing forward with alert upright ears, expressive eyes, fine fur texture, and artist signature in the lower-right.","[ 2.51884274e-02  6.73810169e-02  2.92466581e-01  6.97682239e-03
 -7.08718896e-02 -4.20713648e-02  8.44779238e-02 -2.56525213e-03
 -1.75934270e-01  2.57135600e-01  1.22417333e-02 -2.58068264e-01
 -1.37201529e-02  1.04021661e-01  4.48933952e-02  1.54456345e-03
 -3.50851268e-02  7.14213848e-02  2.04492763e-01  2.45547101e-01
 -2.35500917e-01 -2.84970901e-03  4.51275669e-02 -9.68499482e-02
 -5.00180619e-03  8.19936693e-02  8.51296112e-02 -1.39015079e-01
  4.94067781e-02 -1.93852499e-01 -6.75416552e-03 -1.52395368e-01
 -1.22172758e-02  9.81921405e-02 -2.85753489e-01 -3.63922827e-02
  1.40861079e-01  2.09412873e-01  3.62597331e-02  2.80217260e-01
 -3.25142980e-01  2.63492048e-01 -2.69219160e-01  7.89658800e-02
 -2.61161719e-02  1.42819732e-01 -2.02425808e-01 -1.33382315e-02
 -1.47036552e-01  2.11628616e-01 -3.43322843e-01 -4.12963808e-01
 -9.30772349e-02  3.05057354e-02 -1.23196125e-01  1.64641127e-01
 -1.00274101e-01 -1.03254117e-01  1.42264277e-01  2.97900170e-01
 -3.04470379e-02 -1.28971813e-02  8.68847147e-02 -5.64600118e-02
  7.93026090e-02  1.34360805e-01 -1.03743628e-01 -5.76251447e-02
 -2.79208332e-01  4.17198427e-02  2.95115620e-01 -7.76894540e-02
 -1.78305194e-01 -3.33057165e-01 -1.34149855e-02 -2.32796725e-02
  3.97331156e-02 -5.40463030e-02  2.14162901e-01 -1.67986438e-01
 -8.46016109e-02  1.38210475e-01 -1.38621330e-01  9.66584161e-02
 -6.15869053e-02  4.18334873e-03 -2.44354397e-01 -4.01881449e-02
 -3.49135160e-01 -3.66375223e-02 -5.29294312e-02  1.12078255e-02
 -2.69159913e-01 -2.02517152e-01  5.64826988e-02  9.59363952e-02
  3.22139978e-01 -5.98941417e-03  3.80747505e-02  7.73419514e-02
  1.69071034e-01 -3.41510534e-01  1.71325728e-01  1.08577393e-01
  9.88855585e-02 -2.38508075e-01 -2.15496466e-01  2.57922243e-02
 -4.49751541e-02 -1.43031314e-01 -4.54477444e-02 -6.25681132e-02
 -2.31782869e-01  3.06712687e-01  2.69746631e-01 -1.41404629e-01
 -1.11985430e-01 -1.63386449e-01 -3.35854776e-02 -1.41540393e-01
  1.39240235e-01  2.71848857e-01  6.16122000e-02 -1.19980596e-01
 -1.58869047e-02 -5.21728992e-02  7.08407760e-02 -3.16836870e-33
  7.78926760e-02  2.03476191e-01  5.04936976e-03  3.72026637e-02
 -4.02190089e-02 -5.18510565e-02 -7.17458576e-02  7.69189522e-02
 -2.36163542e-01  1.15579478e-01 -8.08995366e-02  1.70928925e-01
  5.35714068e-02  3.78116578e-01 -8.28060508e-02 -8.58799461e-03
  1.24942228e-01  9.65128914e-02  1.63045838e-01 -1.35425016e-01
 -1.38522610e-01  4.96589318e-02  1.12770282e-01  9.13708210e-02
  5.15636317e-02  7.57698342e-02  1.64360240e-01 -3.48671675e-01
 -1.60068914e-01 -2.99408566e-02 -2.86647528e-02  1.60740241e-01
  8.22898597e-02 -2.43082121e-01 -1.79977283e-01  1.06410004e-01
 -2.05534637e-01 -2.73653269e-01  9.67652500e-02  9.53169838e-02
  3.12108755e-01  1.27971873e-01  9.62063391e-03  1.33766457e-01
 -1.49868771e-01  2.97373801e-01 -1.22248225e-01 -2.18965653e-02
 -8.17678347e-02  8.75085685e-03 -1.19249031e-01  3.55525047e-01
  8.62142295e-02  3.51427794e-02  4.21680212e-02  1.73803940e-01
  5.51789440e-02  4.90796082e-02 -1.37278870e-01 -3.70632969e-02
  5.01433849e-01  4.36185636e-02 -1.50769260e-02 -9.75261405e-02
  1.25138864e-01 -4.38888557e-02 -2.45387048e-01 -1.78242117e-01
 -4.09278423e-02  1.90711558e-01 -1.36952460e-01  1.91511929e-01
  2.37334251e-01 -1.41676918e-01 -7.69459605e-02 -5.65928034e-02
 -2.44079586e-02  5.80925457e-02 -8.40736330e-02 -5.25413938e-02
 -3.73652011e-01  2.09122628e-01 -2.21731812e-01 -5.52019775e-02
 -7.58034084e-03 -1.33414820e-01  8.00627246e-02 -2.64452938e-02
 -1.07605711e-01  5.36535047e-02  7.96706378e-02 -7.57677332e-02
 -2.44654536e-01 -7.73804411e-02 -1.36588424e-01 -7.69874585e-35
 -4.51176874e-02 -4.98520657e-02  1.38422087e-01  1.96510702e-01
 -6.80553764e-02  1.16077296e-01 -6.27045706e-02  3.67314428e-01
 -1.06738664e-01  2.15630099e-01  1.95224196e-01 -8.96484777e-02
  5.10679185e-02 -1.38760626e-01  2.35835180e-01 -3.74042988e-02
 -5.51251099e-02  1.22334883e-01  4.76758182e-02 -2.22785652e-01
 -1.29443690e-01  1.00147873e-01  6.48318557e-03 -8.88151154e-02
 -1.01888835e-01  2.10835278e-01 -5.38760098e-03 -3.31171811e-01
 -2.74991989e-03 -1.68569252e-01  2.38508936e-02 -3.03653151e-01
  1.18382633e-01 -3.34553063e-01  4.54926565e-02  1.24542087e-01
 -1.06468894e-01 -2.33873874e-01  1.05762742e-01  2.34811008e-01
 -9.04598366e-03 -1.99125513e-01  9.54044461e-02  1.91969097e-01
 -1.68908183e-02 -2.00065728e-02 -3.25109243e-01  1.14206716e-01
 -1.06084086e-01  2.88472027e-01  3.06316521e-02  8.33852142e-02
  1.88571945e-01 -1.99757457e-01 -1.66270584e-01 -1.00665130e-01
 -2.72178613e-02 -1.14212222e-01  1.88417196e-01  1.40992969e-01
  5.38338125e-02  1.02020778e-01 -1.44333065e-01 -3.29604819e-02
 -2.63157219e-01 -6.17436431e-02 -7.88556859e-02 -3.61623079e-01
  1.32468387e-01 -1.30412150e-02  1.35395646e-01  1.90053344e-01
 -1.53379003e-02  1.41174406e-01  2.45531365e-01  1.86276823e-01
  2.42024422e-01  1.27653718e-01  1.12710513e-01 -4.69224155e-02
 -8.35757926e-02 -1.05527930e-01  1.49494901e-01  3.67943466e-01
  2.69847423e-01  7.40061775e-02 -2.43568018e-01  5.16530834e-02
 -7.48183504e-02 -3.96022648e-02  2.23103017e-02  1.77613437e-01
 -2.80594319e-01  1.75432399e-01  2.82651395e-01 -9.93483340e-08
 -3.03391725e-01 -8.59915540e-02  6.12538345e-02 -6.19168766e-02
 -8.83269385e-02  1.72568202e-01  2.46662915e-01 -2.13424578e-01
 -2.53042310e-01 -6.09677136e-02  1.80255100e-01 -1.52426092e-02
 -2.05347478e-01 -1.24404929e-03 -5.94719648e-02  4.85995635e-02
 -1.52407840e-01  2.43499979e-01  1.26515299e-01  1.27186656e-01
 -4.50317020e-05 -8.56878310e-02  1.15690110e-02 -1.57721385e-01
 -2.84035772e-01 -5.31934798e-02 -6.09287769e-02  3.01026460e-02
 -4.48971093e-01  1.60484597e-01 -6.34330735e-02  2.37004712e-01
  1.46986797e-01 -1.16989039e-01  1.49861693e-01 -9.65383425e-02
 -1.52649790e-01 -2.03313783e-01 -1.69299290e-01  1.85421661e-01
  1.26898378e-01  3.44988912e-01 -1.20187357e-01  1.75208002e-02
  1.22412466e-01 -6.56261947e-03  2.40268156e-01 -7.83702806e-02
  1.43354058e-01  1.31532252e-02 -3.37812483e-01 -1.88179478e-01
  1.66606531e-01  1.40956551e-01 -3.80744264e-02  1.90034747e-01
 -3.46396528e-02 -1.12372100e-01 -3.04704085e-02  2.75722682e-01
  2.87690550e-01 -2.35110074e-02 -1.70714453e-01  3.27876695e-02]"
bdb3481e94c30726d53eee2df4f45ef11bd9bd798b8b7ebee3348c2467da8238,dog_027.png,German Shepherd,watercolor painting,"beach at sunset (shoreline, sand dunes)",running along the water's edge/splashing,False,"Watercolor painting of a German Shepherd running along a beach at sunset, splashing at the water's edge with warm orange and purple sky reflections on wet sand.","[ 1.32700965e-01  8.68458226e-02  3.51563722e-01 -6.06938228e-02
  2.21104801e-01  1.34367004e-01  3.74056920e-02 -2.44379237e-01
  1.03215232e-01 -1.33532867e-01 -2.51774669e-01 -2.04898611e-01
  1.65541142e-01  1.03768550e-01 -8.63005593e-03  3.81636053e-01
 -1.23629704e-01 -8.04610271e-03  4.58706729e-02 -1.29629150e-01
 -2.54746795e-01 -1.28328204e-01 -1.56206414e-01 -2.01250717e-01
 -2.34706387e-01  2.14251671e-02  4.61030900e-01 -1.22592628e-01
 -1.12513527e-01 -1.04359128e-01  8.46016034e-02  5.74906021e-02
 -6.56202137e-02 -1.69249937e-01  1.16571017e-01 -1.59680411e-01
  5.63558228e-02  3.53757367e-02 -1.79435804e-01  2.26001278e-01
 -1.42637551e-01 -9.96253863e-02 -3.88878770e-02  4.54109013e-02
 -1.68964267e-02  4.54953946e-02 -1.02060743e-01  1.51181559e-03
 -8.89647454e-02  1.36445254e-01 -1.74650580e-01 -4.45588827e-01
 -1.64787024e-01 -1.83649242e-01 -2.67473191e-01  4.22995016e-02
 -2.99371183e-01 -6.82538971e-02  2.03905273e-02  2.04248168e-03
 -6.37294948e-02  2.74725109e-01 -3.31713669e-02  1.69776101e-02
  1.69201702e-01  1.60095945e-01 -2.19730049e-01 -6.28937557e-02
 -1.03087530e-01 -1.87011957e-01  1.77518025e-01  7.99367577e-02
  2.63821572e-01 -1.49603307e-01 -2.38514304e-01 -1.26277372e-01
 -4.74786982e-02  6.12542294e-02  7.72394910e-02 -4.35676515e-01
  1.75196528e-01 -1.16021998e-01 -3.96916777e-01  3.55614424e-01
  2.52431780e-01  2.65364110e-01 -8.50367919e-02  9.51768830e-03
  7.64712617e-02  8.74836650e-03 -1.24245837e-01 -1.83116943e-01
 -5.36562979e-01 -1.20158277e-01 -5.58428206e-02 -1.46956116e-01
  1.65284351e-01 -3.14899802e-01  1.20308056e-01  1.11505389e-01
  1.86574757e-02 -2.31863320e-01  3.02949939e-02  2.81060245e-02
  3.21101755e-01 -2.08094925e-01 -2.51175970e-01  3.97148013e-01
  7.36521557e-02 -1.52210608e-01  5.34749450e-03 -2.26088732e-01
 -4.68853302e-02  2.00497493e-01  8.88960510e-02  7.35787600e-02
 -1.25222728e-01 -3.24744731e-01 -3.33771259e-01  1.46536946e-01
  2.43627548e-01  5.48400916e-02 -1.46710560e-01  2.43078753e-01
  2.54857149e-02 -1.08298860e-01  2.33323157e-01 -6.89919969e-33
  2.50095934e-01 -1.50813416e-01  2.55743682e-01 -1.64102629e-01
  2.73789287e-01 -1.18950382e-01  1.19095802e-01 -2.17115417e-01
 -3.41107517e-01 -1.66355804e-01  6.53911904e-02 -3.79413180e-02
  4.19908315e-02  3.30568582e-01  1.86811522e-01 -1.12613700e-01
  3.16135079e-01 -1.63438961e-01 -1.26296310e-02  2.78825760e-01
 -1.48428872e-01  1.76336125e-01 -1.09608531e-01 -1.05567418e-01
  8.01167786e-02 -5.30461408e-03 -1.00708101e-02  4.24048379e-02
  1.59703627e-01  1.73469454e-01  6.39414638e-02 -3.01150799e-01
  3.08100600e-02  3.78972366e-02 -2.95134723e-01 -3.98904830e-03
 -1.63364083e-01 -2.78273761e-01  9.22245681e-02  1.00519858e-01
 -1.45370722e-01  3.85484882e-02  1.09475236e-02  1.81586757e-01
 -1.60156816e-01 -1.18018016e-01 -1.42819490e-02  9.29933190e-02
 -1.68561563e-02 -9.94457304e-02 -1.99410114e-02  2.41302624e-01
  1.61251903e-01 -1.44016936e-01 -3.79428007e-02 -4.21688333e-02
  1.99963748e-01  1.88156646e-02 -2.39469826e-01  5.19086942e-02
  2.28970170e-01 -5.66301607e-02 -1.44555017e-01  7.84368888e-02
  2.36504421e-01 -8.29947665e-02 -8.12954530e-02  2.87231486e-02
 -9.00261030e-02  1.21762656e-01 -1.35496378e-01 -6.07940229e-03
  3.48509103e-01 -1.08950883e-01 -3.45491655e-02 -1.41266823e-01
  5.13369560e-01 -7.25351498e-02 -6.31228685e-02  2.29810644e-02
 -2.85512149e-01  8.62352252e-02 -9.41942725e-03 -8.51116553e-02
 -2.27075711e-01  2.15781331e-01  1.76137477e-01  2.14385539e-01
 -2.17769548e-01  2.00870540e-02  1.34490922e-01  1.89222191e-02
  2.75782123e-02 -2.72441536e-01  4.82729077e-02 -4.80113513e-33
 -4.44817953e-02  1.42705441e-01 -1.27747759e-01  1.17068574e-01
  1.91429511e-01  1.04288064e-01 -2.39670184e-02  4.22710806e-01
 -2.36622483e-01  3.69733088e-02 -1.49088144e-01  2.55035639e-01
 -2.33885363e-01  5.53989969e-02 -5.07435240e-02 -9.01191458e-02
  2.83267885e-01  3.32374632e-01  6.14189915e-02 -1.30864829e-01
 -1.20817155e-01  2.48659626e-01  5.24795175e-01 -1.13660634e-01
 -1.76547766e-01  2.85214990e-01  2.11856619e-01 -3.25634256e-02
 -3.39495182e-01 -7.88032115e-02 -1.92414209e-01 -1.27583072e-01
  2.37442583e-01 -2.43874386e-01 -4.15617451e-02  9.54899117e-02
  1.85724586e-01 -4.53585476e-01 -1.84220374e-02  2.76621014e-01
 -2.69592996e-03 -5.39397657e-01  2.00485617e-01 -3.92255448e-02
 -9.64401960e-02  1.45206019e-01 -1.68585181e-01  1.20376915e-01
 -4.95778397e-02 -1.41463518e-01  1.47196218e-01 -1.13583528e-01
  5.62124364e-02  1.79709509e-01  7.91461319e-02 -2.16146037e-01
 -2.36696377e-02 -1.08518250e-01  8.13166946e-02  3.61895889e-01
  4.04110737e-02  2.92833209e-01 -5.25937788e-02 -4.70026061e-02
 -1.31678566e-01 -4.22545403e-01 -2.00193554e-01 -8.10020603e-03
 -5.94504625e-02 -1.69894218e-01 -1.88381776e-01  6.28634542e-02
 -1.53130934e-01  4.17970657e-01  2.61197478e-01 -9.85753760e-02
  4.75878641e-02  1.48907766e-01 -7.90601671e-02  1.24340154e-01
 -2.75012672e-01 -1.71236061e-02  1.46063976e-02  1.64505720e-01
  6.77210018e-02 -4.25338671e-02 -3.58043343e-01  5.96002117e-02
  2.09923565e-01 -1.17644131e-01  2.73613870e-01  2.45297492e-01
 -1.06986873e-01  7.10443705e-02 -4.41159382e-02 -9.93431470e-08
 -1.30238280e-01 -9.45897996e-02  7.67714977e-02 -2.27507353e-01
 -7.95116648e-03  1.46676945e-02  2.68762916e-01 -5.27610891e-02
  1.92836281e-02 -2.40216553e-01  8.54255110e-02  4.04160516e-03
 -1.81145266e-01  1.76468089e-01 -1.21258140e-01 -4.30084914e-02
  1.40620768e-01 -4.68759006e-03  3.84329446e-02  1.62803620e-01
 -1.74967781e-01  8.70628059e-02 -2.69566067e-02 -1.37993559e-01
 -2.13700160e-01  8.65189657e-02 -1.20426066e-01 -2.21079513e-02
 -1.31881952e-01  5.07524982e-02 -2.52618343e-01  2.00884104e-01
  5.05363755e-02 -2.72766192e-04 -2.26275064e-02 -5.48847020e-02
 -1.59335718e-01 -1.74545553e-02 -4.62433308e-01  3.16373974e-01
  1.36290461e-01  5.46264768e-01 -7.47217387e-02 -1.17641548e-02
  3.76087368e-01  3.17264311e-02  1.57322779e-01 -1.64943099e-01
 -1.11968093e-01  1.27764940e-01 -4.72752810e-01 -1.48397207e-01
  1.81325272e-01  1.47495475e-02  1.85883045e-02 -9.57732573e-02
 -1.27182543e-01 -2.26811424e-01  1.05718069e-01  1.51412115e-01
  1.26429603e-01  1.61809430e-01 -7.43187815e-02  3.12857330e-01]"
fe85e9af7ab618761204f6a077be5c9729623ecb5141f0e32d7fe6afacf7f95f,dog_028.png,German Shepherd,realistic oil painting,misty forest/woodland,"sitting, attentive",False,"A realistic oil painting of a German Shepherd sitting on a mossy log in a misty forest, ears pricked and an alert, noble expression, framed by tall, shadowy trees and dappled light.","[ 2.06604935e-02 -1.18995331e-01  2.13388070e-01  4.96152006e-02
  2.55500972e-01  1.08506702e-01  1.49481714e-01 -3.54687460e-02
  1.02124356e-01 -1.94831863e-01 -2.14977905e-01  2.74244733e-02
 -1.56187946e-02  5.91141507e-02 -1.66140705e-01  1.70136869e-01
 -7.94035420e-02  1.38765484e-01  3.19414921e-02 -5.41931987e-02
 -2.42983680e-02  1.27390668e-01 -3.78875062e-02 -6.24474883e-02
 -5.69922104e-02 -8.50201845e-02  1.47936612e-01 -2.89454073e-01
 -4.09822492e-03 -7.01012686e-02  1.39429227e-01  7.40860999e-02
 -9.46620926e-02 -5.69972508e-02  4.95155901e-02 -6.81763142e-02
  2.40689330e-02  5.87996542e-02  1.95797279e-01  1.69867635e-01
 -3.49318273e-02 -2.14254186e-01 -1.51341304e-01 -2.74547696e-01
 -3.95681197e-03 -1.49657443e-01 -7.61596560e-02 -6.20295433e-03
  3.44523825e-02  9.21852440e-02 -2.41938815e-01 -2.03779444e-01
 -2.61991143e-01 -2.06334978e-01 -1.08768262e-01 -1.82229459e-01
 -1.25979125e-01 -9.78982523e-02  5.49585791e-03  9.94162560e-02
  1.92131810e-02  2.70885766e-01  1.00989789e-01  1.49970829e-01
  1.08865660e-03  5.27817942e-02 -7.79777095e-02 -3.27424332e-02
  4.23408374e-02 -5.80534786e-02  7.06038922e-02  7.69248419e-03
 -2.05473274e-01 -2.60513663e-01 -3.86942513e-02 -1.35155052e-01
 -2.20191151e-01 -1.74247667e-01  2.02163160e-01 -3.92285317e-01
  9.13897529e-02  2.05672905e-01 -2.18898445e-01  2.01902434e-01
  2.47919168e-02  5.71188144e-02 -9.37039554e-02 -2.54077129e-02
 -3.49092856e-02  1.51827175e-03  1.71995331e-02 -2.30434731e-01
 -4.66473430e-01  6.48929328e-02  7.66661465e-02  1.00032106e-01
  2.41627246e-01  7.81744719e-02 -8.53614584e-02  1.54527575e-01
  1.92421842e-02 -9.32436064e-02 -7.99534842e-02 -3.67546976e-01
 -1.18817091e-02 -8.66425559e-02 -3.51005226e-01  8.79775062e-02
 -1.41545057e-01 -1.02985539e-01 -1.37017235e-01 -2.00744852e-01
 -1.72331437e-01  1.39534548e-01  4.38624015e-03 -4.58504893e-02
  5.10083139e-02 -5.74164450e-01 -2.80989379e-01  5.02478257e-02
  1.28467187e-01  5.83078302e-02 -7.70044848e-02  9.03943554e-02
  1.26527905e-01 -2.13000283e-01  2.82084167e-01 -7.87843571e-33
 -7.82291517e-02  1.15248755e-01  7.83365965e-03 -2.88674962e-02
  1.73184171e-01  5.77946194e-02 -1.04975432e-01 -1.37815014e-01
 -3.38138193e-01  1.91642851e-01 -8.44966173e-02  2.08848998e-01
  8.78719091e-02  3.08635592e-01  8.52730684e-03  8.66908394e-03
  1.21847749e-01  6.18839227e-02  1.89017400e-01 -7.88132399e-02
 -1.87571988e-01  2.49455184e-01  1.66153244e-03 -1.72149584e-01
 -1.16852254e-01  1.65519938e-01  2.36248188e-02 -8.06115046e-02
 -4.18092422e-02  1.24762401e-01  6.55266494e-02 -1.87922165e-01
 -4.04438609e-03 -2.59715825e-01 -2.26579309e-01 -8.67591351e-02
 -1.67435538e-02 -2.97861755e-01  1.10806869e-02  3.21769826e-02
 -6.86538517e-02  1.28145486e-01  1.04709156e-01  1.10127784e-01
  4.87084389e-02  3.53158981e-01 -5.21018840e-02  1.94936529e-01
 -1.37742683e-01 -2.22247951e-02  8.00614879e-02  2.80299515e-01
  1.34183869e-01 -5.21299243e-03  3.49368597e-03  1.30388796e-01
  8.99324119e-02  6.94405064e-02  1.04042869e-02  2.30123308e-02
  1.19845502e-01 -7.73033453e-03  1.05696514e-01 -1.11794062e-01
  1.27693370e-01 -7.05996230e-02 -1.99774742e-01  6.61455989e-02
 -6.63529187e-02  1.24880403e-01 -6.92242235e-02  8.57631192e-02
  1.27282947e-01 -1.70204625e-01  1.86373349e-02  3.47121023e-02
  1.92880273e-01  1.36494190e-01 -1.12741135e-01  1.58569053e-01
 -2.06103474e-01 -8.25402811e-02 -5.23809120e-02 -1.44302286e-02
 -6.04026578e-02 -8.89202058e-02 -4.95355353e-02  2.00577050e-01
 -3.71814519e-01 -6.29627109e-02  9.74440500e-02  5.03512099e-02
  3.02384794e-02 -1.75176427e-01  8.97127613e-02 -3.88958187e-33
 -2.75028478e-02  1.49897158e-01  7.70513862e-02  1.14461720e-01
  4.28778604e-02  3.03925164e-02 -1.60624593e-01  3.04498971e-01
 -9.11669061e-02  1.62081897e-01  1.33865416e-01  8.22457895e-02
 -6.35126159e-02  3.44468616e-02  5.32637127e-02 -2.66524643e-01
  4.56780829e-02  2.38325268e-01 -7.70249665e-02  9.09669697e-02
  8.54991227e-02  1.38108090e-01 -1.18025381e-03  1.15852386e-01
 -2.57722110e-01  2.70147592e-01  3.55878025e-02 -1.05693176e-01
 -2.42280021e-01  8.17622691e-02  9.08188745e-02 -2.18453214e-01
 -1.12879597e-01 -1.81764334e-01 -5.67223206e-02 -6.29221275e-02
  3.25633168e-01 -2.38879561e-01 -1.57597870e-01  1.95751861e-01
  1.91191077e-01 -1.82062060e-01  1.09820977e-01 -2.42079850e-02
  8.79265666e-02  3.37374546e-02 -1.65245131e-01 -1.71892360e-01
  1.65519059e-01  6.05266467e-02  5.17207794e-02  2.97426656e-02
  1.07079782e-01  1.55952960e-01 -3.16318795e-02 -4.99655195e-02
 -2.78889269e-01 -1.24729998e-01  1.15406945e-01  2.64181405e-01
 -1.33334517e-01  7.38046840e-02 -1.04004936e-02 -6.05002269e-02
 -2.50070602e-01 -3.78341049e-01 -2.21886352e-01 -1.06082082e-01
  1.21199287e-01 -1.07874297e-01  6.94764033e-02  1.87252641e-01
 -9.23986733e-02  2.92089254e-01  2.01082557e-01  4.71665412e-02
  3.14640969e-01 -7.90843293e-02  1.29402310e-01  1.58407688e-01
 -3.56745869e-02 -1.91887394e-01 -1.17021147e-02 -2.30893791e-02
  3.19938630e-01  1.73499691e-03 -3.31449032e-01 -2.80070007e-02
  4.46689539e-02 -2.42655754e-01  1.37029216e-01  2.50696540e-01
 -2.18588144e-01 -8.41923133e-02  1.42440265e-02 -9.89285738e-08
 -3.05136591e-01  8.34182054e-02  1.93874687e-01 -1.44741684e-01
  8.71818811e-02 -8.82809609e-02  2.07644477e-01 -6.53097630e-02
 -2.72905260e-01 -8.46520290e-02  9.20199379e-02 -1.54852852e-01
 -1.17848665e-01  7.52188191e-02  1.59727678e-01  6.48284703e-02
 -6.03676178e-02  5.62357455e-02  4.42620367e-02  2.99708210e-02
  2.19272897e-01  7.03401342e-02 -1.64782926e-02 -8.29581078e-03
 -1.56774908e-01 -1.19134791e-01  9.30702314e-02 -1.34300962e-01
 -1.29915953e-01  1.92665949e-01  3.60837132e-02  3.52364063e-01
 -2.67567183e-03  1.72807381e-01 -6.36448339e-02 -2.27567315e-01
 -1.50438979e-01 -7.06294850e-02 -4.25572187e-01  1.42943189e-01
 -1.69138834e-02  3.09040636e-01 -1.76995322e-02 -1.22799806e-01
  2.84188002e-01  6.41292855e-02  3.23421031e-01  4.65663616e-03
 -1.23925157e-01  1.62845626e-01 -1.15582921e-01 -5.76484054e-02
  1.87051669e-01  4.70953546e-02  4.17683609e-02 -2.35774368e-01
 -9.10608750e-03 -5.06546535e-02 -5.85226007e-02 -2.24073734e-02
  1.68653801e-01  1.85894385e-01 -6.46353737e-02  1.86143920e-01]"
93ec354d46c3cebc0a4367926a1f0b8ecd5cfb622f27d24da69df20a07a9291b,dog_029.png,German Shepherd,cartoon / comic illustration,park / grassy field with trees and sunny sky,running and chasing a red frisbee,True,"Playful cartoon German Shepherd running to catch a red frisbee in a sunny park with trees and flowers; large yellow ""BARANBY"" text at top.","[ 1.12768240e-01  3.48561369e-02 -3.86953615e-02 -2.20479351e-02
  1.44773886e-01  4.11625355e-02  2.22067162e-01  2.52604689e-02
  5.62964603e-02 -1.58637185e-02 -3.11827511e-02 -1.99420840e-01
 -1.79203693e-02  5.70065677e-02  2.49170214e-01  1.08514272e-01
  9.22764018e-02  1.22686033e-03  1.04131043e-01 -2.26648301e-01
  6.15851581e-02  1.22489326e-01  1.47981510e-01 -2.13338256e-01
 -4.05142963e-01 -1.81366876e-02 -1.08425245e-01 -1.33017004e-01
 -1.70310378e-01 -3.32081802e-02 -1.04455063e-02  3.63373123e-02
  1.21875077e-01  1.57570392e-01 -1.87037781e-01 -6.33190721e-02
  3.32078099e-01 -2.60257542e-01 -1.20439306e-01  3.90884072e-01
 -1.67619824e-01  1.58176526e-01  1.46370322e-01 -6.36623427e-02
 -6.65321872e-02  1.67056486e-01 -3.96787226e-01  1.98065601e-02
  1.74834549e-01 -4.97054905e-02 -8.19032490e-02 -1.73730552e-01
  2.51000136e-01  2.20306814e-01  3.29813808e-02 -7.82936253e-03
 -1.99946433e-01 -1.27743989e-01  2.55605310e-01  1.50297999e-01
  1.23410255e-01  5.00115156e-02  7.69986063e-02 -1.49320122e-02
 -1.72899678e-01 -3.41284543e-01 -4.47705746e-01  5.01370244e-02
  6.13149181e-02 -2.14081153e-01  1.66129425e-01 -9.02382731e-02
 -1.44911148e-02 -2.80800700e-01 -1.99503466e-01 -6.01572916e-02
  1.09038055e-01 -2.68266723e-02  2.11339161e-01 -2.42121354e-01
 -1.35874569e-01 -5.28205745e-03 -7.84564763e-03  8.92664939e-02
  4.51267540e-01  1.65336519e-01  5.88322245e-02  1.05413564e-01
  1.03693999e-01 -2.70535592e-02 -3.97946268e-01 -2.39277899e-01
  2.68753767e-02 -2.71795155e-03 -3.37793022e-01 -8.69498551e-02
  6.45493418e-02 -4.43507224e-01 -6.78113922e-02  2.71548361e-01
  6.86927661e-02 -1.47253707e-01  3.50204736e-01  5.92218935e-02
  1.11984618e-01 -1.35468781e-01 -2.06001699e-01  4.85444009e-01
  1.28669098e-01 -5.15951551e-02  1.26522139e-01 -2.27532879e-01
  9.78935435e-02  2.15447739e-01 -4.14440148e-02 -7.05332533e-02
 -2.93089509e-01 -2.25242928e-01 -3.25814903e-01  8.51284936e-02
  2.99553305e-01  1.22249492e-01 -2.57175446e-01  1.35563284e-01
  2.05740497e-01  2.43136771e-02  3.18161249e-01 -5.24088316e-33
 -3.21024247e-02 -1.13996126e-01  1.30119473e-02 -2.89216399e-01
  1.62773222e-01 -5.18709905e-02 -8.35781321e-02  4.32640687e-02
 -1.41307637e-01 -8.77996832e-02  4.36597168e-02  5.08156605e-02
  1.28595931e-02  2.10988536e-01  1.30354151e-01 -2.88397878e-01
  6.23385422e-03 -1.22133635e-01  3.78286034e-01  1.01810552e-01
  1.11962520e-02  7.92905688e-02  2.21271351e-01 -1.77447721e-01
  2.08854318e-01 -1.51058018e-01  3.65739167e-02 -2.95198113e-01
  1.52810410e-01  1.63175598e-01  1.67259693e-01 -4.42200929e-01
  1.43287182e-02 -1.14137471e-01 -5.05561009e-02 -1.34960040e-01
 -2.24047571e-01 -3.17664564e-01 -1.23953484e-01  1.56222031e-01
  1.19503736e-01 -1.54003188e-01 -2.62917101e-01  1.57352611e-02
 -8.05730522e-02  1.31027410e-02 -4.58738720e-03  8.84317085e-02
 -2.31544107e-01  3.71580832e-02 -1.06366336e-01  3.57434362e-01
  4.04773355e-01 -2.19282378e-02 -2.35216450e-02  8.75818357e-02
  2.78123081e-01  1.04553424e-01 -1.11805156e-01  4.62226830e-02
  2.60062933e-01  1.19523384e-01  1.00226514e-01 -1.61239564e-01
  2.87260562e-01 -1.99697465e-01  1.25545949e-01 -8.65836143e-02
 -2.89472729e-01  6.11896850e-02  1.42070770e-01  2.45147441e-02
  1.23513982e-01 -1.75341755e-01  9.70802382e-02 -1.16321266e-01
  1.78545803e-01  2.71940883e-03 -2.98844159e-01 -1.69084251e-01
 -4.22725566e-02 -2.84827381e-01 -8.95416141e-02  7.90769458e-02
 -1.03697717e-01 -1.54777905e-02  2.24633470e-01 -2.18352735e-01
 -1.73872530e-01 -7.47158378e-02  3.62741463e-02 -1.67462155e-01
 -3.58355671e-01  1.01730905e-01  3.33158165e-01 -1.17243706e-33
  4.96172607e-02 -1.16774261e-01  2.32239757e-02 -2.56103575e-01
  1.37532145e-01  2.71547943e-01 -2.48179659e-01  2.81840175e-01
 -3.12656164e-01 -3.01681161e-01 -3.17972004e-01  2.72710085e-01
 -3.96252573e-02  2.83249378e-01  8.87967572e-02  3.89692150e-02
  5.17445244e-02  4.33062106e-01 -2.36205552e-02  7.61251943e-03
 -1.27366185e-01  4.83532995e-02  1.15446426e-01  5.07503189e-02
 -1.92942824e-02  3.23286295e-01  1.78813487e-01 -1.69609711e-02
 -3.53601038e-01 -3.04356128e-01 -1.01302065e-01 -1.62775159e-01
  7.12910295e-02 -2.56929189e-01 -7.64579698e-02  6.32176101e-02
  2.20735297e-01 -3.57846111e-01 -5.26207387e-02  9.79951546e-02
  3.02490979e-01 -7.74550810e-03 -1.18495144e-01 -6.22925535e-02
 -3.92754860e-02  2.40070909e-01 -3.40186298e-01  1.18636787e-01
 -1.95540816e-01 -1.67913325e-02  2.22032487e-01 -4.32827370e-03
 -1.03145197e-01 -8.34771544e-02 -1.20539457e-01 -7.29719996e-02
 -2.69750152e-02  1.28419682e-01 -6.46551102e-02 -1.51449278e-01
 -1.16874315e-01 -6.71394393e-02  1.03654470e-02  1.94982588e-01
  2.76105646e-02 -3.90657485e-01  2.45139524e-02 -8.12755004e-02
  1.31875873e-01 -4.10913080e-01 -1.58082873e-01  2.28705764e-01
 -4.75180335e-02  1.86955377e-01 -1.15041792e-01  1.84036180e-01
  1.62243143e-01 -2.71522366e-02  5.23003414e-02  1.23187259e-01
 -1.70634352e-02 -9.25437454e-03  2.86081314e-01  3.09434503e-01
  2.37918317e-01  4.70091999e-02 -2.67449379e-01 -6.39175549e-02
  7.20413998e-02 -7.46810436e-02  2.00777411e-01  6.60817027e-01
  3.70927807e-03  2.87642717e-01  9.80663747e-02 -9.84886768e-08
 -3.55292372e-02 -1.05953261e-01 -3.94105285e-01 -6.55234009e-02
  1.46860927e-01  1.33033633e-01 -1.52961701e-01 -3.93713713e-01
 -2.29783148e-01 -3.15519810e-01  2.22604215e-01  8.93086642e-02
 -8.34566653e-02 -3.07603795e-02  1.65061340e-01 -1.16854683e-01
  1.40472199e-03 -2.92310324e-02  1.69990703e-01  5.60685992e-01
  7.27429837e-02  1.38665900e-01  1.58542797e-01  7.43948016e-03
 -4.15056109e-01 -2.62630694e-02 -8.22620988e-02 -1.46415412e-01
  1.42355323e-01 -1.86450779e-01 -2.59478595e-02  3.50661635e-01
  6.26111729e-03  1.24444544e-01  8.97153020e-02 -7.76779233e-03
 -2.76660532e-01  4.58800513e-03 -1.08848229e-01  1.01284802e-01
  2.27205545e-01  2.95847088e-01  1.02270454e-01 -1.18892193e-01
 -2.21547395e-01  1.07692838e-01  1.05880879e-01 -2.90734261e-01
  2.51486540e-01 -6.43853173e-02 -4.36547309e-01 -8.10906142e-02
  6.93064034e-02 -4.35409769e-02 -1.77901089e-01 -1.03026805e-02
 -3.20366055e-01 -2.73557812e-01 -5.88089451e-02  2.79692352e-01
  7.96506107e-02  8.58820379e-02 -1.36289179e-01  3.01915973e-01]"
a3ef22cc1d6072098f18404f2dc91e36bbd559efcec0f64e36ab105bb771f3c5,dog_030.png,German Shepherd,photograph,living room,sleeping/lying on carpet,True,"A German Shepherd dog sleeping on a beige carpet in a sunlit living room, with a large round wall clock, armchair with knitted blanket, window, coffee table with books, and a lit fireplace visible.","[ 1.94593087e-01  5.30975796e-02  1.15270607e-01  3.27392966e-01
  1.32366335e-02  1.97436109e-01 -6.81496337e-02 -1.15850165e-01
  1.94003776e-01  8.70656222e-02 -1.60275906e-01 -1.57256752e-01
  1.67633012e-01  3.19186658e-01  2.23237928e-02 -2.80534686e-03
 -3.23465198e-01 -8.63552019e-02  1.02495126e-01 -1.42856419e-01
 -1.39540330e-01  7.20089395e-03  1.91053003e-01 -1.67971566e-01
  8.85511190e-02 -6.20643049e-03  6.13636058e-03 -2.73777932e-01
  1.12547755e-01  5.31496890e-02  7.73621770e-03 -4.01020087e-02
 -1.69080198e-01 -3.61046791e-02  2.39937261e-01 -7.75655508e-02
  1.83081999e-01  9.19388309e-02  2.97638364e-02  3.67661387e-01
  1.45412058e-01  1.64561979e-02  5.08107767e-02 -2.40192905e-01
 -2.56802112e-01  7.12946206e-02 -1.94105521e-01 -1.81431055e-01
 -6.86059892e-02  1.91937819e-01 -2.92259485e-01  8.28436688e-02
  6.99736178e-02  2.21426204e-01 -1.31883562e-01  2.35332474e-02
 -4.25810702e-02  1.17939427e-01  5.18769361e-02 -7.53578022e-02
  1.35152727e-01  1.10238984e-01  1.97520554e-01  2.44691093e-02
 -1.26043692e-01  1.46036878e-01 -2.64201730e-01 -4.47283275e-02
  2.09202096e-02 -1.36297703e-01 -6.04436360e-02  1.27173752e-01
  8.10494646e-02 -1.45901546e-01 -2.36067593e-01 -1.17934532e-01
  1.00619465e-01 -1.36332601e-01  3.81320983e-01 -3.72083671e-02
 -4.33453210e-02  1.26532301e-01 -1.42745361e-01  4.55995761e-02
 -5.63899279e-02  7.79863596e-02  1.79738432e-01  5.45954444e-02
 -1.69571772e-01 -1.29839495e-01  1.06443234e-01 -1.11659177e-01
 -1.47252738e-01 -1.21521883e-01 -3.96827757e-02  3.12419403e-02
  4.88762036e-02 -2.59223040e-02  1.03486776e-01 -5.97930923e-02
 -1.15598768e-01  7.58055374e-02  4.68351282e-02  1.81457371e-01
 -4.68599349e-02 -1.70121372e-01 -1.86015695e-01  7.15269521e-02
 -8.22746754e-02 -4.82504861e-03 -1.24095529e-01 -6.02345839e-02
 -1.30408863e-03  1.04612023e-01  2.41420135e-01  8.07709843e-02
  3.21844853e-02 -4.07259390e-02 -3.69945727e-02  4.48359177e-02
  2.31812418e-01 -2.60023419e-02 -2.86811721e-02 -6.30199630e-03
  1.92390680e-01 -1.17942765e-01  1.61805242e-01 -4.36643658e-33
  1.38099089e-01 -1.04484777e-03 -1.52637586e-01 -1.35824457e-01
  1.90254197e-01 -5.54436222e-02  3.45462486e-02  4.52024907e-01
 -8.47878531e-02 -2.17055809e-02  1.49837106e-01  2.25897536e-01
  4.08013240e-02  5.68290502e-02 -1.79174300e-02  1.50080755e-01
  1.44251004e-01  8.36794674e-02 -1.89068001e-02 -1.35247797e-01
 -7.40354210e-02  2.80702144e-01  3.43457639e-01  5.72634600e-02
  2.74142076e-04 -8.42639282e-02  6.95787594e-02 -8.40605795e-02
 -2.74851680e-01 -6.53906390e-02 -1.79693513e-02 -8.63768607e-02
 -2.90382728e-02  2.23923475e-02 -2.98762679e-01  4.08279188e-02
 -1.70612425e-01 -4.03347351e-02 -1.55153498e-01  1.04402021e-01
  3.92034687e-02  1.60244808e-01  3.16619694e-01  3.79215740e-02
 -1.98378135e-02  1.53474033e-01  5.61351553e-02 -3.95922363e-02
 -1.23506524e-02  1.80140864e-02  7.50675937e-03  1.40509650e-01
 -8.04243982e-02 -1.44279465e-01 -1.36476401e-02  8.22851509e-02
  2.33603895e-01 -4.83007766e-02  1.19003110e-01  1.37248576e-01
  2.15899378e-01 -1.17816143e-01  2.35513393e-02 -6.66449144e-02
  7.01423511e-02 -4.48320597e-01 -2.98358351e-01 -9.28127766e-02
 -8.40305611e-02  3.66622694e-02  2.02453900e-02  3.29219587e-02
  5.07572778e-02 -3.32591124e-02  2.33725198e-02 -1.21090055e-01
 -1.38839737e-01  6.14496954e-02 -2.05230057e-01 -2.27857813e-01
  6.62331283e-02 -5.39546646e-02 -9.04216245e-02 -8.27987492e-02
 -5.30946516e-02  3.22569944e-02 -4.28586192e-02  4.24101442e-01
 -2.90188968e-01 -2.01320450e-04 -1.11479595e-01 -7.49685466e-02
  9.21858996e-02 -1.40912667e-01  1.12182982e-01 -3.07069100e-33
  5.94744310e-02 -2.43148237e-01 -1.39749512e-01 -5.60142845e-02
 -1.90907009e-02  1.01309411e-01 -3.18616688e-01  1.28859624e-01
 -2.16983542e-01  1.54737458e-01  2.19467491e-01  1.80185422e-01
  1.28757104e-01  1.39331326e-01  1.33077979e-01 -1.30387262e-01
  1.56750932e-01  1.68733940e-01 -2.84256358e-02  4.87808734e-02
 -2.37621129e-01  1.55108228e-01 -2.37751096e-01  2.04786867e-01
 -9.55818370e-02  2.31806085e-01  7.85657167e-02  3.09364311e-02
 -7.75087252e-02 -9.40818116e-02 -2.57972300e-01 -1.39766976e-01
 -8.04264396e-02 -1.39663639e-02  1.17203429e-01 -6.41882122e-02
  2.02081576e-02 -3.61618310e-01 -9.39939916e-02  7.05629811e-02
  1.85656354e-01 -1.48180500e-01 -1.81383595e-01  1.67586077e-02
  1.33637294e-01  8.91019218e-03 -3.63625377e-01 -1.44370362e-01
  1.24945901e-01  1.35581106e-01 -6.67408807e-03 -1.69668332e-01
 -1.51186317e-01 -7.17229769e-02 -7.65316561e-02  1.07090496e-01
 -3.81960750e-01  1.61233880e-02  2.50867128e-01  1.09336570e-01
  1.06287353e-01  2.10615054e-01  2.03703776e-01 -3.35858725e-02
 -3.55986774e-01 -2.48969257e-01 -2.00975075e-01 -1.25626370e-01
  2.28609219e-01 -8.99185017e-02  9.95734483e-02  6.41504601e-02
 -1.02047637e-01  1.38815984e-01  7.53155872e-02  2.12847859e-01
  2.98539132e-01 -8.11719447e-02  4.85653281e-02 -5.39450981e-02
 -7.08469599e-02 -1.78313076e-01  1.69614097e-03  3.77835184e-02
  1.75627843e-01 -1.53312549e-01 -9.94578078e-02  8.02035406e-02
  7.44582042e-02 -3.47946547e-02 -4.23169360e-02  2.02550694e-01
 -1.60699889e-01 -1.07936030e-02  1.31199419e-01 -9.91034312e-08
 -3.25852990e-01 -1.89559177e-01 -7.14308694e-02  1.19082905e-01
 -1.83006331e-01 -3.10155660e-01  1.95327803e-01 -3.06114882e-01
 -6.86548650e-02  1.01038165e-01  2.58862019e-01 -1.27347410e-01
 -1.22385332e-02  5.01196943e-02 -8.92283842e-02  1.57718092e-01
 -2.28131488e-01  1.02040999e-01  2.00986952e-01  2.49102578e-01
 -3.45845930e-02 -1.31234080e-01  1.84894070e-01  1.93790253e-02
  6.51857676e-03 -9.53097418e-02  1.52312042e-02  5.52398786e-02
 -1.00187324e-01  1.32177725e-01 -2.28521824e-02  4.59118467e-03
  8.28982815e-02  1.53469339e-01 -5.65112606e-02 -2.27142006e-01
  7.52126798e-02 -9.32160169e-02 -8.18880498e-02  6.18152730e-02
  2.26438850e-01 -6.23145737e-02 -3.27906787e-01 -1.62669539e-01
  1.13793284e-01 -8.27605799e-02 -1.54846301e-03 -2.74327159e-01
 -7.84891322e-02  1.44669060e-02 -3.32384259e-01 -1.00779146e-01
 -3.40508707e-02  1.17145546e-01 -7.50768483e-02 -2.15644777e-01
  3.30756567e-02 -6.94968775e-02  1.90379396e-01  1.55250102e-01
  8.83179531e-02  2.61705905e-01 -1.07349865e-01  9.64276120e-02]"
f170d6df41930d1535f163172db8c4612e77cb3c9791c2b6182f4c58ecce84ac,dog_031.png,Siberian Husky,photograph,alpine mountains / snowy slope,"running through deep snow, kicking up snow spray",False,"Close-up of a Siberian Husky with blue eyes running through deep fresh snow on a mountain slope, snow spraying around it with snow-covered peaks in the background.","[-4.30765226e-02  3.66614461e-02  5.12994170e-01  1.16020963e-01
  3.83169465e-02  5.04378304e-02  6.69371858e-02  1.23673141e-01
  1.83033422e-01  3.54836315e-01 -4.94624116e-02  1.78095065e-02
  1.99150383e-01  2.38683105e-01 -5.41009493e-02  1.96631461e-01
 -5.12875393e-02 -1.35582864e-01 -2.88158413e-02  1.92583613e-02
  2.69196257e-02  9.21357647e-02 -1.41782194e-01  2.44372830e-01
 -2.50223756e-01  4.53542545e-02 -9.43390559e-03  2.01455560e-02
  4.84961905e-02  3.33630554e-02 -3.09781969e-01 -2.50400782e-01
 -2.15152968e-02  4.64478321e-02 -1.24681853e-01  1.65597405e-02
  4.18610722e-02  9.26427990e-02  1.03302868e-02  5.45725405e-01
 -6.92637786e-02  3.01541872e-02 -7.94361681e-02 -2.30025321e-01
 -4.36896048e-02  9.46699362e-03 -1.56292573e-01 -1.40319541e-01
  7.87144080e-02  1.10066287e-01 -2.77734488e-01 -2.52345115e-01
 -7.24903867e-02  2.58672148e-01 -1.19186319e-01 -3.73619385e-02
 -2.63509363e-01 -2.96330541e-01  9.26888585e-02  7.32102022e-02
  1.38241483e-03  8.89619812e-02 -7.28297755e-02  2.22567935e-02
 -4.38555740e-02  7.87640288e-02 -3.34382147e-01  2.93022301e-02
  2.75486689e-02 -9.77692232e-02  1.52629480e-01  2.77488977e-01
  2.73610260e-02 -2.32788846e-01 -1.72714680e-01 -2.56304234e-01
 -8.28921571e-02 -2.08241105e-01  8.80119130e-02 -1.20639883e-01
  2.70206451e-01 -6.71538487e-02 -1.55946285e-01  1.25938223e-03
 -7.30974302e-02  7.17000291e-02 -1.10285728e-04 -6.03227057e-02
 -3.27248313e-02 -1.51212722e-01 -7.82963857e-02 -1.53067693e-01
 -3.40634584e-01 -2.01069117e-01 -2.95840412e-01 -5.82910404e-02
  2.39730313e-01 -2.48466492e-01 -8.60760584e-02  4.49650101e-02
  1.74797960e-02 -5.68837881e-01 -9.53703895e-02 -1.73651084e-01
  1.79664582e-01  3.07640135e-02 -1.94369093e-01  2.69021511e-01
  4.24761064e-02 -6.89753518e-02 -5.59507869e-02 -3.94217223e-01
 -1.39800638e-01  2.66745389e-01  2.01867521e-01  1.23812638e-01
 -3.86783808e-01 -1.29282966e-01 -1.79620922e-01  6.21804520e-02
  2.16441080e-01  2.45485440e-01 -1.27929787e-03  1.40497088e-01
  4.34679896e-01 -7.35552087e-02  4.56428379e-02 -4.06671528e-33
  3.72223258e-01 -2.25325692e-02 -2.31545508e-01  1.73847273e-01
 -4.59163226e-02 -2.22041234e-01  1.32530674e-01 -6.43924922e-02
 -3.14154565e-01  2.47162521e-01 -2.79488973e-02  1.73938334e-01
 -1.07479297e-01 -1.89654771e-02  1.37692332e-01 -1.36085629e-01
 -2.35683238e-03 -1.94930416e-02 -1.13440953e-01  5.00055611e-01
  5.36514558e-02  2.28636935e-01 -3.55048589e-02  3.54778916e-02
  3.27640176e-02 -1.60306603e-01 -2.09580123e-01 -2.54461259e-01
 -1.74185649e-01 -3.97252478e-02  2.83217102e-01  1.38682112e-01
 -2.24283397e-01  1.66783363e-01 -1.09130152e-01 -1.26828432e-01
 -7.38947839e-02 -1.84894368e-01  1.31738558e-01 -1.85097866e-02
  1.56915635e-01  1.87842976e-02  4.75042686e-02 -3.09923887e-02
  1.87768526e-02  2.13987082e-01 -4.59185727e-02  2.09884286e-01
 -2.43351869e-02 -5.57690002e-02  2.65270323e-01  3.91138822e-01
  2.26345554e-01  7.67225176e-02  1.07345298e-01  2.09724367e-01
  1.39272302e-01  2.64231376e-02 -2.48985495e-02  3.91946495e-01
  1.99983031e-01 -2.65989006e-01 -2.35923305e-01 -1.09266169e-01
  1.86111376e-01 -7.22687721e-01 -5.97979277e-02  2.20707208e-01
 -1.56062707e-01  1.19969763e-01  6.22863099e-02  7.11142179e-03
 -1.14371199e-02 -1.29387036e-01  9.87365749e-03 -3.41743737e-01
  1.22918621e-01  8.92815217e-02 -1.13612963e-02  6.06141761e-02
 -9.02643427e-02  1.84393331e-01  2.90292837e-02  1.31226256e-01
 -2.06773505e-01  2.95066983e-01  2.78465897e-01 -3.75549644e-02
 -7.75360093e-02  1.21013513e-02  3.37466374e-02 -3.80793214e-02
 -1.42032608e-01 -2.07567483e-01  2.31357682e-02 -4.98400054e-33
  1.84766471e-01 -1.41667321e-01  4.53897230e-02  2.42924765e-01
 -1.42250851e-01  4.30952251e-01  2.24918395e-01  4.34273183e-01
  7.27519020e-02  1.62818879e-01  9.10031796e-02  2.99012065e-01
  5.96725345e-02  2.34776571e-01  2.70861149e-01 -1.04527295e-01
  1.48682371e-01  8.28914419e-02  2.44186092e-02 -3.71762574e-01
 -1.86694965e-01  1.22613743e-01  1.06177749e-02 -1.16291948e-01
  2.53453106e-01  2.84994729e-02 -9.93299484e-02  2.94457436e-01
 -2.69157469e-01 -2.13667810e-01 -6.01886325e-02  3.94253805e-03
  4.45381030e-02 -1.87291473e-01 -4.58862633e-03  3.70495230e-01
 -6.48236424e-02 -4.86123919e-01 -2.28599250e-01  3.04120500e-02
  1.33199871e-01 -3.86301100e-01  2.42951095e-01  1.52722687e-01
 -2.40021329e-02 -2.28943497e-01 -1.45072296e-01  8.89261961e-02
 -9.41339787e-03  1.02855943e-01 -1.18890733e-01 -2.41023123e-01
 -1.75166294e-01  6.84019849e-02 -3.05892497e-01 -2.03704014e-01
 -1.51011705e-01  5.93498722e-02  3.14529866e-01 -1.72283679e-01
  4.83464263e-02 -2.76893079e-02 -9.47059095e-02 -1.23894162e-01
 -2.74138629e-01 -2.83226013e-01 -1.24647334e-01 -2.44529232e-01
  2.58912504e-01 -3.53895128e-03  1.87826261e-01 -6.74670702e-03
  1.58052482e-02 -1.36857301e-01  6.74539581e-02  5.03917076e-02
  1.04762159e-01 -1.30752131e-01 -5.12847565e-02  1.57724798e-01
  2.35670642e-03  4.75564152e-02  6.96331114e-02  3.66287261e-01
  1.90983698e-01  2.47202486e-01 -8.37114900e-02  2.22952709e-01
 -8.80224407e-02 -1.76967025e-01  2.07533054e-02  4.97798212e-02
  5.04899013e-04  3.07409856e-02 -1.14952371e-01 -1.00450471e-07
 -5.07955924e-02  5.97413592e-02 -2.12991789e-01  1.35505125e-01
 -1.59908459e-02  1.49346575e-01 -9.30997878e-02 -1.62697539e-01
 -1.96598008e-01 -1.29496858e-01  6.65493831e-02  1.31046057e-01
 -6.97224140e-02  3.49120766e-01 -4.37008590e-02  3.77383046e-02
 -3.49502154e-02  2.80703247e-01 -7.43916538e-03  4.87301238e-02
 -4.50418591e-01 -1.13491546e-02 -1.26926258e-01 -1.23879099e-02
 -9.88353565e-02  3.89348976e-02  1.44165382e-02 -1.10524170e-01
  1.30027801e-01 -6.25445228e-03 -1.44932508e-01  3.43391225e-02
 -4.52643372e-02 -1.27764076e-01  2.37690404e-01  1.71701550e-01
 -1.63871557e-01  2.17243418e-01 -6.22355193e-02  4.34833467e-02
  7.17261061e-02  1.42621040e-01 -7.09887743e-02  4.38388810e-02
 -7.60950148e-02 -1.11460388e-01 -2.75487546e-02 -3.22625518e-01
  2.47902740e-02 -7.83020854e-02 -3.88269156e-01 -1.05523475e-01
  6.51600733e-02  2.84678489e-01 -6.95199370e-02 -2.04645082e-01
 -1.07909031e-01 -2.92440832e-01 -5.90421148e-02  7.71687329e-02
 -5.57555184e-02  7.27470368e-02 -1.50267348e-01  1.33058175e-01]"
4115ffacbbe7d21157c9eb7b270b7a9550514740c48271e103efe668c419ea00,dog_032.png,Siberian Husky,photograph,forest (sunlit pine woods),running/playing while holding a red-and-blue rope toy in its mouth,False,"A gray-and-white Siberian Husky with blue eyes runs through a sunlit pine forest carrying a red-and-blue rope toy in its mouth; bushy tail raised, lively playful motion, dappled sunlight on mossy ground.","[ 1.13603972e-01 -5.23568038e-03  3.28328401e-01  1.69318035e-01
 -3.28823961e-02  8.45072865e-02  2.02796400e-01  1.91910397e-02
  4.73985486e-02  3.84608746e-01  6.66347519e-02 -9.94371697e-02
  1.64416954e-02  3.25514764e-01  7.86237232e-03  2.01100260e-01
 -8.20309445e-02 -1.11175247e-01 -7.42562264e-02  2.95630209e-02
  1.59698147e-02  7.29764905e-03 -3.41382176e-02  3.86013708e-04
 -2.75563359e-01  4.34154496e-02 -1.17752664e-01 -3.50432424e-03
  1.40053434e-02 -4.60711941e-02 -1.32866442e-01 -4.35343564e-01
  4.22716653e-03  1.29862085e-01 -5.12115248e-02 -2.01693289e-02
  1.06191553e-01 -2.43264869e-01  1.25629351e-01  4.75356638e-01
 -3.08387429e-02  4.80359159e-02 -7.38926157e-02 -2.40821252e-03
 -1.66801900e-01  4.25290205e-02 -3.12676907e-01 -1.51550412e-01
  3.80335338e-02  1.44709861e-02 -2.32227936e-01 -1.83640197e-01
 -7.36196265e-02  2.84065962e-01 -1.77269801e-01  1.21196195e-01
  1.97825767e-02 -1.28921375e-01  7.02905208e-02  2.38760449e-02
  2.18766123e-01  1.30880028e-01  3.14613432e-02 -6.16849549e-02
 -8.17325190e-02 -9.85482261e-02 -1.45593941e-01  1.08745180e-01
 -1.09992437e-01 -9.48784426e-02  1.16199382e-01  5.87107465e-02
  4.00884124e-03 -3.89409736e-02 -8.02227482e-02 -1.70810550e-01
  6.24205954e-02  2.05663775e-04  9.86708477e-02 -1.38536289e-01
  1.69441313e-01  1.89325232e-02 -2.78108329e-01 -2.61857454e-02
 -1.51801452e-01  1.40208989e-01 -2.76488531e-02  1.15021884e-01
 -1.59547225e-01 -2.81870067e-01 -1.63211033e-01 -1.04179308e-01
 -1.83378264e-01 -2.88935989e-01  3.73419225e-02 -5.87459505e-02
  1.00581802e-01 -1.08604617e-01  4.55522770e-03 -9.75115225e-02
  6.37780651e-02 -2.14886740e-01  1.53213590e-01 -9.47934985e-02
 -1.18234055e-02  5.15785106e-02 -2.85831034e-01  1.44716248e-01
  1.75119177e-01 -1.12772949e-01  2.63142232e-02 -1.42701074e-01
 -6.12633042e-02  2.59789139e-01  1.54345453e-01  3.60325798e-02
 -2.21545234e-01 -2.97470996e-03 -1.53434709e-01  8.07815939e-02
  2.10317850e-01  5.20705804e-02  9.32311192e-02  1.12554431e-01
  1.93295017e-01 -1.07776746e-01  9.03731864e-03  5.25245911e-34
  1.60631448e-01  1.44729968e-02 -1.50599048e-01 -2.32141232e-03
 -1.40216365e-01  2.06469446e-02  2.09973333e-03  1.41434865e-02
 -3.74086410e-01  1.68865666e-01 -2.31965899e-01  1.59009203e-01
 -8.92274529e-02  2.98953708e-02  1.19986705e-01 -8.79663602e-02
 -1.85380414e-01 -3.98098640e-02 -4.98504639e-02  2.46985197e-01
 -7.40594417e-02  2.20377758e-01  1.45973518e-01 -9.34556406e-03
  1.64688498e-01 -1.75943360e-01 -1.66030116e-02 -3.30011070e-01
 -1.56219676e-02 -1.01503477e-01  2.13163882e-01 -8.86988193e-02
 -1.84555501e-01  2.34348133e-01 -1.19778939e-01 -1.23934083e-01
 -4.08182666e-02 -1.34080365e-01  3.65272537e-02  5.72778331e-03
  1.93297699e-01 -9.45005044e-02 -4.73941416e-02  1.70202926e-01
 -1.34213969e-01  7.86903575e-02  3.35977748e-02  4.39706184e-02
 -1.65053159e-01  8.36620387e-03  1.39178215e-02  3.02476197e-01
  1.41145796e-01  3.87900835e-03 -7.29983672e-02 -5.68669029e-02
  1.42953202e-01  7.35291466e-02 -1.09943308e-01  1.59502491e-01
  3.56857985e-01 -2.63838649e-01 -1.31515145e-01 -1.81104288e-01
  2.05216318e-01 -2.34359324e-01 -8.82703904e-03  1.29144430e-01
 -4.08131331e-02  3.26900147e-02 -4.27115634e-02 -5.83876632e-02
 -1.47177398e-01 -1.20338634e-01  1.20160326e-01 -2.83926338e-01
  1.87914863e-01  1.23408347e-01 -6.09975271e-02 -4.90527935e-02
 -2.20638484e-01  2.95949169e-02  8.33488703e-02  7.50617012e-02
 -6.69494122e-02  1.09540988e-02  2.36026824e-01 -1.43719628e-01
 -5.34142368e-02  1.43242693e-02  1.29968494e-01  1.08553553e-02
 -2.45495141e-01 -3.15482095e-02  2.59864628e-01 -7.50102635e-33
  6.84215948e-02 -1.91394538e-01 -1.30947202e-01  2.18662024e-01
  4.33978299e-03  2.63666034e-01 -5.42095378e-02  2.36121863e-01
 -1.24955915e-01  1.08403666e-02  1.35108069e-01  2.77672470e-01
 -3.24796466e-03  2.16273263e-01  3.64512801e-01 -1.16604410e-01
  1.46669999e-01  1.69367149e-01  3.76017801e-02 -1.05484605e-01
 -6.57225102e-02  1.99669495e-01 -7.41733238e-02  6.68273419e-02
  9.05011669e-02  1.41527846e-01  6.40246943e-02 -6.64433986e-02
 -2.18975782e-01 -1.33418143e-01  1.06414825e-01 -1.74493678e-02
  1.29903052e-02  9.37972739e-02  4.76436578e-02  7.71511048e-02
  4.21916470e-02 -1.55113176e-01 -1.65586546e-01  4.26049791e-02
  5.93361370e-02 -1.01807214e-01  1.10475160e-01  1.99376628e-01
 -1.71810985e-01 -7.38183185e-02 -1.99637398e-01  9.43459794e-02
 -8.46262053e-02  3.21368188e-01  7.16926977e-02 -1.83699250e-01
 -8.05086792e-02 -1.94572449e-01 -2.39693433e-01 -2.31260490e-02
 -1.60391793e-01  1.10907234e-01  1.97821155e-01 -6.50009364e-02
 -7.20653981e-02  4.31078076e-02  3.48017327e-02 -1.23729445e-01
 -1.68165967e-01 -2.92825431e-01 -2.97112484e-02 -3.16711754e-01
  2.21281424e-01 -1.87042281e-01  4.83751185e-02  5.28483093e-02
  2.02540364e-02 -4.08836380e-02  1.07616283e-01  2.61283249e-01
 -4.13471237e-02 -8.19914863e-02 -8.02560896e-03  1.15479611e-01
 -4.70086653e-03  1.24615774e-01  2.21768469e-01  1.15822397e-01
  6.80675358e-02  2.30245247e-01 -1.31977946e-01  2.00043008e-01
 -2.26314336e-01 -1.46204695e-01  1.18420206e-01  2.68906415e-01
 -4.20117490e-02  1.97703212e-01  1.72486641e-02 -9.87501991e-08
 -1.65453535e-02  6.59680739e-02 -1.21352896e-01  1.63944885e-02
 -5.57620488e-02  2.56936669e-01  7.05034286e-02 -1.63147688e-01
 -2.14618802e-01 -3.45514938e-02  1.90161511e-01  8.55455101e-02
 -1.06715597e-01  3.08127165e-01 -1.51573315e-01 -6.17011115e-02
 -1.85632065e-01  3.33469689e-01  1.33934379e-01  3.45140874e-01
 -2.34738991e-01 -9.37492400e-02 -6.21810835e-03  2.02392057e-01
 -2.16168270e-01  1.65903699e-02 -1.28138021e-01  3.42429057e-02
  1.93607450e-01  1.40529452e-02  1.90453023e-01  2.60298818e-01
 -2.50103623e-01  4.84202895e-03 -8.31186846e-02 -2.99267974e-02
 -1.95313722e-01  2.17192531e-01 -2.46018060e-02  1.84487581e-01
  2.57787198e-01  9.22149867e-02 -1.86032653e-01 -5.86930104e-02
 -1.50648862e-01 -7.39939138e-02 -1.86151013e-01 -3.84124219e-01
  4.60679866e-02  6.85561150e-02 -3.61394018e-01 -9.59828869e-02
 -2.24785525e-02  8.64552855e-02 -7.81518817e-02 -1.93083301e-01
  6.86449418e-03 -8.26198980e-02 -2.33558938e-02  8.66349414e-03
 -1.07670315e-01 -9.82061625e-02 -2.61690132e-02  2.10978925e-01]"
fffd826e6da11397f40c64b18fdfdc96338a609db1741658f1a407c568a98fdf,dog_033.png,Siberian Husky,photograph,park picnic,sitting at picnic table wearing a party hat next to a birthday cake,True,"Siberian Husky wearing a party hat sits at a wooden picnic table on a red-checkered blanket in a sunlit park, next to a colorful rainbow birthday cake with '2026' candles, balloons, wrapped gifts and hanging streamers.","[ 6.59909993e-02  2.01759011e-01  2.33771592e-01  1.21961601e-01
 -6.82288632e-02  2.99126267e-01  1.68435216e-01 -1.28667057e-01
  1.49229571e-01  3.71591419e-01  4.15825546e-02 -8.09738562e-02
 -9.89892036e-02  1.49048537e-01  5.68478834e-03 -2.38809222e-03
 -9.61888880e-02 -1.25419214e-01  1.04824649e-02 -9.94328037e-02
 -2.72449374e-01 -1.31416410e-01 -9.30134356e-02  2.91728824e-02
  5.01839370e-02  5.35439607e-03 -3.06397863e-02  1.15318457e-02
  7.16354623e-02  2.34950073e-02  1.09817050e-01 -1.09742969e-01
 -9.19281021e-02  5.13949953e-02 -6.25508949e-02  6.37425259e-02
  6.09326251e-02 -2.04913631e-01  9.48129371e-02  3.47477138e-01
 -2.94175409e-02  8.24760497e-02 -6.43379316e-02 -5.89516722e-02
 -4.76428084e-02 -2.15105861e-02 -2.03163669e-01 -1.40444636e-01
  8.61524325e-03  1.15280420e-01 -5.70439659e-02  1.04216531e-01
  1.22144431e-01  6.68782890e-02 -1.45902246e-01 -1.51131496e-01
 -9.72397402e-02 -1.16024151e-01 -5.56348404e-03 -7.93723240e-02
  3.83055843e-02 -1.15899801e-01  1.12920500e-01 -1.23303391e-01
 -1.77019611e-01 -1.20607719e-01 -2.39542395e-01  2.09670484e-01
  5.10894917e-02 -6.42432868e-02  1.86354071e-02  2.94063479e-01
  1.55632809e-01 -1.41919553e-01 -1.44619733e-01 -2.83743173e-01
 -2.67190989e-02 -9.04631242e-02  1.61679953e-01 -8.91123805e-03
 -1.38042465e-01  1.35334611e-01  7.37688690e-02 -4.39823568e-02
 -1.50781751e-01 -8.36711004e-03 -2.14681685e-01  2.27758110e-01
 -2.88090348e-01 -1.60123900e-01 -2.07353160e-01 -6.69995248e-02
 -1.99253056e-02 -1.06242169e-02 -1.87135756e-01  2.08552212e-01
  9.35260952e-02 -9.39446539e-02  1.12171449e-01  1.57132030e-01
  6.39771596e-02  5.76101094e-02 -8.22231323e-02 -3.97428162e-02
  1.69324413e-01 -1.54121965e-01 -3.78308475e-01  1.52285755e-01
  9.12569836e-02 -1.68876126e-01 -1.21292956e-01 -5.90848289e-02
  3.08588408e-02  2.68465251e-01 -8.07004347e-02  9.63844955e-02
 -1.07677624e-01 -1.04217350e-01  1.00738019e-01 -6.13144934e-02
  2.30201796e-01  1.92370221e-01  1.07695177e-01  2.66229391e-01
  5.45905121e-02 -5.06099984e-02  1.66858975e-02  2.11742739e-34
  1.24568611e-01 -7.11333305e-02 -7.58284107e-02  1.41768932e-01
  2.17463136e-01  5.32221459e-02  1.34344563e-01 -1.95542853e-02
 -1.95949972e-01  1.28671050e-01 -4.50097993e-02  9.66622084e-02
  1.03480384e-01 -4.78545986e-02  1.30328640e-01 -9.42005590e-03
 -1.93765312e-01  4.80511412e-02  1.34816458e-02  2.98023392e-02
 -1.80660591e-01  4.36866134e-02  1.04750350e-01  7.07573518e-02
  5.71305165e-03  2.02538580e-01  7.25967810e-03 -1.64168403e-01
 -7.42094591e-02 -2.59483531e-02  8.09886754e-02 -1.75048131e-02
 -7.92429522e-02  1.15193672e-01 -3.71392742e-02 -1.18216269e-01
 -1.81743190e-01 -1.52011588e-01 -1.07145784e-02  1.72309130e-01
  1.69643119e-01 -5.33293001e-02 -7.23133236e-02  1.62544861e-01
 -1.96331710e-01  6.10047616e-02  2.43427411e-01  9.11796391e-02
  8.10958445e-02 -7.47155100e-02 -2.87052449e-02  1.97694704e-01
  2.64409810e-01 -5.53047517e-03 -3.13584358e-02 -1.92962155e-01
  3.52156833e-02 -3.43459542e-03  1.13090150e-01  7.12205619e-02
  2.85736650e-01 -2.41416588e-01 -1.83587253e-01 -2.25918815e-01
  9.68028381e-02 -2.71060824e-01 -8.61927718e-02 -1.69479530e-02
  5.04904538e-02  2.26873398e-01  2.86971658e-01  9.10813734e-02
 -4.64711748e-02 -1.43288225e-01  7.13990908e-03 -1.29055783e-01
  1.04389213e-01  3.32317427e-02 -3.81900258e-02  1.29426762e-01
  7.08804280e-02  1.32171899e-01 -5.50145134e-02  6.86558383e-03
 -2.82464892e-01 -7.44180903e-02  9.19822380e-02  1.57267720e-01
 -1.20372400e-01 -1.56357363e-02  1.23964638e-01 -1.37741461e-01
  5.19650318e-02 -1.17163271e-01  6.33236244e-02 -6.18623592e-33
  1.09149024e-01 -8.63771364e-02 -2.14965284e-01 -1.10659420e-01
  9.32250321e-02  7.45752603e-02 -2.03273539e-02  7.54205212e-02
 -1.34112298e-01 -6.64275587e-02  1.32979318e-01  1.40364289e-01
  5.81125021e-02  2.35596910e-01  2.16425359e-01 -2.18108408e-02
  2.71244533e-02  3.36708784e-01 -1.74723826e-02 -7.47628510e-02
 -2.06271186e-01  2.81251311e-01 -5.02533875e-02  1.98906854e-01
  4.60782945e-02  4.72438894e-02  1.76953927e-01 -2.14486510e-01
 -2.28651658e-01 -3.87559161e-02 -1.37738377e-01 -1.39496997e-01
 -8.93161669e-02 -4.64575477e-02  1.68039307e-01  9.70501900e-02
 -1.38844714e-01 -2.70203888e-01 -2.10395589e-01  9.31705162e-02
  1.60014212e-01 -5.67786135e-02  5.80003718e-03  3.25899154e-01
  7.98250735e-02 -2.38963892e-03 -3.70798796e-01  1.43983468e-01
  1.18718833e-01  2.06905723e-01 -4.60343920e-02 -2.99799025e-01
 -8.47609490e-02 -1.78820387e-01 -6.07294701e-02  7.25957900e-02
 -4.38281476e-01  3.58474404e-02  1.86271444e-01 -1.26259536e-01
 -7.70016983e-02  3.27927694e-02  1.53070569e-01  1.69362444e-02
 -2.38882542e-01 -2.24732354e-01 -1.06558457e-01 -3.66027877e-02
  8.97854120e-02  1.34710491e-01  4.45176587e-02 -8.48852992e-02
 -5.74438013e-02  3.04661021e-02  1.41466558e-01  3.93132046e-02
  3.11010927e-01  1.77537635e-01  3.47571790e-01 -7.33730793e-02
 -1.69997737e-01  1.20361805e-01  1.01746805e-01 -4.19520847e-02
  3.13345999e-01 -6.19080812e-02 -7.47916400e-02  6.19216822e-02
 -2.76954830e-01  3.55872773e-02 -1.36616856e-01  1.30079836e-01
 -1.05910346e-01  2.47167170e-01  8.07967857e-02 -9.88936222e-08
  1.64956167e-01 -3.19150388e-02 -3.85643303e-01 -3.12063452e-02
 -1.09733686e-01 -6.68427870e-02  2.41060406e-02 -1.93608433e-01
 -2.05340385e-01  8.00506696e-02  1.78150639e-01  1.92300573e-01
  5.06607406e-02  1.22335125e-02 -2.76584715e-01  8.66115838e-02
 -3.18064392e-02  3.80484939e-01  1.18354561e-04  7.30602145e-02
 -2.04604015e-01  4.82344069e-02  2.95068081e-02 -1.54057182e-02
 -1.02884725e-01 -6.95351337e-04  7.25976080e-02  9.24189016e-02
  1.53458312e-01 -7.69043937e-02 -6.30514137e-03 -1.67350024e-02
 -2.28400052e-01 -6.06284291e-02  2.49014646e-01 -6.10968210e-02
 -2.71015197e-01 -1.70028899e-02  8.13341886e-02 -5.92311323e-02
  6.68477938e-02  1.06072687e-02 -2.15192616e-01 -5.45438230e-02
 -1.05868455e-03  7.43897706e-02 -2.50639133e-02 -1.46091312e-01
 -1.90815568e-01  3.01082735e-04 -2.91130573e-01 -6.73887730e-02
 -3.61563489e-02  1.68288741e-02 -1.15606546e-01 -6.59782216e-02
  9.18057188e-03 -1.47840306e-01  6.84964508e-02  2.12319792e-04
 -9.06951800e-02  2.13187292e-01 -1.43109024e-01 -7.53427297e-02]"
cf55c43fc83ecb6a1aa94dba3dd17de9f4cdfa24bf228c5dc24db47115814961,dog_034.png,Siberian Husky,photograph,beach,"running through shallow water, splashing",False,"Siberian Husky running toward the camera along a sunny sandy beach, water splashing around its legs, with distant dunes and a bright sky.","[ 2.06637114e-01  2.42285788e-01  4.33184683e-01  8.50730017e-02
  1.87540859e-01  7.24143460e-02 -1.25176430e-01 -1.85924303e-02
  3.14085335e-01  4.46488798e-01  3.54874060e-02 -8.14866275e-02
  1.88560545e-01  4.76407617e-01 -2.40780171e-02 -1.14679253e-02
 -8.35383981e-02 -1.46912962e-01 -1.00947060e-01  1.20919541e-01
 -1.92447096e-01 -3.58110555e-02 -3.72438431e-02  1.11537851e-01
 -2.22255036e-01  2.53935764e-03  1.72245607e-01 -7.73432329e-02
 -1.59481883e-01 -1.14089206e-01 -5.92264086e-02 -1.43946320e-01
 -1.87880814e-01  2.61648577e-02  1.14481851e-01 -1.05644748e-01
  4.82847244e-02 -3.42535138e-01  2.89693065e-02  6.12176955e-01
  4.63668369e-02 -4.14004289e-02  3.07574481e-01 -3.27546410e-02
  3.51313427e-02  1.04899481e-02 -2.95843277e-03 -3.17244291e-01
  2.58376509e-01  1.74978688e-01 -2.65109807e-01 -4.60050464e-01
  7.45131541e-03  8.19616318e-02 -3.47164571e-01 -8.19262341e-02
 -3.70175809e-01 -2.21689641e-01 -1.00846574e-01 -3.49984229e-01
  2.97225207e-01  1.91198319e-01 -1.46164611e-01 -7.75304958e-02
 -3.18876430e-02 -1.26573816e-01 -4.55641747e-01 -8.02208763e-03
  2.48231664e-01 -9.64638963e-02  4.47396897e-02  4.07126844e-01
  5.74791357e-02 -3.06255400e-01 -5.84546566e-01 -4.91789043e-01
  1.08995967e-01  8.05063546e-02  3.02076042e-01 -3.70530963e-01
  4.48985785e-01 -1.69548154e-01 -4.12353605e-01  4.66169566e-02
  3.56835462e-02  1.88005507e-01  1.76646411e-01  6.11662827e-02
  2.16835961e-01 -2.26710781e-01 -3.59784037e-01 -3.64600092e-01
 -3.77544701e-01 -2.61297137e-01 -2.68183827e-01 -1.59771726e-01
  2.03037202e-01 -4.22606915e-01 -6.92807417e-03 -1.47367921e-02
  1.05662905e-01 -2.85904765e-01  2.52036840e-01  3.43801491e-02
  3.89985591e-01 -1.51233017e-01 -3.34067553e-01  5.21181345e-01
  2.55057961e-01 -1.73250467e-01 -9.23802108e-02 -2.50368983e-01
 -6.36048764e-02  5.09495914e-01  3.17785054e-01  1.54738590e-01
 -4.55853432e-01 -1.37378946e-01 -2.38103852e-01  1.13757234e-02
  1.83211550e-01  1.11932129e-01 -7.07734749e-02  3.03702414e-01
  4.55734968e-01 -3.29673626e-02  1.71159402e-01 -1.01377138e-32
  2.14207485e-01 -2.72209179e-02 -1.22979626e-01 -1.07252844e-01
  1.00861050e-01 -3.02395999e-01  2.55045220e-02 -2.27229446e-01
 -4.07316983e-01  1.15273215e-01 -1.96783155e-01  1.62030205e-01
  1.51672423e-01  5.71259968e-02  1.49687245e-01 -1.03629351e-01
 -1.05108827e-01 -1.08430684e-01 -1.59915805e-01  4.86116946e-01
  1.82620268e-02  1.27677053e-01 -1.15531020e-01 -1.02177158e-01
  2.87653327e-01 -2.92784452e-01 -2.04098567e-01 -2.72941083e-01
  8.64684805e-02  7.46727437e-02  1.72187891e-02 -1.54526830e-01
 -1.06330201e-01  1.79569870e-01 -4.97901030e-02  1.04908012e-02
 -2.35179752e-01 -2.22379491e-01  2.78136015e-01 -6.07524673e-03
  2.45837778e-01 -1.46176174e-01 -9.84461531e-02  3.72315571e-02
  1.97276082e-02  9.83352512e-02 -2.64889989e-02  2.49344125e-01
 -2.15308983e-02 -1.81038722e-01  1.27233669e-01  2.89041191e-01
  2.62182772e-01  2.24676430e-01 -1.26594156e-01 -1.32596865e-01
  2.00560272e-01 -5.81031926e-02 -3.93838555e-01  4.09789592e-01
  4.19023305e-01 -2.29811698e-01 -4.33001012e-01 -2.13443965e-01
  1.74679562e-01 -4.86571342e-01  1.36023089e-01  4.80485082e-01
 -1.54751748e-01  3.04152310e-01 -3.45679037e-02 -1.83904484e-01
  1.30238086e-01  7.34913861e-03  7.85949752e-02 -2.86387444e-01
  2.02641681e-01  2.15223804e-01 -2.77676016e-01  3.20480227e-01
 -2.84528971e-01  2.56588250e-01  2.53989071e-01  1.40705302e-01
 -3.65332007e-01  4.10838038e-01  2.79787660e-01 -7.45227337e-02
 -5.39842546e-02  8.84221643e-02 -3.11782584e-02  2.07689516e-02
 -5.92487268e-02 -1.33177012e-01  6.03437386e-02  2.35542472e-33
  1.93480790e-01 -6.03930727e-02 -1.96428031e-01  1.33400545e-01
  1.12882778e-01  4.06196326e-01  3.13639462e-01  4.33401227e-01
 -2.66939789e-01 -1.36145219e-01 -2.42636412e-01  3.12136970e-02
 -3.03651839e-01 -6.73828134e-03  3.76153827e-01 -1.10301077e-01
  2.40937963e-01 -5.93535975e-02  3.09960973e-02 -1.24869674e-01
 -3.87482904e-02  2.04256520e-01  4.10725176e-01  1.13677196e-01
  3.35939527e-01  1.74402267e-01  2.82963127e-01  1.57735378e-01
 -5.37532866e-01 -1.88075885e-01 -2.04304338e-01 -1.50020301e-01
  3.05002183e-01 -1.98291823e-01 -1.61640495e-01  4.35419083e-01
 -3.61588709e-02 -2.35193521e-01 -1.60364032e-01  3.21718790e-02
  1.24680504e-01 -3.99234980e-01  2.88786471e-01  3.14868331e-01
 -4.41314913e-02  3.17334011e-02 -1.61221754e-02  2.34040886e-01
 -2.19453365e-01  8.88349041e-02  1.43938094e-01 -4.16428208e-01
 -5.26086912e-02  2.95411140e-01 -1.67064831e-01  3.64003628e-02
 -1.78644329e-01 -8.41553882e-03  2.04251736e-01  4.16867249e-02
 -1.19731184e-02  2.17225403e-01 -1.32469848e-01 -2.09551618e-01
 -3.17717582e-01 -3.73393625e-01 -2.22685322e-01  1.08292207e-01
  9.27954689e-02 -1.60255283e-02 -1.40139088e-01  7.50331879e-02
  8.66070390e-02  3.08932126e-01  2.62180597e-01  1.10508472e-01
 -1.28024340e-01  7.15656951e-02  7.92229921e-02 -3.17070894e-02
 -1.12103872e-01  8.15809295e-02  7.62700960e-02  1.23459369e-01
  2.98559457e-01  3.85974675e-01 -2.99162149e-01  3.17115746e-02
 -1.06372699e-01 -6.78445250e-02  2.84411371e-01 -1.98214129e-02
 -4.52104770e-02  2.41588235e-01 -2.58630127e-01 -9.71205338e-08
  5.47199659e-02 -8.84881839e-02 -1.40335873e-01  1.58613343e-02
 -3.22987050e-01  1.12267233e-01  2.92728782e-01  1.31483555e-01
 -6.65174797e-02 -3.53946626e-01  9.87053365e-02 -4.94493321e-02
 -7.89119974e-02  4.13716644e-01 -2.94024408e-01  1.68114334e-01
  3.16282474e-02  2.79853225e-01 -4.48721945e-02  1.84302196e-01
 -4.50514555e-01 -1.72778636e-01 -1.35051668e-01  5.88545837e-02
 -5.28143197e-02  2.24977851e-01 -2.08866641e-01 -5.05219996e-02
  1.90651283e-01 -2.93601036e-01 -1.50993198e-01 -1.49174124e-01
 -1.42399490e-01 -2.60701422e-02  1.19280763e-01  2.22020626e-01
 -1.67018324e-01  9.41793248e-02  2.07200274e-02  3.83851469e-01
  1.34688988e-01  5.32832742e-01  1.51545405e-02 -3.69791011e-03
  3.76856700e-02  6.86621144e-02  1.44702774e-02 -5.26136041e-01
  7.13699460e-02 -1.61882013e-01 -5.04822016e-01 -7.32078850e-02
  1.76566407e-01  1.18106946e-01 -1.45990461e-01 -1.42880008e-01
 -3.68277058e-02 -6.22842610e-01 -1.39185905e-01  2.90844619e-01
  1.04786396e-01 -4.46641026e-03 -1.63395226e-01  3.27432096e-01]"
89a7f0bcfc443acf00510da51bf59e7a1a5783ad07fee412bbe7dc747ddc8ae5,dog_035.png,Siberian Husky,photograph,alpine mountain lake with pine forest and rocky shoreline,standing on a rock in the water,False,"Siberian Husky standing on a small rock in a clear alpine lake at sunrise/sunset, with snow-capped mountains and pine forest reflected in the calm water.","[ 5.77966459e-02  2.97035694e-01  4.18985426e-01  2.36999407e-01
 -9.53273177e-02  2.08183914e-01  7.47980922e-02  3.77680399e-02
  3.11026543e-01  3.10954630e-01 -6.94576697e-03 -1.44657016e-01
  8.70350897e-02  2.76780784e-01 -7.32784346e-02  1.15956075e-01
 -6.34334385e-02 -1.86821558e-02  1.50985643e-01 -1.06761485e-01
 -1.86335385e-01 -6.77374452e-02 -1.94637179e-01  1.75198928e-01
  7.99524635e-02 -3.21894698e-02 -6.63470030e-02  1.53134748e-01
  1.98489606e-01 -4.01745923e-02 -8.21508616e-02 -2.85885841e-01
  1.07042536e-01  2.62678135e-02 -1.42301053e-01  2.46817872e-01
  7.63531774e-02 -2.42849112e-01  1.38237178e-01  4.62933332e-01
  4.61165570e-02 -6.18253350e-02  1.62225068e-01 -2.48446867e-01
 -9.47956741e-02  2.23698933e-03 -7.62168169e-02 -1.26120389e-01
  1.27545774e-01  8.51919129e-02 -2.32911810e-01 -5.13806105e-01
 -1.52832165e-01  1.85355693e-01 -2.64131367e-01  1.10554144e-01
 -2.11351395e-01 -3.51923466e-01  1.77713603e-01 -1.22022383e-01
  2.03403935e-01  1.49212167e-01 -9.05553624e-02 -3.78650837e-02
 -2.83440799e-02  2.10704237e-01 -4.65658367e-01  1.14724599e-02
  1.07730985e-01 -2.87704140e-01  1.75374344e-01  4.12349761e-01
  1.11712717e-01 -3.36836576e-01 -2.74923533e-01 -4.68480170e-01
 -1.02793083e-01 -1.48527678e-02  1.07286520e-01 -7.76368901e-02
  3.95258628e-02 -3.52701470e-02 -2.22041339e-01  6.81941956e-02
 -1.40316248e-01  1.66567266e-02  3.04029025e-02  1.43900648e-01
 -8.79252702e-02 -3.67421091e-01 -8.91680792e-02 -2.19879702e-01
 -2.73682296e-01 -2.20069245e-01 -1.95364967e-01 -1.23003192e-01
  3.20094168e-01 -1.63110971e-01  1.45801470e-01 -9.38499495e-02
  2.57815808e-01 -2.79173374e-01  1.28988415e-01  3.58596556e-02
  1.37614191e-01 -1.58738837e-01 -5.15738785e-01  2.95679271e-01
  1.79071769e-01 -9.67611596e-02  3.80166550e-03 -1.81792766e-01
 -1.58757284e-01  5.54154992e-01  2.61721283e-01  1.56414181e-01
 -1.88296184e-01 -2.16496512e-01 -6.64415434e-02 -6.70900345e-02
  1.65865406e-01  2.14772522e-01  1.43194005e-01  1.36320636e-01
  3.70629281e-01  1.69017673e-01  9.43427309e-02 -4.89746211e-33
  2.83479571e-01  4.07391191e-02 -3.40058148e-01  4.25511785e-03
  1.16744354e-01 -1.95012555e-01  5.80437109e-02 -1.77411526e-01
 -4.07766670e-01  2.33420022e-02 -2.13013738e-01  5.71149170e-01
  9.00117978e-02 -1.99913263e-01 -6.39103949e-02 -1.99397445e-01
  4.28484157e-02  4.80615422e-02 -3.16671342e-01  2.98195243e-01
 -1.34525612e-01  3.75000805e-01  2.91907359e-02  8.38815272e-02
  3.77980098e-02 -2.35008746e-01 -2.49245331e-01 -3.64966780e-01
 -2.88186014e-01 -1.13682374e-01  2.55325526e-01 -2.34670844e-02
 -4.54588793e-02  1.71483576e-01  1.32025063e-01 -1.05663449e-01
 -1.69227019e-01 -1.37104526e-01  1.28986970e-01 -8.41277838e-02
  2.68441081e-01 -1.24203868e-01  2.97604948e-02 -1.18397437e-01
  4.85487580e-02 -5.06784394e-02 -1.33320289e-02  1.36560544e-01
  3.37873884e-02 -6.76985085e-02 -1.13200420e-03  4.46985990e-01
  2.63702534e-02  2.08072707e-01 -2.27281272e-01  1.39840245e-01
  1.57036886e-01  3.88091169e-02 -1.91395521e-01  3.67869407e-01
  1.01779722e-01 -1.87041596e-01 -1.13521805e-02 -3.40684384e-01
  2.77822971e-01 -3.62922907e-01  1.72323897e-03  2.85463780e-01
 -4.79483567e-02  4.50891376e-01  2.43220359e-01 -8.99396762e-02
 -1.19895279e-01  2.65748799e-01 -1.12535357e-02 -3.85440171e-01
 -2.65105069e-02  2.10878059e-01 -2.51669168e-01  4.98442799e-01
 -1.34211063e-01  2.57779598e-01 -6.46036118e-02  8.94154087e-02
 -2.37471730e-01  4.84865010e-02  3.37382674e-01 -1.20605923e-01
  2.14399230e-02  1.54315785e-01 -3.10107231e-01  5.77656925e-02
  9.73829906e-03 -2.59449482e-01  2.12987348e-01 -4.99727628e-33
  4.02843297e-01 -3.96366090e-01  1.18178286e-01  1.75215662e-01
 -6.81081191e-02  3.69885534e-01  1.70252591e-01  4.58148390e-01
 -4.74760503e-01  1.82764769e-01  1.08294278e-01  1.80799305e-01
 -7.33120814e-02  9.60375369e-02  2.12879255e-01 -2.30525658e-01
  3.30066197e-02  1.15829125e-01  6.56057969e-02  6.41672835e-02
 -1.99257597e-01 -1.00937765e-02 -1.17985047e-01  4.21157777e-01
  1.33304328e-01  1.34050280e-01  6.56930506e-02 -1.04024798e-01
 -4.10675108e-01 -2.88442284e-01 -2.78392762e-01  2.10227743e-02
  2.10385501e-01 -2.56930113e-01 -5.71823344e-02  4.09817606e-01
  1.52727636e-02 -3.91867846e-01 -1.38142243e-01  1.23843826e-01
  2.70967633e-01 -2.60394782e-01  2.30002269e-01  2.77972341e-01
  2.36510355e-02 -2.57857684e-02  7.61669651e-02  2.77405620e-01
 -3.05109918e-01  1.94309637e-01  8.96973163e-02 -3.81055683e-01
 -1.26348976e-02 -3.41425240e-02 -8.72650594e-02 -2.00526521e-01
 -2.96638489e-01  4.20778506e-02  2.10436374e-01 -1.74619123e-01
 -1.86487481e-01 -8.51148888e-02 -1.71331167e-02 -2.19500333e-01
 -1.57050386e-01 -4.04285640e-01 -1.37478709e-01 -8.37541744e-02
 -3.35773104e-03 -1.22542633e-03  1.92760285e-02 -1.73336029e-01
  2.31043950e-01 -1.05455652e-01  2.83224970e-01  9.25797895e-02
 -6.86045736e-02  9.25942510e-02  1.06102861e-01 -3.35997373e-01
 -6.42602742e-02  3.09151523e-02  8.12604353e-02  3.24071765e-01
  3.39432687e-01  2.88463473e-01 -1.67777017e-02  1.17796630e-01
 -1.17713220e-01  9.61794257e-02  7.41731841e-03  3.23748231e-01
 -4.57086116e-01  1.01492807e-01 -4.74697761e-02 -9.84083854e-08
  1.59310937e-01  4.87056375e-03 -1.62639275e-01  6.93939403e-02
 -3.07214230e-01  6.63177520e-02  3.84039402e-01 -3.07135314e-01
 -3.52066159e-01  1.67759899e-02 -8.05593580e-02  7.54252076e-02
 -1.13968328e-01  3.11448611e-02 -3.25121522e-01  2.23856866e-01
 -1.95712537e-01  2.00669870e-01  3.03579457e-02  2.37487078e-01
 -4.13010091e-01 -1.02243140e-01  4.83648926e-02  2.32848730e-02
  2.03331038e-02  2.81411898e-03  1.52013684e-02  3.45937200e-02
  1.77800059e-01 -3.43181007e-02  6.87791035e-02  5.32318950e-02
 -1.93016604e-01 -1.31546840e-01  3.14650148e-01 -2.50509717e-02
 -2.84069348e-02  1.16200298e-01  1.33389026e-01 -6.54239878e-02
  1.02505296e-01  2.52399176e-01 -1.34873971e-01 -5.23437895e-02
 -1.55231223e-01  2.56809860e-01 -1.76113069e-01 -3.56863946e-01
 -1.04877807e-01 -3.58604155e-02 -4.68456507e-01 -1.82562694e-01
  3.47410768e-01  1.08996361e-01 -2.70976275e-01  2.39898590e-03
  1.07646935e-01 -3.56332511e-01 -1.03375677e-03  1.71287969e-01
  9.86061618e-02 -8.51090550e-02 -1.97991237e-01  1.01737916e-01]"
b076d621a8b4ddf0b3b6ee76b295fd05a595447e658ae5a7a061bf7a2724b583,dog_036.png,Siberian Husky (artist depiction),pencil sketch / black-and-white illustration,snowy mountain landscape with distant pine trees,"running through snow, splashing snow",False,"Pencil sketch of a Siberian Husky running through snow in a mountainous, pine-forested landscape.","[ 1.04908310e-01  7.95575008e-02  4.36363876e-01  2.55484283e-01
 -1.28784075e-01  8.19453225e-02 -3.38238329e-01  1.84832424e-01
  2.71594852e-01  6.15756214e-01 -2.36695677e-01  1.46158367e-01
  9.62789059e-02  5.43878436e-01 -1.65122598e-01 -6.49763346e-02
 -4.09605652e-01 -1.64430529e-01  2.08018571e-01 -2.18829326e-02
  9.67589021e-02 -1.22287571e-01 -6.26872927e-02  7.30818510e-02
  1.02542758e-01 -2.13619620e-01 -1.52936623e-01 -2.17809863e-02
 -9.41069573e-02 -1.18247168e-02 -3.23715508e-01 -4.66642201e-01
  1.36904150e-01  1.96173817e-01  8.42323676e-02  6.83731586e-02
  1.49933130e-01  3.92869376e-02 -3.87214534e-02  8.24438870e-01
 -7.52079412e-02 -1.86540633e-02  6.66319877e-02 -2.45269507e-01
  6.39598221e-02 -3.67971174e-02 -3.93295676e-01 -2.15896413e-01
  1.11825228e-01  3.45961392e-01 -4.05775607e-01 -3.83109003e-01
 -3.96774858e-01  1.26149371e-01 -1.78919107e-01 -1.09827958e-01
 -8.32538828e-02 -3.25889289e-01 -3.89269814e-02 -2.40441799e-01
  7.70800710e-02  2.00679541e-01 -1.55431017e-01  6.47519678e-02
 -4.96115759e-02  1.08407259e-01 -3.85754526e-01 -1.05415024e-01
  2.18609214e-01 -1.79370672e-01  2.62155205e-01  4.46911395e-01
 -1.47584081e-01 -3.44430149e-01 -1.52173117e-01 -5.06953537e-01
 -3.74071449e-01 -5.03438003e-02 -1.01147662e-03 -2.62108862e-01
  4.24402863e-01  2.01880783e-01 -4.56044674e-01  2.54765481e-01
 -1.42978951e-01  4.07355458e-01 -3.67360637e-02 -5.82592469e-03
  8.19948539e-02 -2.60275662e-01 -1.40611857e-01 -9.42456797e-02
 -4.51222718e-01 -4.58749458e-02 -3.86668146e-01 -1.52566820e-01
  4.05454159e-01 -1.35199398e-01 -1.15893975e-01 -1.57570168e-01
  3.62977892e-01 -6.65396571e-01  2.98016608e-01 -2.78163970e-01
  2.57537931e-01 -6.59529716e-02 -4.84429270e-01  2.51976818e-01
 -1.00756980e-01 -2.85037577e-01  6.88221231e-02 -1.44643381e-01
 -3.16416264e-01  6.91805720e-01  5.22112370e-01 -5.59512004e-02
 -4.58471388e-01 -1.57565460e-01 -1.73983067e-01  4.25836265e-01
  7.27339834e-02  3.40980381e-01 -9.80236903e-02  2.17961878e-01
  4.02441025e-01 -1.20820925e-01  3.38201523e-01 -1.57107524e-32
  3.29035640e-01  9.33140144e-02 -3.00322682e-01  6.58857897e-02
  1.07964635e-01 -2.35166505e-01  1.06274866e-01 -1.06847838e-01
 -3.13786805e-01  2.46166036e-01 -6.52929991e-02  1.41091555e-01
  6.51572868e-02  9.15699452e-02  3.40559363e-01  5.21610491e-02
 -1.28046319e-01 -1.74582601e-01  1.72248073e-02  5.82857430e-01
  9.95272845e-02  2.67852455e-01  7.58352429e-02  6.58773780e-02
  2.27716282e-01 -1.74007118e-01 -2.59849757e-01 -4.94142950e-01
 -1.71310753e-01 -5.47672510e-02  1.05760768e-01 -3.91767211e-02
 -2.92541981e-01  2.47422010e-01 -3.85214955e-01 -1.93678960e-01
 -1.15207635e-01 -4.31959569e-01  4.23169792e-01  1.96597725e-01
  3.74461591e-01 -2.25063130e-01  2.98688561e-01 -1.82622187e-02
  2.18852470e-03  2.24402621e-01 -5.44456132e-02  4.34159189e-01
 -2.03360915e-01  1.40846491e-01  1.33472428e-01  5.87895989e-01
  4.01518822e-01  1.24201752e-01  8.71564075e-02 -1.79398656e-01
  3.93266439e-01  1.81428287e-02 -7.14333653e-02  3.93815935e-01
  3.54735613e-01 -2.95194060e-01 -2.11223394e-01 -1.68365613e-01
 -1.00961968e-01 -7.73342311e-01 -1.47325560e-01  2.00727552e-01
 -2.17089772e-01  2.93958127e-01 -9.08284932e-02 -1.36013255e-01
 -9.94531065e-03 -2.08641440e-01 -1.02144768e-02 -4.93936598e-01
 -3.18024047e-02  2.83164740e-01 -8.60138685e-02  4.92095090e-02
 -3.97208393e-01  1.63262889e-01 -1.31279543e-01 -4.75354902e-02
 -3.99357259e-01  2.70843506e-01  5.73835671e-01 -7.57314414e-02
 -1.77389443e-01  1.18766680e-01 -1.23483479e-01 -1.32469479e-02
 -2.77889341e-01  1.67550854e-02  3.86270076e-01  2.18843436e-33
  2.66161859e-01 -1.40366971e-01  2.64480025e-01  3.12368423e-01
 -1.17244460e-01  5.36619306e-01  1.98910031e-02  2.20339805e-01
 -1.04587153e-02  3.38300620e-03  3.59269641e-02  3.64181429e-01
  9.41079110e-02  2.25376755e-01  6.09588981e-01 -2.83787638e-01
  5.99442311e-02  2.11993903e-01 -3.89158912e-02 -4.29162413e-01
 -3.30502361e-01  8.59489590e-02 -1.20795049e-01 -6.25797734e-02
  2.14424640e-01  1.43895239e-01  1.59647197e-01 -5.18385321e-03
 -3.79031003e-01 -2.94664711e-01 -5.23591321e-03 -4.46799845e-01
  5.77306226e-02 -1.94411859e-01 -1.26880378e-01  3.28082353e-01
  2.85156310e-01 -5.19456685e-01 -3.04544419e-01 -3.79754379e-02
  4.63655800e-01 -1.89273164e-01  4.93927091e-01  4.90829378e-01
 -4.14164662e-02 -1.00952901e-01 -2.34493345e-01  8.75065327e-02
 -1.91800464e-02  4.78098780e-01  2.65974939e-01 -2.37727970e-01
 -2.34934948e-02 -1.02443889e-01 -3.95830780e-01 -1.79583386e-01
 -2.39587992e-01 -1.35934025e-01  2.85787821e-01 -1.90721706e-01
 -2.23230168e-01 -2.81421281e-02 -2.21792743e-01 -2.40607262e-01
 -3.30116898e-01 -6.47064030e-01 -6.93605319e-02 -2.65437782e-01
  3.56093049e-01  9.89577994e-02  1.61057532e-01  1.84939459e-01
  1.69983715e-01 -2.07925603e-01  3.00289631e-01  1.45558074e-01
  8.16182345e-02  6.09522089e-02  1.00590132e-01 -8.97168741e-02
  3.36588956e-02 -3.84491608e-02  1.05399847e-01  3.48050117e-01
  3.93943608e-01  4.75541264e-01 -2.77113825e-01  4.20687675e-01
 -2.29385659e-01  1.43026039e-01  3.12649310e-01  3.04023176e-01
 -1.05863154e-01  9.32314545e-02  6.36116341e-02 -9.78074723e-08
  1.34555548e-01  3.64493012e-01 -2.05282971e-01  8.98447707e-02
 -9.27304253e-02  2.55980700e-01  3.53376061e-01 -3.07325274e-01
 -3.47445756e-01  1.08919717e-01  3.16581160e-01  1.62683100e-01
 -7.67667964e-02  4.47289467e-01 -3.06893528e-01 -6.92816004e-02
 -1.33109810e-02  4.43763644e-01  2.66074780e-02  1.12570062e-01
 -4.92488682e-01 -1.59440860e-01 -3.81175429e-01  1.85641080e-01
 -2.78244227e-01  1.58086061e-01 -6.94343075e-02 -1.27643526e-01
  1.08274505e-01  1.11894747e-02 -3.71285379e-01  1.15818165e-01
  1.45198647e-02  5.67981377e-02  2.41280869e-01 -5.16253412e-02
 -1.54391810e-01  2.62629986e-01 -3.20378765e-02 -2.20707543e-02
  4.17408526e-01  1.37501538e-01 -1.10885464e-01 -1.16122916e-01
 -2.41079837e-01 -1.09528676e-01 -6.20374084e-03 -6.00725114e-01
 -4.01467308e-02  4.48284522e-02 -7.75981426e-01 -1.02139950e-01
  5.88628240e-02  2.85955191e-01 -1.13914147e-01 -8.23686942e-02
 -8.98024887e-02 -3.76559228e-01 -1.35266989e-01  2.58090198e-01
 -1.19943082e-01 -1.59683511e-01 -3.70834291e-01  1.90539688e-01]"
6284759eda1d66653068ef3bfc52bd9500ba7fc5591d926e56122210c2fcb5fe,dog_037.png,Siberian Husky,watercolor painting,misty forest,sitting and alert,False,"Watercolor painting of a Siberian Husky sitting alert in a misty pine forest, cool blue-green palette, detailed fur and expressive eyes.","[ 1.07797116e-01 -1.62903722e-02  3.83992076e-01  1.55302584e-01
  1.12118237e-01  2.37570062e-01  3.29889983e-01 -2.53620207e-01
  1.54291883e-01  1.36124253e-01 -2.42025435e-01 -2.63867117e-02
  1.33063093e-01  2.70994157e-01 -2.51267940e-01  3.40160072e-01
 -1.66674733e-01 -4.15139310e-02 -2.77049989e-02 -4.67197523e-02
 -1.13165744e-01 -2.10605897e-02 -3.28160673e-01 -9.36403777e-03
 -1.48036227e-01 -8.77684653e-02  2.78824538e-01  5.53212911e-02
  6.53125122e-02 -1.17726937e-01 -1.23716984e-02 -2.36002624e-01
  1.86412901e-01 -1.69131160e-01 -5.52731864e-02 -3.89449345e-03
  7.38343969e-02 -1.74056724e-01  1.21741928e-01  1.92302719e-01
 -1.96523100e-01  5.38327619e-02 -1.81746840e-01 -2.63382010e-02
 -7.87923336e-02 -1.95139751e-01 -1.77123323e-01 -2.20841423e-01
 -8.21894780e-02  1.21788010e-01 -3.27999175e-01 -3.53623033e-01
 -2.83100843e-01  2.30538528e-02 -1.67454392e-01 -1.97580323e-01
 -1.50094464e-01 -2.33766750e-01  5.45682907e-02 -7.49819130e-02
 -7.00680986e-02  1.84002683e-01  2.85178274e-02  9.97383520e-02
  1.52305951e-02  1.54469103e-01 -3.41727883e-01  1.83689624e-01
  1.15216799e-01 -3.29795599e-01  1.77088991e-01  1.23094901e-01
  1.76089749e-01 -1.88086048e-01 -7.90740997e-02 -2.02768579e-01
 -6.90729618e-02 -4.21302766e-02  1.67491421e-01 -2.33823210e-01
  2.82218546e-01  1.56259537e-01 -1.65682748e-01  2.61044174e-01
  6.50989264e-02  1.64041877e-01 -2.87400484e-01  5.83584048e-02
 -3.91590059e-01 -1.57409042e-01  7.03639910e-02 -2.67509576e-02
 -3.27915370e-01 -2.05678016e-01 -7.27996901e-02  4.72716503e-02
  2.96657741e-01 -2.46360451e-01  1.99988946e-01 -4.08659391e-02
  9.57989041e-03 -2.92531341e-01  9.91291851e-02 -3.82608742e-01
  2.11456358e-01 -3.39901358e-01 -3.20454955e-01  3.14858496e-01
  1.60523087e-01 -4.26362544e-01 -2.29921177e-01 -2.14966580e-01
 -2.28029445e-01  4.70336229e-01  6.08627461e-02  1.99355409e-01
 -2.40056310e-02 -3.33622068e-01 -1.72352791e-03  1.26050517e-01
  2.72113681e-01  2.11044494e-02  8.20235722e-03  9.63987783e-02
  7.32144341e-02 -1.99718967e-01  2.07957104e-02 -6.36326977e-33
  2.66080409e-01  9.42732021e-03 -6.02943785e-02  1.17792740e-01
  1.77029148e-01 -1.74611151e-01  1.81815013e-01 -3.14474285e-01
 -4.85767066e-01  1.71023384e-01 -7.44107738e-02  1.41888142e-01
  3.68601196e-02  2.64706075e-01  3.22266296e-02  1.17757492e-01
 -5.48418052e-02 -8.65969993e-03 -1.34831965e-01  1.96995780e-01
 -1.94040924e-01  2.73960054e-01 -1.52926803e-01  2.00492013e-02
  1.58572812e-02 -6.38185302e-03 -9.41755921e-02 -1.15528122e-01
 -8.44942499e-03 -3.19858827e-02  6.24346472e-02  2.20989004e-01
 -6.28402531e-02  3.22291963e-02 -2.92602003e-01 -3.26162845e-01
 -1.20314486e-01 -2.71180481e-01  1.97011188e-01  2.44175166e-01
  1.25571221e-01 -3.04603949e-02 -1.57757774e-02  2.14892671e-01
  1.10290125e-01  2.07406715e-01  1.14018293e-02  2.64373064e-01
 -6.18331879e-02  7.76994973e-02 -5.56069762e-02  4.76824403e-01
  1.88450381e-01  2.47987449e-01 -2.70151377e-01 -1.42637357e-01
  2.18130171e-01  1.90343689e-02 -1.10255174e-01  1.26627579e-01
  1.26840010e-01 -1.09445155e-01  1.90244466e-02 -3.25416833e-01
  2.83407837e-01 -2.85263509e-01 -9.72264037e-02 -5.18359244e-02
  6.36326820e-02  2.05128863e-01 -8.02302882e-02  9.20391902e-02
 -3.83425951e-02 -3.36159527e-01  7.06799999e-02 -4.12185311e-01
  2.70915151e-01 -3.46431248e-02 -1.12735175e-01  2.17154160e-01
 -2.89130509e-01  1.78541943e-01 -5.07674254e-02  1.94474474e-01
 -1.29171401e-01  5.63761033e-02  1.59026995e-01  2.94046640e-01
 -3.75887901e-01  1.17352173e-01  1.35910973e-01  7.54053667e-02
 -2.53572892e-02 -3.41175735e-01  1.84536591e-01 -5.71382274e-33
  1.68885916e-01 -1.27728075e-01 -2.32337918e-02  3.26405227e-01
  1.91564098e-01  1.08701445e-01 -3.79344113e-02  4.89389360e-01
 -3.52853909e-02  2.62361228e-01  3.96053076e-01  3.25230300e-01
 -1.31960243e-01  2.29151055e-01  1.00057952e-01 -5.42012341e-02
  2.26064518e-01  2.65784711e-01 -4.77234498e-02 -9.91126597e-02
 -1.30105779e-01  2.10837647e-01  1.50240541e-01  2.07108930e-01
 -1.86759263e-01  3.06697398e-01  1.94674492e-01 -1.88818559e-01
 -1.96612328e-01 -1.78687703e-02 -1.15047105e-01 -1.20479912e-01
  8.22301954e-03  1.49011746e-01  1.81428716e-01 -1.07865810e-01
  3.12018186e-01 -5.00599802e-01 -4.35088068e-01  3.68627101e-01
  3.25562298e-01 -3.43533874e-01  1.41254812e-01  3.65328759e-01
 -6.60810620e-02 -4.73580994e-02 -9.88331959e-02  1.60351079e-02
 -1.00528963e-01  1.64859936e-01  1.68973327e-01 -2.45775193e-01
 -3.01110726e-02  2.08276242e-01 -7.58920386e-02 -2.31879711e-01
 -6.26581162e-02 -1.04761295e-01  1.04363181e-01  3.20385188e-01
 -2.14338332e-01  1.70068085e-01 -1.64530694e-01 -2.66552806e-01
 -3.65922987e-01 -3.87882799e-01 -2.57484261e-02 -1.82182416e-01
  1.93031907e-01 -1.56654790e-01  1.91735238e-01  1.47070661e-02
 -1.42780365e-02  1.62170112e-01  3.11081350e-01  4.75343317e-02
  2.11166054e-01 -5.33002801e-03  4.31839451e-02 -7.62995034e-02
  2.69370601e-02  3.79543528e-02  1.37163490e-01  1.63515881e-01
  3.86576295e-01  3.62299830e-01 -2.63955325e-01  2.17601821e-01
 -1.06799237e-01 -3.19348127e-01  1.17858239e-01  3.11184853e-01
 -1.56770527e-01 -2.88059227e-02  3.36298011e-02 -9.93362050e-08
 -1.06874578e-01 -7.48396665e-02 -4.98100817e-02 -2.26355299e-01
 -7.43994266e-02 -1.11206332e-02  2.90194154e-01 -1.36623472e-01
 -3.94900054e-01  1.31969392e-01  9.14689228e-02 -7.14342073e-02
 -1.61685944e-01  1.09743886e-01 -7.18369037e-02 -6.81952909e-02
  1.39094032e-02  2.67824292e-01  7.10959360e-02  1.25721231e-01
 -2.19237283e-01 -8.90764073e-02 -2.24102810e-01  6.14449661e-03
 -2.86838323e-01  6.68863580e-02  6.66211322e-02 -1.86809704e-01
 -4.95455088e-03 -8.88248309e-02  2.44884733e-02  2.83735216e-01
 -1.42266601e-01  1.52333736e-01  5.53690307e-02 -1.76023051e-01
 -1.12680219e-01 -1.15005955e-01 -3.27089638e-01  2.58009811e-03
  5.75650148e-02  2.57920235e-01 -2.50846088e-01 -1.21249646e-01
  2.32366130e-01 -1.59070045e-01  1.73536763e-01 -4.26176935e-01
 -1.42963320e-01  1.17844000e-01 -4.51264441e-01 -2.28933439e-01
  1.96608275e-01  1.02047034e-01 -1.26064464e-01 -2.93153465e-01
 -6.43126294e-03 -6.60956204e-02  4.09379900e-02  6.30447194e-02
  3.92933674e-02  9.73860174e-02 -2.14501157e-01  1.09620303e-01]"
1b09e34d09d26dd84ca6812c84339e18616af41e325c938626f2589e62993119,dog_038.png,Siberian Husky,"oil painting (impasto), stylized/illustrative",snowy mountain peak / alpine range,"standing on a snow-covered summit, alert and proud",False,"A Siberian Husky stands on a snowy mountain summit beneath a swirling blue sky, with snow-capped peaks receding into the distance (oil impasto style).","[-2.26341993e-01  1.28376693e-01  4.60122019e-01  1.42465666e-01
 -1.01279788e-01  1.26842424e-01 -4.10550274e-02  3.56775224e-01
  3.06262642e-01  2.13582337e-01 -6.74555227e-02 -2.78707445e-02
  1.18166052e-01  1.53910890e-01 -1.90446913e-01  7.50003979e-02
 -1.45194978e-01 -1.54454514e-01  8.79437774e-02 -1.27405882e-01
  3.07142530e-02  5.54968119e-02 -9.51653495e-02  3.89060497e-01
 -6.34297803e-02  1.87534944e-03 -1.25570655e-01  1.74735978e-01
  1.80797577e-01  1.22821495e-01 -6.83067888e-02 -3.34418327e-01
  1.85894191e-01  1.29837096e-01 -1.55485481e-01  8.70159790e-02
  5.95962591e-02  2.59404033e-02  2.40761116e-02  4.19570357e-01
 -9.74828526e-02 -2.74624918e-02  1.81954615e-02 -3.17319453e-01
  6.87051797e-03 -4.31346558e-02 -2.74277236e-02 -2.50739455e-02
  1.02119550e-01  1.31290764e-01 -2.50935555e-01 -1.70172796e-01
 -1.92397475e-01  1.62252143e-01 -1.53381035e-01  1.87276930e-01
 -1.66060552e-01 -2.45756909e-01  4.64031957e-02  4.97610047e-02
  8.15931801e-03  7.61588067e-02 -1.19736306e-01  2.24205833e-02
  3.68488915e-02  2.03383684e-01 -2.99811035e-01  1.22992009e-01
 -4.57007950e-03 -2.39734305e-03  1.23754598e-01  2.38482177e-01
 -8.59511420e-02 -8.78290460e-02 -1.12985168e-02 -2.30139136e-01
 -9.38155949e-02 -1.21591926e-01  1.51083797e-01 -4.08585742e-02
  1.97170973e-01  6.03708811e-02 -1.70075193e-01  1.22772910e-01
 -2.38708884e-01 -1.29420862e-01  4.27533351e-02 -6.49410337e-02
 -9.48035344e-02 -2.78907210e-01 -3.41024138e-02 -2.77285248e-01
 -3.02463651e-01 -1.39197007e-01 -2.41517618e-01 -3.55829410e-02
  2.41934851e-01 -1.31270051e-01  1.16764829e-01 -4.06734459e-02
  3.81834358e-02 -4.03208554e-01 -9.00656432e-02 -2.13693246e-01
 -1.09795988e-01 -2.56852414e-02 -2.31992826e-01  1.51085362e-01
  6.92653060e-02 -9.32378247e-02 -3.06508839e-02 -2.60376036e-01
 -2.72738278e-01  3.49126428e-01  1.39006704e-01  1.49444029e-01
 -1.95496410e-01 -1.69556603e-01 -2.42019922e-01 -1.82625502e-01
  1.00866094e-01  1.92573160e-01  1.03310458e-01  2.28631452e-01
  2.01357901e-01  3.67885572e-03  1.40007049e-01 -3.57076319e-33
  1.43616006e-01 -2.40413547e-02 -1.75746948e-01  1.39342412e-01
  1.73834283e-02 -1.30963832e-01  2.48108208e-02 -1.56153485e-01
 -4.38985288e-01  2.36142457e-01 -2.64001172e-02  5.12419343e-01
 -4.64687683e-02 -7.34826922e-02  9.93514657e-02 -3.16946805e-01
  2.25408658e-01 -7.21507296e-02 -2.06430852e-01  2.33319968e-01
 -1.43074039e-02  2.26451442e-01 -4.72285040e-03  5.47266454e-02
 -1.31359203e-02 -1.00736775e-01 -2.54479825e-01 -3.23410898e-01
 -2.34446064e-01 -5.19319177e-02  1.32109746e-01  1.12286814e-01
 -1.77234650e-01 -3.30241807e-02 -4.50424403e-02 -2.37415314e-01
 -1.18115395e-01 -1.33305132e-01  8.10470730e-02 -3.64587232e-02
  1.63252532e-01 -7.37506300e-02 -2.72698440e-02 -5.03997765e-02
  3.94540839e-02  1.72216848e-01  6.53523356e-02  6.30404949e-02
 -9.74763371e-03  6.87007383e-02  9.48361531e-02  4.00509745e-01
  2.24739000e-01  1.33234456e-01  4.03312268e-03  2.32872460e-02
  1.78270102e-01  1.79220783e-03 -1.33525429e-03  2.35370249e-01
  1.26230657e-01 -2.31228203e-01 -8.92728046e-02 -1.55261666e-01
  2.01680735e-01 -4.19143885e-01 -9.24979672e-02  2.47637913e-01
 -9.44105834e-02  4.12731946e-01  2.43585035e-01  1.76440999e-02
 -3.34292017e-02  1.88500807e-01 -6.93536997e-02 -2.78234601e-01
 -9.78662372e-02  2.09399462e-01 -1.09473579e-01  2.49709234e-01
 -2.63898641e-01  1.61029220e-01  1.61347106e-01 -3.84855084e-02
 -2.68266469e-01  7.82175828e-03  2.64475793e-01 -1.18659101e-02
  1.03941143e-01  3.74998078e-02 -2.19127759e-01 -9.50447470e-02
  7.22266585e-02 -1.56133890e-01  1.65350720e-01 -6.24891695e-33
  4.17111754e-01 -3.00185680e-01  1.03128657e-01  9.44833383e-02
 -1.29618064e-01  4.68054801e-01  3.51954103e-02  4.36549544e-01
 -4.41816092e-01  1.34275824e-01  4.57043089e-02  1.26533523e-01
  5.10311977e-04  1.30547285e-01  4.11952317e-01 -5.21454997e-02
 -2.34760512e-02  2.77871806e-02 -3.26277055e-02 -1.59683153e-01
 -1.49997860e-01  3.19767743e-02 -1.85677126e-01  1.06214643e-01
  1.07743137e-01  7.16206580e-02 -6.85779601e-02  1.28192246e-01
 -2.09091425e-01 -1.73876226e-01 -2.56075054e-01  7.97528327e-02
  4.34065014e-02 -1.35319382e-01 -6.31515235e-02  4.52044636e-01
 -4.23265882e-02 -4.65757430e-01 -2.49033049e-01  5.49138673e-02
  2.09914759e-01 -1.36728913e-01  3.55344772e-01  1.44612938e-01
  1.67135641e-01 -2.07101330e-01 -1.01013510e-02  1.76910162e-01
  6.03633337e-02  1.03862040e-01 -3.83104593e-03 -2.59502888e-01
  4.96061929e-02 -8.99791718e-04 -1.63399696e-01  4.98267896e-02
 -3.51793140e-01  3.79178971e-02  1.43893674e-01 -3.64420980e-01
 -3.68625601e-03 -3.17452669e-01  8.42483249e-03 -1.66232899e-01
 -1.20670073e-01 -3.64278883e-01  2.53309472e-03 -5.43632098e-02
  8.14826116e-02  7.26844417e-03  8.59688297e-02 -1.54524177e-01
  1.53539196e-01 -2.49975428e-01  1.82389542e-01  1.12411618e-01
 -7.37018809e-02  1.14802551e-02  4.66527045e-02 -9.49956104e-02
 -5.60767308e-04 -1.85607541e-02 -2.13844813e-02  2.55185992e-01
  2.96621650e-01  2.03336746e-01 -2.20606551e-02  2.57116556e-01
 -6.24468811e-02 -1.65061299e-02  9.17833298e-02  4.43238653e-02
 -2.16904923e-01  7.83509016e-02 -5.86910509e-02 -9.87785356e-08
  7.10374042e-02 -3.83815169e-02 -1.48527518e-01  2.76950866e-01
 -1.81812838e-01  1.46290898e-01  4.98350859e-02 -3.22694749e-01
 -2.62302101e-01  8.17288756e-02  4.05843444e-02  3.93582433e-02
 -1.56849802e-01  2.61440814e-01 -2.86066830e-01  1.52480811e-01
 -1.60256252e-01  3.65236968e-01  9.43274498e-02  1.88602984e-01
 -4.40598160e-01 -5.38532659e-02 -6.51503354e-02 -5.30381873e-02
 -1.19020186e-01  9.96941924e-02 -1.41227758e-02  1.28157511e-02
  1.69981942e-01 -7.75597095e-02 -1.41391098e-01  1.37769748e-02
 -1.46674916e-01 -3.22325677e-02  2.57522196e-01 -4.38998491e-02
 -1.62661657e-01  2.97030777e-01  2.45235600e-02 -1.32381305e-01
  2.73080677e-01  1.74980626e-01 -4.82595414e-02  1.18126720e-01
 -8.80912244e-02  2.45666370e-01 -1.70451656e-01 -9.32279602e-02
  5.66885481e-03 -7.37022515e-03 -4.11164403e-01 -1.63175222e-02
  2.55134106e-01  9.98317152e-02 -1.33319929e-01 -8.73687398e-03
  2.41887979e-02 -1.14555575e-01  6.58078864e-02 -2.99985949e-02
 -2.32332237e-02 -1.11483693e-01 -2.36456186e-01  3.15634944e-02]"
27f86eb73d046cb62464c99ec467ceef923316e271b1d3bf2b1d77a57a764cb2,dog_039.png,Siberian Husky (cartoon),cartoon/illustration,cozy living room with fireplace and snowy window view,curled up sleeping on an armchair/sofa,False,"Cute blue-and-white cartoon Siberian husky curled up asleep on a beige armchair in a warm living room with a lit fireplace, snowy landscape visible through the window, and a thought bubble showing a bone, chicken and dog bowl.","[ 1.53372422e-01 -1.53890299e-02  1.87484547e-01  2.40802392e-01
 -1.46450074e-02  1.71266034e-01  8.99086222e-02 -2.17402741e-01
  3.34425181e-01  2.69774556e-01 -1.80747926e-01 -2.66600754e-02
  3.35954018e-02  4.12721783e-01 -4.85168807e-02 -6.50803745e-02
 -1.73125073e-01 -6.76247180e-02  9.92268622e-02  4.54224348e-02
 -1.90670788e-01  9.54275057e-02  1.29076131e-02 -9.07345712e-02
  1.08716726e-01 -8.49772096e-02  1.33617952e-01 -1.27581075e-01
  8.14304277e-02  1.16191031e-02 -2.15531886e-01 -2.65343785e-01
 -3.16740088e-02 -1.22268252e-01  2.10392281e-01 -1.01425596e-01
  7.59524107e-02 -5.72616840e-03 -4.40160967e-02  3.82471710e-01
  1.27274737e-01 -1.85915940e-02  7.71039864e-03 -3.12501758e-01
 -1.91346571e-01  4.50035445e-02 -2.82713979e-01 -3.51423025e-01
  1.47402093e-01  1.76208735e-01 -2.60588706e-01  2.67732739e-02
 -1.13465548e-01  2.87889749e-01 -4.07281667e-02 -4.52359254e-03
 -3.31418477e-02 -3.23962048e-03 -2.90044788e-02 -5.56796044e-02
 -2.52045300e-02  5.70471175e-02  1.71393916e-01 -3.01406775e-02
 -6.99819326e-02  6.68557361e-02 -1.84621930e-01  4.00275551e-02
  1.35294393e-01 -1.91919103e-01 -5.21741807e-02  1.46383688e-01
  9.68571678e-02 -2.76969582e-01 -1.46784037e-01 -2.35070989e-01
  2.18427613e-01 -1.83485150e-01  2.98247814e-01  3.56082246e-02
  6.91284612e-02 -3.51420529e-02 -2.29925439e-01  1.55690061e-02
 -1.11600280e-01  1.22714184e-01  1.37718901e-01 -3.16163339e-02
 -2.46771932e-01 -3.42700519e-02  1.45945936e-01 -4.02973080e-03
 -1.58852383e-01 -1.34496242e-01 -4.76267003e-02 -2.76105255e-02
  2.43717790e-01 -2.35248506e-02 -2.23650813e-01  3.67613994e-02
  2.66206469e-02 -4.25088219e-02  1.94407508e-01 -1.45770861e-02
  1.44996032e-01  2.45874226e-02 -2.42886469e-01  3.69399898e-02
  1.26836300e-01 -2.74569184e-01 -2.01155305e-01 -2.06471995e-01
 -1.19914800e-01  3.03621769e-01  7.19135776e-02  1.25660568e-01
 -2.55694427e-03 -8.44933763e-02  2.65172925e-02  1.10342324e-01
  3.87024969e-01  1.10327296e-01 -4.12857765e-03  1.26222685e-01
  1.94546178e-01 -1.30124524e-01 -1.21371232e-01 -3.30088107e-33
  2.21425295e-01  6.13792352e-02 -2.67929852e-01  1.53359100e-01
  1.26512170e-01 -1.16167985e-01 -8.93107280e-02  5.86848892e-02
 -1.30124822e-01  1.02662511e-01 -4.25090641e-03  2.88063765e-01
  4.14308645e-02 -1.48011819e-01 -2.17720238e-03 -1.38577744e-02
 -1.68883845e-01  7.87556618e-02 -4.77649681e-02  1.89050242e-01
 -5.12712309e-03  2.70432383e-01  2.56077021e-01  5.83969764e-02
 -1.55043127e-02 -2.19599113e-01 -6.59218580e-02 -2.57738471e-01
 -1.90477535e-01  1.00984760e-02  4.68519479e-02  5.64244986e-02
 -2.35047713e-01  8.15727934e-02 -1.96861088e-01 -2.48193815e-01
 -7.29349777e-02 -1.00221694e-01 -1.06734902e-01  1.27496228e-01
  1.41345680e-01 -3.54205966e-02  9.83593538e-02  1.81935474e-01
 -7.49837458e-02  9.37687233e-03  9.33291316e-02  1.10537730e-01
  2.96663661e-02 -1.60695627e-01  1.27958372e-01  1.85346976e-01
  4.15548943e-02 -5.52364811e-03 -1.33408546e-01 -1.22552194e-01
  2.23945484e-01 -2.49488410e-02 -3.60108688e-02  1.55343890e-01
  9.04896557e-02 -1.82177544e-01  4.18330841e-02 -2.99852967e-01
  8.22440609e-02 -4.79710817e-01 -1.57791421e-01  2.72612902e-03
 -1.20318331e-01  3.15627120e-02  9.99181047e-02  6.11399822e-02
 -5.71648665e-02 -1.75643325e-01 -2.04014018e-01 -2.23260164e-01
 -2.35727034e-03  7.79566867e-03 -1.93921268e-01 -4.50071096e-02
  2.96607018e-01 -4.02722843e-02 -7.53740668e-02  2.93031801e-02
 -6.09265752e-02  4.31508608e-02  9.28308442e-02  1.65563151e-01
 -2.07824066e-01  5.44024445e-02 -1.42677829e-01  1.64099038e-02
  1.94706127e-01 -2.42460534e-01  1.03229387e-02 -5.14767600e-33
  1.54661089e-02 -3.72345060e-01 -2.31801018e-01  7.94782564e-02
  5.65427952e-02  1.20666273e-01 -2.68133227e-02  2.03448340e-01
 -1.36788666e-01  4.75450307e-02  2.42901266e-01  9.35718194e-02
  1.19326673e-01  1.49192795e-01  2.80423492e-01 -1.16000950e-01
  1.23436928e-01  7.77502134e-02 -4.65718210e-02  8.29229876e-02
 -1.52138308e-01  2.70793233e-02 -1.78906664e-01  2.93496490e-01
  3.03502362e-02  2.60388076e-01  8.01998302e-02  6.88328268e-03
 -4.74949777e-02 -5.78074865e-02 -1.72000393e-01 -1.98360384e-01
 -9.05678645e-02  1.86271966e-01  2.05559567e-01  2.00653836e-01
  4.65781987e-02 -3.13902020e-01 -2.64259100e-01 -4.80313785e-02
  2.81437129e-01 -1.27703428e-01  3.97949629e-02  3.63757104e-01
  1.64258137e-01 -1.37605682e-01 -2.46108964e-01  2.46979147e-02
  6.40953034e-02  2.80414969e-01  8.89408365e-02 -1.42937794e-01
 -1.29959032e-01 -5.53990416e-02 -1.97840378e-01 -4.72086966e-02
 -2.19492987e-01  3.50903459e-02  1.82185575e-01  7.14097992e-02
 -1.24359451e-01  4.62697484e-02  7.40458593e-02 -1.36782870e-01
 -2.57518917e-01 -1.13143444e-01 -9.55040529e-02 -2.39780366e-01
  1.44325003e-01 -8.00176784e-02  2.85398275e-01  3.12570967e-02
  2.98410538e-03 -9.98038426e-02  2.52212554e-01  2.00839043e-01
  1.94596425e-01 -1.12249561e-01  1.88819245e-01 -5.93799241e-02
 -1.81755144e-02  4.18542437e-02  2.80979332e-02  1.66542411e-01
  2.22972468e-01 -1.36238337e-03 -1.01811916e-01  2.91628450e-01
 -1.63825691e-01 -1.46575257e-01  1.93548631e-02  2.12839380e-01
 -9.91407707e-02  1.61047176e-01  6.68391064e-02 -1.00594356e-07
 -1.89649558e-03 -2.21816123e-01 -2.23690554e-01  1.02604210e-01
 -1.51958272e-01 -1.78269744e-01  1.25455067e-01 -4.58186716e-01
 -2.78975010e-01  3.88282794e-03  1.60323188e-01  3.31072882e-02
 -9.31021571e-03  2.00292572e-01 -5.34117334e-02  1.36591300e-01
 -1.62701890e-01  3.12576413e-01  6.61226138e-02 -2.82715801e-02
 -1.87653139e-01 -3.82223986e-02 -2.26486921e-02 -4.17302437e-02
 -3.17237042e-02 -1.61712114e-02 -1.38317272e-01 -8.94455984e-02
  4.98475395e-02 -3.35933827e-02  1.20246708e-02 -6.28663376e-02
 -1.88020542e-01  3.83558273e-02  1.58991665e-01 -1.13368012e-01
  2.79343892e-02 -1.05139680e-01  5.55573590e-02 -8.08014050e-02
  1.38717189e-01 -1.26256600e-01 -2.02674687e-01 -1.52324438e-01
 -7.27021992e-02 -1.08809374e-01  8.30857083e-02 -3.61351639e-01
 -1.91871095e-02  2.12038532e-01 -3.16615969e-01 -8.60190317e-02
  7.22700879e-02  5.47694564e-02 -1.17640644e-01 -2.73080707e-01
  8.73612240e-02 -9.30275321e-02  1.39187351e-01  1.65090367e-01
  6.32672533e-02  2.07002521e-01 -1.21772110e-01  9.78671089e-02]"
06b3039de80ef1790ebce2b143b2bd5e0dbda061c5e685d7308ecd03b501e084,dog_040.png,Siberian Husky (two dogs),photograph,snowy alpine valley with mountains,running through fresh snow toward the camera,False,"Two Siberian Huskies running side-by-side through fresh snow in an alpine valley, with snow-covered mountains and evergreen trees in the background.","[ 8.00603107e-02  8.10669363e-02  3.72110128e-01  3.14628959e-01
 -8.83970782e-02  6.25704601e-02 -3.80811691e-01  1.36535149e-02
  1.77744746e-01  1.94984242e-01 -1.01278201e-01  9.54528525e-02
  2.20940441e-01  2.42551371e-01  3.51387560e-02 -5.80121465e-02
 -2.84320265e-01 -8.35682750e-02 -9.46977660e-02  2.56973971e-02
 -3.93274687e-02 -1.84475318e-01 -1.36969741e-02  1.13507614e-01
 -1.03230894e-01 -6.84712306e-02 -1.94660932e-01 -3.63075286e-02
 -1.43481130e-02  5.37722111e-02 -1.22424461e-01 -3.86877716e-01
 -5.95763698e-02  1.65714189e-01 -1.82344809e-01  2.09215432e-01
  2.04560131e-01  8.01909938e-02 -4.61539812e-02  3.52949560e-01
  4.76625655e-03 -7.00153038e-02  7.11860741e-03 -2.08960220e-01
 -2.04788268e-01 -4.91824783e-02 -3.59530866e-01 -6.14409819e-02
  3.25062163e-02  2.69900560e-01 -2.41348118e-01 -3.63455415e-01
 -1.83792859e-01  2.28308603e-01 -1.42785579e-01  1.56228468e-01
 -1.68602511e-01 -1.30901963e-01 -1.91601440e-01  6.64252192e-02
  1.56518370e-01  2.44405549e-02 -2.61763185e-01 -8.19204226e-02
 -1.36202171e-01  8.74641314e-02 -2.24278703e-01  1.25155836e-01
 -8.05967748e-02 -1.68624938e-01  2.03148827e-01  3.41429919e-01
 -1.00780256e-01 -3.33949476e-01 -2.10431933e-01 -1.39115766e-01
 -3.27730983e-01 -6.36584833e-02  1.46891791e-02 -1.34800181e-01
  1.73411250e-01 -1.57665327e-01 -3.45040649e-01 -1.08771678e-02
  3.55091877e-02  1.41095936e-01  2.75146607e-02 -7.30540529e-02
  1.31538093e-01 -3.51717919e-01 -1.29670799e-01 -9.28849354e-02
  2.02614293e-01 -4.49491218e-02  1.38847651e-02 -1.98141560e-01
  2.20215306e-01  1.44848153e-01  1.94861263e-01 -8.24651271e-02
 -1.35616073e-02 -4.18399304e-01  1.18204132e-01 -2.18293220e-02
  2.50568092e-01 -1.77479804e-01 -5.13306439e-01  1.61112532e-01
  1.06329896e-01  8.50146040e-02  3.39441985e-01 -1.07532315e-01
 -1.45946899e-02  4.52531159e-01  3.41097027e-01  3.25560033e-01
 -5.96456192e-02 -2.04364713e-02 -5.98812439e-02  2.09470019e-01
 -6.40096366e-02  1.63125783e-01  1.86773315e-02 -1.58647597e-01
  5.09161532e-01 -2.81686574e-01  1.12050898e-01 -6.10177738e-33
  8.57876912e-02 -1.29917771e-01 -2.50711679e-01  1.38214692e-01
 -9.09180418e-02  3.63131724e-02 -1.31124645e-01 -9.77427885e-02
 -1.91039607e-01  9.93315578e-02 -1.29132584e-01  4.93443221e-01
  4.91339946e-03 -1.47795096e-01  4.22656506e-01 -2.18503371e-01
  1.10659830e-01 -1.02808662e-01  3.56667675e-02  4.30781692e-01
  1.23972915e-01  3.80716592e-01  6.83467761e-02  1.52240157e-01
  9.30628777e-02 -2.67469764e-01 -8.59303325e-02 -3.35211307e-01
 -2.49668062e-01 -1.17935479e-01  1.14300318e-01 -1.48320973e-01
 -3.31520438e-01  2.40954459e-01 -7.11522326e-02  2.51142010e-02
 -1.91515490e-01 -3.71184796e-02  3.92713279e-01  2.41951138e-01
  1.75070360e-01 -2.14101896e-01  1.77316085e-01 -1.08658999e-01
  6.68349490e-03 -5.08492738e-02  3.30634415e-02  1.70747936e-01
 -4.17920537e-02  2.72835419e-02  2.61432510e-02  4.85661596e-01
  5.09090498e-02  7.69552290e-02 -1.49777168e-02  3.72789390e-02
  3.18443179e-01  1.19485967e-01 -1.52514338e-01  3.55475157e-01
  3.14065129e-01 -1.77461743e-01  1.47000048e-03 -4.40663368e-01
  9.54041779e-02 -5.22394717e-01  8.70196596e-02  3.50884169e-01
 -2.83466250e-01  3.75243843e-01  1.88068852e-01 -1.96792200e-01
 -6.93955459e-03  3.37167308e-02  2.60073692e-01 -3.77529323e-01
 -3.03443316e-02  2.76853740e-01  1.57763451e-01  1.10459030e-02
 -7.20291808e-02  8.17045569e-02 -2.81306654e-01  2.84543931e-01
 -3.34094375e-01  1.99332938e-01  1.78094700e-01  5.44192083e-02
 -1.17058277e-01  5.97654544e-02 -2.11940214e-01  4.94455583e-02
 -8.74801129e-02 -5.51206432e-03  3.73752207e-01 -3.10397549e-33
  2.78122902e-01 -1.77337855e-01  1.08498976e-01  1.56207621e-01
 -1.11623675e-01  4.19260651e-01  2.21792981e-01  7.71964937e-02
 -7.21827522e-02  2.28905037e-01  1.94410735e-03  2.33240739e-01
  5.03639951e-02  2.56633103e-01  2.97249883e-01 -1.98045537e-01
  2.55293906e-01  1.89299226e-01  1.27968982e-01 -3.05151045e-01
 -1.46695480e-01  9.27161649e-02 -1.09263346e-01  4.02865894e-02
  3.37301135e-01 -3.51757593e-02  1.75166160e-01  2.98116431e-02
 -2.17561290e-01 -1.39721587e-01 -6.30343333e-02 -2.00224310e-01
  1.57666117e-01 -1.58507302e-01 -4.91406992e-02  2.40969911e-01
 -6.80517852e-02 -2.50779510e-01 -2.29562938e-01 -2.01837853e-01
  1.61216855e-01 -2.04205021e-01  2.99069732e-01  3.50498378e-01
 -7.25382706e-03 -1.75603658e-01 -1.31322533e-01 -8.15361459e-03
 -3.30295205e-01  4.63680960e-02  2.16980845e-01 -1.14291117e-01
 -3.38892341e-01 -4.29154076e-02 -3.02743495e-01 -1.64381430e-01
 -2.70514488e-01  1.47805750e-01  2.65414387e-01 -2.44841054e-01
 -5.76977730e-02  2.26278659e-02  1.86827104e-03 -1.68614075e-01
 -3.18179786e-01 -4.80072826e-01 -2.20207095e-01 -2.26169452e-01
  1.30656883e-01  1.71514228e-02  3.72846648e-02  1.12988219e-01
  1.15709096e-01 -2.23655298e-01  4.56740819e-02  2.17625901e-01
 -1.66514218e-01 -4.55464385e-02  1.39756843e-01  2.73915343e-02
 -9.21063274e-02  5.85958101e-02  1.33226186e-01  2.45882466e-01
  1.46585116e-02  2.65259892e-01  6.57057092e-02  2.01869980e-01
 -7.04266354e-02 -5.77822793e-03  2.54425317e-01  2.24205196e-01
  7.92990774e-02  1.30361184e-01 -3.06159444e-03 -9.87978197e-08
  3.14566374e-01  1.11107916e-01 -2.39053205e-01  1.50538877e-01
 -2.51844645e-01  1.48858130e-01 -1.18765831e-01 -6.95493668e-02
 -2.31583044e-01  1.41526252e-01  1.18848272e-01  2.47761562e-01
 -1.23557262e-01  2.10797682e-01 -2.66880929e-01  1.83226466e-01
 -9.75359082e-02  1.99444920e-01  8.13663825e-02  2.54346669e-01
 -5.24451613e-01 -1.12335347e-01 -8.23057666e-02  1.57738596e-01
 -1.61256850e-01  6.51671663e-02 -1.00240437e-02 -2.95828104e-01
  1.99167415e-01  4.66063917e-02 -3.33407700e-01 -9.36403424e-02
 -1.35290414e-01 -8.96557942e-02  1.36708170e-01 -2.55883224e-02
 -5.68309687e-02  2.00670630e-01  1.15726627e-01 -6.04199097e-02
  6.83147386e-02 -3.08362097e-02 -1.02909826e-01  1.07143007e-01
  8.61396175e-03 -1.70631334e-01 -3.67854871e-02 -2.97613710e-01
  4.56790477e-02  1.00731380e-01 -3.77785951e-01 -8.34786519e-02
  1.48949772e-01  4.86050770e-02 -3.19039881e-01 -3.01186424e-02
 -1.57974437e-01 -4.39694732e-01 -3.61708589e-02  3.04059803e-01
 -7.13504897e-03 -1.58665061e-01 -9.16664973e-02  6.22116514e-02]"
dd82740930d81abe51cb7fb96a3a4405bc4a71066fbcaa309770b671f5ac7deb,dog_041.png,Pembroke Welsh Corgi,photograph,flower garden / grassy path,trotting toward camera (walking),False,"Red-and-white Pembroke Welsh Corgi trotting down a grassy garden path between vibrant flower beds (roses, hydrangeas, pansies), centered, shallow depth of field, happy expression with tongue out, bright daytime lighting.","[ 1.24864459e-01 -8.11913889e-03  1.27489790e-01 -1.90212540e-02
 -1.34231001e-01  4.21641618e-02  4.72969860e-02 -2.18371391e-01
  9.04350281e-02  6.45947009e-02 -1.76863857e-02 -3.02149326e-01
 -2.16022320e-02  1.13138363e-01 -1.29096568e-01  1.29612789e-01
 -1.58035144e-01 -3.47658992e-02 -4.38401662e-02 -2.75522172e-01
  3.46656963e-02  1.81538001e-01  1.45863831e-01  1.90433055e-01
 -3.06194246e-01 -2.21692696e-01 -1.69935212e-01  2.11183712e-01
 -1.29899904e-01 -1.38530716e-01 -1.08692482e-01  1.26414403e-01
 -1.30383745e-01 -3.48315053e-02 -1.04514711e-01  7.44007304e-02
  4.18290757e-02 -1.40427753e-01  5.04192233e-01  4.51837420e-01
  2.85840519e-02  4.23641205e-02  2.22808510e-01 -3.11635714e-02
 -1.10386878e-01 -5.55056110e-02 -9.86774117e-02  4.27442268e-02
 -1.43322930e-01 -6.94896504e-02 -3.26940753e-02 -1.01576380e-01
 -1.00524388e-01 -6.43312559e-02 -2.28889555e-01  2.44515792e-01
 -1.17783040e-01 -8.87046605e-02  2.50482351e-01 -2.67367929e-01
  2.77792186e-01  2.37744570e-01 -1.42660579e-02  1.66066498e-01
 -3.38874966e-01 -1.12226963e-01 -4.68401946e-02  2.27649719e-01
  3.13729763e-01  1.22280642e-01  1.97390184e-01  3.06564588e-02
 -8.92269537e-02 -1.96074024e-01 -1.85765326e-01  2.01020800e-02
 -6.24376163e-02 -1.33895166e-02 -3.88627984e-02 -2.21349269e-01
 -1.63358137e-01  1.00667827e-01  2.40219906e-02  1.41531870e-01
  2.72218496e-01 -9.69295129e-02 -2.14938968e-01  8.32438618e-02
 -2.25838363e-01 -2.56075352e-01  3.11377235e-02 -2.50605285e-01
 -1.35918587e-01  2.40406822e-02 -2.20121875e-01 -6.97372295e-03
  2.57063657e-01 -3.09016347e-01 -8.34686607e-02  3.89418043e-02
 -1.69946924e-01 -2.28687987e-01  1.12225071e-01  1.01612717e-01
  2.85500195e-02 -1.39480352e-01 -3.00969500e-02  1.26309410e-01
  1.58532932e-01 -3.14288475e-02 -1.17283829e-01 -2.10749045e-01
  7.67286867e-02  8.55743960e-02 -4.96078171e-02  1.06329918e-01
 -2.53263146e-01  3.39346528e-02 -9.89187583e-02  2.96201646e-01
  1.20841935e-01 -9.11268443e-02 -2.11157501e-01 -2.03188419e-01
  1.26613721e-01 -9.84687507e-02 -1.02280147e-01  8.49213265e-33
  1.23018317e-01  1.39875561e-01 -2.02437527e-02  9.44920816e-03
  2.90853292e-01 -2.37327829e-01 -1.73685849e-01 -8.69023427e-02
 -1.84175894e-01 -6.91827610e-02 -2.46748738e-02  1.12424366e-01
 -1.67445838e-01 -7.29681402e-02 -1.36836559e-01 -1.47728026e-01
  1.47289440e-01  6.60271570e-02 -1.60303842e-02  1.13530569e-01
 -9.83228832e-02  2.65017718e-01  4.39103879e-02 -4.05070260e-02
 -3.44596803e-02 -2.84732521e-01  9.04490873e-02  1.16365287e-03
  2.51420923e-02  1.36733994e-01  2.59214133e-01 -1.38533846e-01
  2.29817852e-01 -2.76555624e-02 -1.45788118e-01 -2.11243760e-02
 -2.57221788e-01 -3.64920110e-01  6.98450729e-02  2.69081891e-01
  1.84917346e-01 -1.69191688e-01 -1.13123422e-02  3.66051227e-01
 -2.41921976e-01 -2.22048964e-02 -1.49706349e-01  1.13783918e-01
 -6.96883500e-02  8.24002177e-02  2.11942010e-02  8.32034796e-02
  2.42920369e-01  1.33509606e-01 -1.53442651e-01  7.53702819e-02
 -2.45803092e-02 -4.08445187e-02  1.75571054e-01  8.81519765e-02
  2.65352786e-01 -1.66208930e-02 -1.29487753e-01 -2.10547760e-01
  2.40276709e-01 -1.84317604e-01 -5.52276596e-02 -3.75217795e-02
 -3.69240716e-02  9.17946249e-02  6.48066634e-03 -7.88257197e-02
 -1.21813670e-01  4.72254828e-02  1.40270844e-01  1.17374390e-01
  3.45035195e-01 -8.10781047e-02  2.20878303e-01 -2.06851531e-02
 -9.39205065e-02  9.49882343e-02 -2.23104954e-01 -2.09436417e-02
  1.59357294e-01 -6.09503239e-02 -3.18287686e-02  1.37038544e-01
 -3.87621950e-03  5.78660518e-02  1.03451602e-01  2.62874961e-02
 -4.24673926e-04 -3.77274066e-01  2.52760649e-02 -9.12109927e-33
 -8.80271867e-02  1.13560542e-01 -5.06367162e-02  1.71224505e-01
 -5.07240556e-03  4.39654529e-01  4.01140824e-02 -2.32905418e-01
  1.01268537e-01  1.37953103e-01 -7.65039176e-02  2.20802397e-01
 -7.45233595e-02  6.42701983e-03  1.39838800e-01 -1.00908644e-01
  2.68117100e-01  1.70451239e-01  1.43527359e-01  2.14895997e-02
 -2.02672780e-01 -2.70285811e-02 -9.55844223e-02 -1.96890190e-01
 -2.26223528e-01  1.80836648e-01  4.04916238e-03 -1.50021642e-01
 -2.89047599e-01 -1.18856519e-01  1.02397293e-01 -3.67727607e-01
 -1.89864933e-01 -1.93333879e-01 -9.14866850e-02  1.03263430e-01
 -8.06434453e-02 -2.15674028e-01 -1.19320406e-02  2.18861982e-01
  1.18632160e-01 -2.63681591e-01  2.65510708e-01  1.46571174e-01
  1.22087531e-01 -3.61728622e-03 -2.89320230e-01  1.97709296e-02
 -2.49777734e-02  2.45350137e-01  4.16356400e-02  1.58600986e-01
 -5.93248270e-02  1.34058548e-02  5.82060888e-02 -1.24920517e-01
 -1.90612584e-01 -9.40867737e-02  9.57531556e-02 -9.83310863e-02
 -1.68612346e-01  1.34266615e-01 -2.31954977e-01  1.23692915e-01
 -3.56185623e-02 -2.16675848e-01 -1.85273170e-01 -2.35634558e-02
 -5.51942140e-02 -1.58291832e-02 -9.68236178e-02  1.73355371e-01
  1.02007836e-01 -1.47596180e-01 -5.96233755e-02  3.87440324e-02
 -1.25362173e-01 -1.55135795e-01  4.11990806e-02  1.57789048e-02
 -7.76695833e-02  1.07067926e-02  2.04001740e-01 -7.11132735e-02
 -4.21751663e-02 -8.88634473e-02 -1.20851032e-01  2.61517823e-01
  2.12236628e-01  3.61338295e-02  2.11132661e-01  2.18731463e-02
  2.04484195e-01 -9.21308473e-02  2.23144561e-01 -9.99654688e-08
  2.56213155e-02  4.04340886e-02  5.63840680e-02 -3.91648002e-02
  8.32773596e-02  3.95259485e-02  8.87795612e-02 -4.99934517e-02
  2.97433045e-02 -6.83784578e-03  1.10163257e-01 -2.01206375e-02
  7.67332241e-02  1.04283683e-01 -2.75480412e-02  2.26952627e-01
 -5.75944632e-02  1.89716235e-01  5.16826920e-02  2.66382881e-02
 -1.34996071e-01  2.00351447e-01  3.98202129e-02  1.15473136e-01
 -2.39669718e-02 -4.29205485e-02  9.27493125e-02 -7.56170079e-02
 -2.23511875e-01 -1.95749104e-01  1.82151869e-01  2.34643862e-01
  2.88436044e-04  2.30673373e-01 -1.46558210e-01 -1.23415343e-01
 -3.13418955e-02  2.26720944e-01 -1.19772859e-01  1.09345384e-01
  2.73673255e-02  7.98788965e-02 -7.15069845e-02  7.66256377e-02
  3.17616202e-02 -1.37692159e-02  1.33801997e-01  2.60373987e-02
 -1.80871591e-01 -1.04304157e-01 -2.55218923e-01  8.52010250e-02
  1.13114595e-01  1.98873430e-01 -1.07861154e-01 -1.58629119e-01
 -2.53528878e-02 -1.69632778e-01 -3.94842587e-02  2.44407415e-01
 -8.40340033e-02  2.32017003e-02  1.15291543e-01 -5.65546602e-02]"
20ad5997abb3bb1ae952d4f0386a875ff60ded358d9d03af578677d896a66ade,dog_042.png,Pembroke Welsh Corgi,photograph,beach (ocean shoreline with palm trees),running/trotting toward camera,False,"Red-and-white Pembroke Welsh Corgi running along a wet sandy beach near the shoreline, with ocean waves, palm trees in the distance, warm golden light and the dog's reflection visible in shallow water.","[ 1.61586747e-01  1.06472433e-01  2.09534541e-01  1.49396854e-02
  1.41255319e-01  1.57763567e-02 -1.42476290e-01 -3.55393827e-01
  1.77050326e-02  1.04788676e-01  7.22503811e-02 -4.87392128e-01
  1.01919435e-01  1.71546027e-01  1.20671414e-01  1.08265318e-01
 -1.29006475e-01 -2.11740911e-01  2.79312916e-02 -2.50764936e-01
  1.07036158e-01  2.51408488e-01 -6.33383542e-02 -2.90992502e-02
 -5.19949615e-01 -1.96828470e-01  1.23051248e-01  1.03249796e-01
 -1.97867483e-01  4.39148508e-02 -1.76268369e-01 -1.08137257e-01
 -1.47247270e-01  1.52987555e-01  4.27030623e-02 -7.71538690e-02
  4.00173627e-02 -2.43978560e-01  3.10699910e-01  4.67652708e-01
  2.84228381e-02  6.87948093e-02  3.05409998e-01  5.33947237e-02
 -1.33616969e-01 -1.21186793e-01 -2.79742420e-01 -2.58713290e-02
 -1.97740085e-02 -2.21505955e-01 -1.22104540e-01 -3.08276236e-01
 -1.57271802e-01 -1.15586258e-01 -2.53794551e-01  1.74947426e-01
 -2.89945155e-01 -1.56105772e-01  2.26046950e-01 -3.03932726e-01
  4.55667883e-01  3.69141281e-01 -7.96309561e-02 -2.06754266e-04
 -1.37922227e-01  5.97018562e-02 -1.18162997e-01  1.17588885e-01
  2.58290082e-01  2.19699498e-02  2.27911621e-01  1.56705976e-01
  1.41771063e-01 -2.02062920e-01 -3.42538029e-01 -2.75170296e-01
  1.99538339e-02 -3.97811048e-02  8.12917799e-02 -2.95323849e-01
 -1.39906138e-01 -1.98013827e-01 -1.38345376e-01  2.02997938e-01
  4.34307277e-01  6.63061664e-02  7.93301687e-03 -5.46240546e-02
 -1.13114461e-01 -1.96854677e-02 -1.30449682e-01 -3.53159934e-01
 -2.12022081e-01 -1.29701883e-01 -3.69427688e-02 -1.57265678e-01
  1.14807710e-01 -2.83609271e-01 -3.48720588e-02  5.86565025e-02
 -1.16673283e-01 -1.38541311e-01  2.25957930e-01  8.13116506e-02
  1.00899637e-01 -2.20369533e-01  4.79838066e-02  3.42715502e-01
  3.27822536e-01  8.34449381e-02 -9.45146158e-02 -1.53724313e-01
 -9.18324292e-02  2.01352328e-01  5.66580184e-02  1.65296361e-01
 -1.94826275e-01  2.83991126e-03 -1.17568254e-01  2.43471891e-01
  3.55310112e-01 -5.46672605e-02 -2.31471747e-01 -3.14506255e-02
  2.24478468e-01 -7.36718997e-02 -1.99555140e-02 -4.86951400e-33
  9.74252969e-02  6.88839629e-02 -1.06382109e-01 -1.50493160e-01
  2.86832422e-01 -2.40206301e-01 -1.65987909e-01 -1.84563309e-01
 -1.83415890e-01 -1.62434012e-01 -6.61524311e-02  3.20134342e-01
 -1.17145002e-01  7.93340728e-02  5.46145812e-02 -2.02363446e-01
  1.75761983e-01 -2.59726830e-02 -4.24978929e-03  1.83425039e-01
 -6.70487955e-02  2.20777094e-01  1.12736866e-01 -1.83829784e-01
  9.58601311e-02 -3.81086171e-01 -1.43821627e-01 -1.20584413e-01
  9.82491672e-02  2.08293706e-01  9.50794145e-02 -2.43042201e-01
  1.17782325e-01 -3.19824778e-02 -1.40879542e-01  1.68570578e-01
 -1.37167111e-01 -3.83719057e-01  1.89182296e-01  3.13090719e-02
  3.73989135e-01 -2.32489541e-01  6.29887655e-02  3.37459147e-01
 -1.26121163e-01 -1.77805901e-01 -1.69905767e-01  1.35401517e-01
 -6.67759851e-02  8.37693177e-03  5.72656281e-03 -9.32867080e-03
  2.66645593e-03 -6.84326887e-02 -1.69128746e-01  1.76610902e-01
  1.64557606e-01 -6.18445762e-02 -5.39459959e-02  1.09750398e-01
  3.63836080e-01 -5.03026657e-02  8.94805044e-02 -1.77874580e-01
  3.06622326e-01 -1.67879775e-01  2.78979093e-02 -2.90442500e-02
 -1.03784315e-01 -5.01198471e-02 -5.34110367e-02 -3.20870072e-01
  1.93699151e-01  9.15892720e-02  1.09820448e-01  9.60267857e-02
  4.57062513e-01  8.55342895e-02 -2.16995589e-02  5.43651124e-03
 -1.06913626e-01  2.18222409e-01 -1.78732857e-01 -2.28545666e-02
  3.18142809e-02  1.53245255e-01  5.60739748e-02  4.20823693e-03
  7.12525565e-03  4.80022747e-03  4.84311208e-02 -4.04115655e-02
  9.94742215e-02 -3.96873474e-01 -2.68236157e-02 -1.90488694e-33
 -1.28673241e-01  4.75208089e-02  3.10741197e-02 -2.54259557e-02
  1.70527846e-02  3.24509829e-01  1.10582240e-01 -6.29656166e-02
 -9.79270190e-02 -5.84706739e-02 -2.82885045e-01  1.30987734e-01
 -1.40369624e-01 -2.30523497e-02  1.89782768e-01  1.51747420e-01
  3.15046072e-01  2.74969071e-01  2.03697592e-01 -1.21696211e-01
 -1.44194126e-01  1.49427159e-02  4.22536135e-01 -2.20902115e-02
 -1.13066919e-01  2.39865020e-01  8.95163938e-02 -5.88408820e-02
 -3.92245799e-01 -4.07255828e-01 -1.72661059e-02 -2.89799809e-01
  1.66666195e-01 -2.83650637e-01 -1.88686788e-01  1.95522428e-01
 -7.04022422e-02 -2.89105296e-01  8.65837932e-03  8.66001174e-02
  1.86019436e-01 -4.11143005e-01  1.86691850e-01 -3.90114412e-02
 -5.11373132e-02  3.55637342e-01 -1.42661026e-02 -9.13359150e-02
 -1.62292853e-01  9.76544768e-02  1.56855941e-01  7.16080293e-02
 -1.31745130e-01  1.86788006e-04 -2.36185659e-02  1.31282369e-02
 -2.96403915e-01  6.03295080e-02  1.08063780e-01  6.28997460e-02
 -1.32963732e-01  2.34236181e-01 -2.75353700e-01  2.13873535e-01
 -8.61161724e-02 -2.03909338e-01 -1.49570793e-01 -7.58864656e-02
  1.15100428e-01 -2.78642386e-01 -2.93009132e-01  2.35614762e-01
 -1.31516054e-01  7.10127736e-03 -1.70914322e-01  3.90709266e-02
 -3.56890887e-01 -3.91411744e-02 -1.34801090e-01  2.61721969e-01
 -1.84910491e-01  1.15606889e-01  1.19772675e-02 -1.54111218e-02
 -7.77662545e-02 -1.05598427e-01 -6.25572726e-02  1.03544705e-01
  2.47472122e-01 -1.02339312e-01  2.71503180e-01  1.66547790e-01
  2.03708075e-02  1.09912213e-02 -9.77776665e-03 -9.83082487e-08
  1.70404479e-01  1.52181908e-01  2.62031943e-01 -8.15480724e-02
  6.73811659e-02  2.00610057e-01  1.70736879e-01 -1.10348329e-01
 -4.84412424e-02 -9.80831459e-02  6.94193393e-02 -3.27222705e-01
  6.43805489e-02  7.02270344e-02 -1.33342624e-01  1.62637755e-01
 -1.30281538e-01  9.93989632e-02  9.36193764e-02  1.18817456e-01
 -1.52993351e-01  2.22683698e-01  4.15688530e-02  3.40600789e-01
 -4.97823432e-02  1.27265193e-02  3.38601097e-02  2.41835732e-02
 -2.76060939e-01  2.45367568e-02 -3.16772051e-02  2.48476133e-01
 -2.45895213e-03  2.14344174e-01 -9.03732777e-02 -2.24463373e-01
 -4.99535799e-02  2.65120834e-01 -2.03750387e-01  3.19836229e-01
  1.37988171e-02  2.26887271e-01 -2.46375248e-01  1.14374034e-01
  1.91691354e-01  1.28603550e-02  2.02596873e-01 -1.11086465e-01
 -1.01423688e-01 -7.89854005e-02 -2.65996486e-01  1.73488811e-01
  8.64998326e-02  1.97880179e-01 -9.63613540e-02 -8.41581598e-02
 -1.26313403e-01 -3.23152810e-01 -9.14211795e-02  3.48420173e-01
  1.22060642e-01 -1.31398410e-01 -2.08781008e-02  3.15206558e-01]"
fcfb1542004cca30647ec5f2b7e4dd14844b52e3ffd43aa2a0eb75015edd2fad,dog_043.png,Pembroke Welsh Corgi,photograph,living room,sleeping/lying on rug,True,"Tricolor Pembroke Welsh Corgi sleeping on a light geometric rug in a bright, neatly furnished living room; a television in the background shows a 'BREAKING NEWS' broadcast.","[ 1.56328797e-01  9.64055955e-02  6.59987777e-02  7.29411095e-02
  9.76604223e-02  1.19492814e-01 -4.95055951e-02 -1.86161563e-01
  2.36292146e-02  1.54878765e-01 -7.67492652e-02 -2.44836032e-01
  2.23003365e-02  3.05337399e-01 -1.49186254e-01 -6.68285638e-02
 -5.13618402e-02 -1.21124163e-01  6.90276846e-02 -7.13961869e-02
  1.17633998e-01  1.77102327e-01  2.11584702e-01  4.87464629e-02
 -4.00849022e-02 -1.52883381e-01  5.05758636e-02  8.22215080e-02
  1.05528846e-01 -7.14716762e-02 -9.29324981e-03  6.49092048e-02
 -1.99284982e-02  5.64804785e-02  2.23410249e-01 -6.85948431e-02
  9.23547223e-02 -6.36441633e-02  1.21021077e-01  4.75473344e-01
  1.99800014e-01  1.72288325e-02  9.95335355e-02 -2.62484789e-01
 -2.68021226e-01 -1.25412628e-01 -1.86638787e-01 -5.85410520e-02
 -4.56739292e-02 -5.12344427e-02 -3.66184771e-01  9.97318327e-02
 -4.34816964e-02  1.54880211e-01 -5.12316227e-02 -1.76687464e-02
 -3.10970321e-02  6.98069483e-02  2.93659121e-01 -3.33399117e-01
  3.22463095e-01  1.54060349e-01  1.81819767e-01  6.96873665e-02
 -3.01584546e-02  2.64841735e-01 -1.43589228e-01  6.92560449e-02
  2.59944201e-01 -5.94350323e-02 -1.04312748e-01  4.09294814e-02
  1.50628155e-02 -1.67744402e-02 -1.55996576e-01 -1.79226458e-01
  1.40021577e-01 -3.31590295e-01  1.58279777e-01 -9.36507136e-02
 -1.13276795e-01 -1.43312350e-01 -1.42832860e-01 -2.96909995e-02
  2.30966672e-01 -1.09794684e-01 -5.66112548e-02  6.51113018e-02
 -2.38921881e-01 -1.15272507e-01 -2.13495046e-02 -4.48511615e-02
  1.82245318e-02 -8.79193917e-02 -8.50866362e-03 -1.16506508e-02
  9.80019197e-02 -1.62877530e-01 -8.57641082e-03  1.01549726e-03
 -1.05036505e-01 -1.23617910e-01  3.42341036e-01  1.60282418e-01
 -1.41626537e-01 -4.06347126e-01  1.56297252e-01  1.09410837e-01
  2.67538000e-02  1.05433911e-02 -1.98251486e-01  5.03109582e-02
 -1.27911717e-01  5.90895303e-02  1.13467515e-01  2.16906980e-01
  6.85250834e-02  2.45127752e-01  1.22886747e-01  1.79962233e-01
  4.61595327e-01 -1.29883841e-01 -2.62094021e-01 -1.11627050e-01
  1.59255803e-01 -1.62128493e-01 -9.72685069e-02 -3.34034756e-33
  9.09915268e-02  1.43004045e-01 -3.19964647e-01  1.77624583e-01
  2.58831620e-01  5.76021597e-02 -1.55144989e-01  2.18863279e-01
  5.62062375e-02  5.33496775e-02  1.64901525e-01  1.49665415e-01
 -8.07171781e-03 -5.06754667e-02 -4.04161327e-02 -2.54030414e-02
 -7.60923401e-02  1.06025361e-01 -1.60306588e-01  1.61904901e-01
 -8.31840634e-02  4.34109569e-01  1.88581005e-01 -1.80741504e-01
  2.54220665e-02 -3.27813089e-01  2.86377314e-02 -9.67887565e-02
 -1.39430553e-01  5.01224920e-02  1.74983069e-01  3.87930758e-02
  1.10592559e-01 -1.02807976e-01 -1.76141009e-01 -9.35650021e-02
 -3.10077012e-01 -1.91256776e-01 -1.01653561e-01  1.13946170e-01
 -1.78987663e-02  1.96572542e-02  9.82318223e-02  2.61984050e-01
 -1.36000337e-02  1.56152293e-01  2.50834208e-02  6.70647472e-02
 -5.54474294e-02 -3.40899006e-02  2.01078475e-01 -4.92088906e-02
 -3.53521824e-01 -2.21035212e-01 -1.45367667e-01  1.17352024e-01
  9.48486999e-02 -2.92089969e-01  3.48619252e-01 -5.15549406e-02
  3.14677119e-01 -7.68967578e-03  2.04859108e-01 -1.07211433e-01
  1.49103757e-02 -4.01695907e-01  6.18384480e-02 -9.60844606e-02
  8.30723643e-02 -1.40747115e-01 -6.92935213e-02 -6.33524060e-02
 -6.95543066e-02 -1.56459168e-01 -8.46799277e-03  1.30521834e-01
  5.87031394e-02 -9.52650532e-02 -9.35429409e-02  4.15518619e-02
  2.90998310e-01 -1.16434947e-01 -4.88777272e-02 -1.58335805e-01
  3.07749473e-02 -8.49218760e-03 -3.07819664e-01  1.87328964e-01
 -2.84565836e-01  2.66491473e-02  1.37472361e-01  1.32621853e-02
  1.30859524e-01 -2.60650665e-01  5.28525785e-02 -2.52933287e-33
 -2.68922630e-03 -1.38832465e-01 -3.61041903e-01 -1.36323974e-01
 -1.04809448e-01  1.36030257e-01 -1.35611728e-01 -4.94214296e-02
 -9.30119678e-03  1.34178683e-01  2.10491523e-01 -7.55230188e-02
 -1.73506960e-01  4.14861962e-02  2.13334322e-01 -1.70205627e-02
  3.74792039e-01  9.84661356e-02  3.56281437e-02  1.01669140e-01
 -7.53822625e-02  3.32166255e-02 -1.82524934e-01 -6.15642220e-03
  5.40193059e-02  3.46180171e-01  2.21719220e-01  1.78824097e-01
 -1.56250060e-01 -1.26712527e-02 -1.49268761e-01 -2.92084038e-01
 -1.50749817e-01  1.34502072e-03  6.57626390e-02 -4.53402400e-02
 -3.63185778e-02 -3.85713190e-01 -1.84379622e-01 -1.52849451e-01
  3.30380172e-01 -1.66342497e-01 -7.07734423e-03  1.96613610e-01
  1.34032354e-01 -1.16010152e-01 -2.16812208e-01 -2.92087607e-02
 -3.11956536e-02  1.31456614e-01  8.74295905e-02  1.12254880e-02
 -1.21894553e-01 -1.32898405e-01 -3.25433724e-02  6.93223923e-02
 -4.47956711e-01  1.34148613e-01  1.41156331e-01  1.68520778e-01
 -6.19804394e-03  2.55425900e-01 -1.63083985e-01 -8.72461349e-02
 -2.28004605e-01  3.32013108e-02 -1.09098524e-01 -2.56320894e-01
  2.26722747e-01 -5.26503548e-02  1.64936349e-01  7.64308050e-02
 -8.76644850e-02 -9.52179357e-02 -1.47058442e-01  2.82416403e-01
  1.28615439e-01 -1.80572599e-01  2.34347265e-02 -2.16592196e-02
 -1.21471033e-01 -2.13157132e-01 -3.34430556e-03 -6.63931146e-02
 -2.53542215e-02 -2.00356930e-01 -3.93082201e-02  2.49884114e-01
  1.63687304e-01 -1.98191211e-01  8.64653587e-02  1.04593664e-01
 -8.19792300e-02 -1.49734750e-01  2.11185902e-01 -9.87144873e-08
 -1.30081907e-01 -1.63931936e-01  7.06361532e-02 -5.89180775e-02
 -4.61379439e-02 -1.98891357e-01  2.75910437e-01 -3.46827328e-01
  6.19738027e-02  8.32472518e-02  7.11838230e-02 -1.62744030e-01
  1.40080407e-01  2.16400139e-02 -4.95453849e-02  2.11694911e-01
 -3.36102545e-01  9.64516625e-02  6.94371462e-02  4.16235663e-02
  1.69623960e-02 -4.87476215e-02  1.44196123e-01  3.03849638e-01
 -1.32811517e-02 -8.71067271e-02  6.82787374e-02 -9.08273738e-03
 -2.89994804e-03 -7.16224685e-02  1.20877728e-01  1.12051189e-01
 -7.49290437e-02  7.62137845e-02 -7.96012133e-02 -1.38250485e-01
  1.12834156e-01  2.09561158e-02  2.48603206e-02  8.30009580e-02
  4.65036035e-02 -1.63810164e-01 -1.26014933e-01  8.44755117e-03
  9.87963900e-02 -3.62236127e-02  2.14442804e-01 -1.63402483e-01
 -3.21334600e-03  5.67589849e-02 -7.24472255e-02 -3.12418444e-03
 -5.79939038e-03  2.33863473e-01 -1.39772296e-01 -3.30575854e-01
  4.60519344e-02  2.00874498e-03 -4.82209548e-02  1.88638255e-01
  8.12246725e-02  2.10102871e-02 -1.51081249e-01  1.43569887e-01]"
a180fab4395a97033d25b30b3b953b12429377b53d349c4cbb2fb27cafe590c4,dog_044.png,Pembroke Welsh Corgi,photograph,outdoor sidewalk café on a cobblestone street,sitting at a café table looking at the camera,False,"Pembroke Welsh Corgi sitting at a marble café table on a cobblestone street with a croissant and cappuccino, outdoor European-style sidewalk café scene.","[ 2.44179830e-01  6.57339320e-02  4.71833535e-02 -5.31897843e-02
 -7.30453953e-02  1.66319728e-01  1.22381940e-01 -2.63295561e-01
 -2.63512377e-02 -1.29396841e-01  2.24886257e-02 -4.74139005e-01
  2.03965157e-02  2.02889051e-02 -5.69607019e-02 -3.88065904e-01
  1.94280103e-01 -9.92106795e-02  3.26079071e-01 -3.68877351e-02
 -2.71760106e-01  6.47772029e-02  9.48869213e-02  1.81821465e-01
 -1.68512121e-01 -4.00594808e-02  8.09208378e-02  2.42134824e-01
 -1.16228491e-01 -2.40690075e-03 -4.71262373e-02 -9.51069519e-02
  1.02284821e-02  1.21611260e-01 -1.32763358e-02 -2.64049135e-02
  1.93946794e-01 -2.26252839e-01  6.48835778e-01  3.24092954e-01
 -1.21397205e-01 -8.16525519e-02 -7.68940849e-03  2.33351123e-02
  1.95507959e-01 -2.31631458e-01 -1.44058734e-01 -2.26276405e-02
 -9.58904102e-02 -1.94049433e-01 -4.00293648e-01  6.65354505e-02
 -7.37580704e-04 -9.94836912e-02 -1.25942156e-01  1.01645187e-01
 -2.29895487e-01 -7.98089802e-02  4.16667998e-01 -7.54270516e-03
  1.77857473e-01 -1.14423297e-01  9.97448191e-02  2.04444960e-01
 -1.06566891e-01  1.74222499e-01 -2.01501474e-01 -3.49621242e-03
  2.48018309e-01  1.10108942e-01  8.30204859e-02  2.58938577e-02
 -1.61106810e-01 -3.69727492e-01 -5.45357764e-02  4.34349291e-02
 -1.83623773e-03 -2.47263059e-01 -9.23046693e-02 -6.26875460e-02
 -2.91592926e-01  3.08486130e-02  1.11806519e-01  1.63729832e-01
  3.62953432e-02 -2.24478275e-01 -2.78793518e-02 -1.85279846e-02
 -8.32991153e-02 -1.94534473e-02  2.24442109e-02 -4.88195978e-02
 -3.06443602e-01  7.72866607e-02 -2.59281099e-01 -9.64038894e-02
  2.31542230e-01  9.59322322e-03  1.04555391e-01  1.85509413e-01
 -2.42167249e-01  7.86455572e-02  1.62387609e-01  1.34031802e-01
 -2.80912295e-02 -2.48481125e-01  9.15589556e-02  2.10004542e-02
  2.55354851e-01 -6.28796220e-02 -1.55366957e-01 -9.23942029e-02
 -4.35871631e-01 -1.59517571e-01 -1.51102424e-01  2.72090197e-01
  6.83087558e-02 -1.97714850e-01  1.22274458e-01  1.40172437e-01
  5.84744960e-02  3.32421996e-03 -3.56576264e-01 -1.35518029e-01
 -2.32216284e-01  4.53841984e-02  1.30921947e-02  4.72249456e-33
 -1.56840190e-01  1.49422362e-01  1.14931293e-01  6.86492398e-02
  5.80593526e-01 -5.46842674e-03 -2.40788266e-01  1.22207455e-01
 -3.01690642e-02 -2.91363876e-02  2.31705889e-01  4.23770435e-02
  3.65738757e-02  3.37473638e-02  3.14491987e-02  5.46864085e-02
  1.30490229e-01  1.36888385e-01  8.34183954e-03  6.02650456e-02
  9.65200439e-02  7.13131651e-02  1.03715837e-01  3.80111784e-02
 -7.95746893e-02 -2.67800540e-02 -5.78616671e-02  1.10700093e-01
  1.94474891e-01  1.84710458e-01  1.84864953e-01  8.64631236e-02
 -1.21277407e-01 -4.56361994e-02 -2.48922348e-01 -5.31134978e-02
 -2.88452268e-01 -2.52154619e-01  1.08089574e-01 -2.76199933e-02
 -3.97857614e-02 -5.63832074e-02  3.07579786e-02  1.76791161e-01
 -2.27497801e-01 -6.56314865e-02 -6.98910728e-02 -8.31285566e-02
  2.90956497e-02 -5.37515618e-02 -1.35685548e-01 -2.03562882e-02
 -4.69583012e-02  3.57719541e-01 -7.55179897e-02 -1.00091986e-01
  5.15680499e-02  1.87834334e-02  3.55278492e-01 -1.07843421e-01
  3.93777996e-01  1.84448227e-01  1.23303801e-01 -1.79510295e-01
  1.62718177e-01 -6.66324124e-02 -4.81621884e-02 -1.18485652e-01
  1.82198301e-01 -1.13011785e-01  2.73926973e-01 -5.02936207e-02
  2.03545615e-01  1.28000379e-01  6.28391430e-02  1.08769514e-01
 -9.22962204e-02 -1.27291858e-01  4.60417457e-02  1.08567223e-01
  2.14670509e-01  7.98838362e-02 -1.04289271e-01 -6.20076172e-02
 -5.73804639e-02  6.41496330e-02 -3.17113213e-02 -1.49634210e-02
  1.03014998e-01  1.00272693e-01 -1.53455645e-01 -1.58764213e-01
  8.39563236e-02 -2.00624585e-01 -3.63942534e-01 -8.47442751e-33
 -4.77154478e-02 -1.04597986e-01 -1.44336611e-01 -1.10465623e-01
 -2.88285881e-01  2.23930389e-01 -1.21823035e-01 -3.74214679e-01
 -1.49620650e-02  6.94714561e-02 -8.89027715e-02  1.29989162e-02
  1.22951694e-01  8.95996690e-02  5.15328534e-02  3.68097752e-01
  2.26050332e-01  1.39354020e-01  1.15327258e-02  1.44191891e-01
  7.63657391e-02  5.69328144e-02  1.60238832e-01  1.33787915e-01
  2.35568341e-02  2.78067321e-01  9.37098339e-02 -1.07037567e-01
 -3.18307221e-01 -1.09119266e-01 -2.86065668e-01 -1.40604496e-01
  9.00382623e-02 -1.91314206e-01 -1.68677829e-02  1.72360033e-01
 -3.20670307e-01 -2.12447897e-01  2.19717428e-01  2.61963964e-01
  1.66138351e-01 -3.19480747e-01  6.52319342e-02  3.59420866e-01
  2.16415286e-01 -3.50223221e-02 -1.19725265e-01 -1.22456290e-01
  1.63145512e-02  2.69557744e-01  1.67054072e-01  1.16925217e-01
 -2.40540802e-01 -1.51484177e-01  6.30000606e-02  2.85227954e-01
 -3.45643610e-01  1.13506382e-02 -7.50176087e-02 -1.52220696e-01
  1.92778055e-02  1.79906756e-01 -1.76434427e-01  1.99086636e-01
  6.61660507e-02  9.04420763e-02 -3.21477085e-01 -2.22113132e-01
  2.20662713e-01 -1.87138602e-01 -1.53823107e-01  1.16816722e-01
  1.16268687e-01  1.30613521e-01 -1.65665567e-01  2.25687027e-01
  1.05649434e-01  1.33856714e-01  2.03863136e-03 -1.51822884e-02
 -2.39690021e-01 -4.95568961e-02  1.45325243e-01 -1.50473848e-01
 -8.30970258e-02 -3.02473724e-01 -4.89931181e-02  1.69389183e-03
 -5.78285381e-02  2.70581692e-02  1.11373149e-01 -7.35740905e-05
 -1.42074255e-02  7.91424811e-02  2.55877823e-01 -9.77629213e-08
  6.56736121e-02 -9.34491381e-02  3.19432057e-02  1.09588988e-01
  1.00829475e-01 -1.45617187e-01  1.97183549e-01 -4.31476802e-01
 -5.39694577e-02  1.02261141e-01 -1.25249460e-01 -5.17914295e-02
  1.15324609e-01  1.68954372e-01 -2.86003351e-01  3.49031866e-01
  1.10197529e-01 -3.69442627e-02  5.38905784e-02  2.84007668e-01
  1.23309195e-01  6.57743141e-02  2.28454292e-01  2.28558585e-01
  6.79466361e-03 -2.03055784e-01  1.43119335e-01  7.93802142e-02
 -2.35304385e-01 -2.45492175e-01  1.17988110e-01  7.99042583e-02
  4.48934827e-03  1.47267252e-01  1.40406460e-01 -3.86403687e-02
 -1.91874623e-01  9.06117558e-02 -3.65819693e-01  6.14579543e-02
 -2.38240436e-01 -5.44672489e-01 -3.44261378e-01 -7.21436143e-02
 -9.60017592e-02  1.88765883e-01 -1.10738203e-01  1.81744620e-01
 -1.72539100e-01  8.28934833e-02 -2.82918185e-01  1.12675633e-02
  3.61716807e-01  7.06504136e-02 -1.30122587e-01  5.28890453e-02
  6.38598725e-02 -2.53601987e-02  7.70036178e-03  1.59355015e-01
 -9.02422816e-02  1.49085805e-01 -2.27597967e-01 -2.01908708e-01]"
b2e41bb1df0d7aa7cdec0ed3f2bc3fb665308c23717605e63c37e84d35de389f,dog_045.png,Pembroke Welsh Corgi,photograph,park (autumn),sitting on a bench holding a bone-shaped treat in its mouth,False,"Pembroke Welsh Corgi sitting on a wooden park bench covered with fallen autumn leaves, holding a bone-shaped biscuit in its mouth during golden-hour light.","[ 1.69763580e-01  9.83061492e-02  5.27169891e-02  1.80725369e-03
 -5.70370816e-02 -4.57916781e-03  2.04774186e-01 -5.54547347e-02
  6.12990297e-02  3.31954300e-01 -3.90886702e-02 -2.75896192e-01
 -1.05821572e-01  1.97637737e-01 -6.67656958e-02 -1.07557610e-01
 -6.33728504e-03 -1.91127777e-01  9.65486765e-02 -2.29387507e-01
  8.12267605e-03  1.36256978e-01  1.90663189e-01  1.38399467e-01
 -3.42074692e-01 -1.88875630e-01 -1.44033819e-01  1.60038918e-01
  2.14991029e-02  1.40596449e-01 -1.74415573e-01 -2.82185785e-02
 -1.07937858e-01 -6.89693764e-02 -1.11116067e-01  6.55334443e-02
  1.13797158e-01 -3.92814636e-01  6.45675302e-01  2.28382260e-01
  3.63150537e-02  6.34394139e-02  5.22927605e-02 -7.12013766e-02
  6.27171695e-02 -2.72266418e-02 -7.48707131e-02 -2.05543693e-02
 -3.04115061e-02 -2.03407422e-01  2.98587256e-03 -5.81800677e-02
  1.32975027e-01 -6.50030375e-02 -3.06687951e-01 -5.42267784e-03
 -1.45182505e-01 -1.37967989e-01  1.97600290e-01 -5.32892868e-02
  2.92426705e-01  1.45639569e-01  1.04418844e-01  1.21858761e-01
 -1.95017293e-01  6.83896914e-02 -1.92583606e-01 -1.60525180e-02
  2.78049022e-01  1.24407507e-01  1.09332010e-01 -5.73010594e-02
 -7.26222321e-02 -2.73896456e-01 -1.68111116e-01 -3.37218642e-01
  9.98589769e-02 -1.06279887e-01  1.94377020e-01 -1.12092443e-01
 -2.86119580e-01  5.56382500e-02  1.99014455e-01  1.82987392e-01
  3.30059876e-04 -1.17498346e-01 -1.82279292e-02  1.82363972e-01
 -1.99347824e-01 -2.04018682e-01 -8.32092762e-02 -1.96981743e-01
 -1.55273855e-01  1.72736079e-01 -2.41931349e-01 -5.02334833e-02
  1.84282169e-01 -6.05329312e-02 -1.80316672e-01  1.17359132e-01
 -2.08499387e-01  1.14485383e-01  1.46411628e-01  6.67962208e-02
  5.90114258e-02 -1.83294564e-01  8.62372108e-04  3.38247642e-02
  2.52942950e-01 -1.08325601e-01 -2.50023693e-01 -4.30301242e-02
 -1.37951940e-01  1.79049641e-01 -2.29029685e-01  2.58975625e-01
 -1.44238442e-01  2.16133110e-02  1.14168599e-01  1.95752442e-01
  2.80235738e-01  6.32720068e-02 -3.95063728e-01  1.15566067e-02
  6.16054125e-02 -1.02593668e-01  1.83439448e-01  3.31890430e-34
 -6.73785359e-02  2.00470705e-02 -1.25848800e-01 -1.12447113e-01
  1.63394943e-01 -7.39709735e-02 -1.13582946e-01  1.81569517e-01
 -1.93109781e-01  1.13575971e-02  1.22525230e-01 -1.02356873e-01
  3.35697383e-02 -7.37716779e-02 -7.38527030e-02 -4.15924117e-02
 -9.83584970e-02 -2.91066500e-03  2.91641265e-01  1.63041115e-01
 -1.32522434e-01  9.07263607e-02  7.30159357e-02  2.35422608e-02
 -1.30259125e-02 -1.79485962e-01  2.16983315e-02 -1.09590910e-01
  7.39001557e-02  1.59990162e-01  1.55710548e-01 -1.13923252e-01
  5.78189045e-02 -1.95004299e-01 -1.04603142e-01 -1.40740201e-01
  1.24905556e-01 -2.18476534e-01  7.54703060e-02 -5.10383956e-02
  1.28552377e-01 -9.95819420e-02  5.25794253e-02  2.91822642e-01
 -2.63830781e-01 -1.40327260e-01 -2.19855428e-01  1.27902120e-01
 -4.69157510e-02  6.40124753e-02  5.67231514e-02  1.43399075e-01
  2.40249962e-01  4.52835411e-02 -2.63504416e-01 -1.36800203e-02
  1.84054568e-01  7.19647929e-02  1.23766460e-01  6.63082376e-02
  3.86357725e-01 -9.47888345e-02  8.26412439e-02 -2.69123942e-01
  1.90010056e-01 -1.00651897e-01 -9.07123014e-02 -1.92904696e-01
 -1.24505289e-01 -2.57318895e-02 -7.37271309e-02 -2.21892938e-01
 -6.77775517e-02 -1.00428164e-01  1.22266427e-01  3.25757563e-02
  3.94542903e-01  9.81509387e-02 -1.32048111e-02  1.86976939e-01
  3.11536074e-01 -1.26861474e-02 -2.37511635e-01 -1.18594304e-01
 -1.70345083e-01 -3.21301669e-02 -1.26665542e-02 -1.15482874e-01
  1.13907002e-01  3.21820080e-02 -4.14043479e-03 -5.52220270e-02
  8.94174203e-02 -2.31735036e-01 -9.69780143e-03 -4.57661203e-33
 -1.06063500e-01 -8.77579600e-02 -1.79155901e-01 -3.69464457e-02
 -1.24255590e-01  3.05545509e-01 -2.44726375e-01 -2.03823864e-01
 -2.61835158e-01 -1.89483464e-02 -9.82573256e-03  8.06305110e-02
 -1.09212235e-01  8.08665007e-02  1.47783488e-01  2.78797865e-01
  2.36002691e-02  4.70016271e-01  3.96905467e-03  1.62360400e-01
  1.67547595e-02  2.27766633e-01  2.22383410e-01  1.12509159e-02
 -1.80452634e-02  3.12267631e-01  2.13856772e-01 -8.99485871e-02
 -2.81260878e-01 -3.33257884e-01 -4.88968045e-02 -3.31029832e-01
 -7.12204352e-02 -2.71075606e-01 -1.52027383e-01  5.09579219e-02
 -4.41449173e-02 -4.05936301e-01 -2.63210833e-01 -1.08132819e-02
  2.83081889e-01 -2.11371019e-01  1.59072623e-01  2.77630746e-01
  2.53093362e-01  1.64198041e-01 -2.27905884e-01  3.91594060e-02
 -3.72997299e-02  5.05448580e-01  9.92161259e-02 -2.95413807e-02
 -1.13447390e-01 -1.07814081e-01  2.61730850e-01  1.27780631e-01
 -4.25185829e-01 -1.90410987e-01  4.65953024e-03 -2.25731760e-01
  3.46196704e-02  1.32201761e-01 -7.92961568e-02  1.96985438e-01
 -1.00936487e-01 -1.53849542e-01 -1.23555943e-01 -9.06477869e-03
  2.48923488e-02 -3.31537910e-02 -1.32401824e-01  8.11093897e-02
  1.48955703e-01 -2.50287466e-02 -6.63892031e-02  4.64338839e-01
  1.53738692e-01 -1.77158430e-01 -2.09391415e-01  6.36265948e-02
 -3.68992805e-01 -6.41800510e-03  2.18568623e-01 -9.92308632e-02
  3.02227829e-02 -1.41813174e-01 -2.18276128e-01  2.70399570e-01
 -6.84173778e-02 -3.06289122e-02  3.10052261e-02  1.49809018e-01
  2.93897595e-02 -8.06673765e-02  3.02578628e-01 -9.68853655e-08
  9.85680968e-02 -1.16861507e-01  2.98939571e-02 -1.17920287e-01
  1.65083017e-02 -2.82709878e-02  8.49111155e-02 -3.41670841e-01
 -2.43365113e-02  1.78167254e-01 -4.41129021e-02  2.57172454e-02
  1.17104039e-01  4.11691330e-02 -3.99330288e-01  3.16209286e-01
 -1.69551343e-01  1.86391175e-01  4.54184748e-02  1.19827554e-01
 -6.54661581e-02  1.38773452e-02  3.89190823e-01  1.64484933e-01
  5.23960926e-02 -1.43075347e-01  1.07857034e-01  2.28566408e-01
 -1.83983639e-01 -7.84542933e-02  2.77018309e-01  3.66992325e-01
  9.40127596e-02  5.27447350e-02 -3.72915193e-02 -2.26457730e-01
 -4.19822000e-02  3.22192818e-01 -2.64750123e-01  1.73761234e-01
 -1.41581193e-01 -1.79119512e-01 -2.91214406e-01  9.31948423e-02
  8.26965421e-02  2.07180768e-01  6.94978312e-02  2.98111886e-01
 -6.14350252e-02 -6.59760907e-02 -2.23913416e-01 -4.82409559e-02
  1.53211519e-01  3.06645811e-01 -1.65045395e-01 -1.06115621e-02
 -4.79146689e-02 -1.63096100e-01  2.25817919e-01  8.13341811e-02
 -1.35361508e-01 -3.90682332e-02 -1.45814046e-01  6.03372715e-02]"
2bf5cb4ba708897a69d3a082039b2b7b0547e5164ae02d9072b1b52db2c5ba5a,dog_046.png,"Pembroke Welsh Corgi (short-legged corgi, could also be Cardigan)",pencil sketch / graphite drawing,"cobblestone urban street with tall, old-style buildings (European-looking)","standing/striding on cobblestones, alert and walking",False,"Detailed pencil sketch of a short-legged corgi with upright ears walking on a cobblestone street framed by tall, old buildings; monochrome, textured shading, three-quarter view.","[ 1.42767146e-01  1.08782858e-01  1.45860359e-01 -1.02569290e-01
 -1.31033912e-01  2.12313756e-02  4.04212028e-02 -1.05295710e-01
 -2.23574311e-01  1.31032676e-01  6.35666400e-02 -1.52688026e-01
 -1.79476544e-01  2.19744414e-01 -1.39119685e-01 -3.44306929e-04
 -5.87242143e-03  1.00323083e-02  1.31117851e-01 -4.78533236e-03
 -2.48296838e-02  6.23579957e-02  1.17892750e-01  9.75865424e-02
 -1.48060918e-01 -1.12977892e-01  2.48136818e-02 -1.54748866e-02
  6.01579994e-02 -2.04061642e-01 -1.55942915e-02  2.09514592e-02
  1.15534671e-01  7.61842057e-02  4.53683250e-02 -1.15340263e-01
  2.20096543e-01  6.59674257e-02  2.50856638e-01  4.01015937e-01
 -8.08503777e-02  1.91860050e-01 -5.10349944e-02 -1.96569692e-02
  1.39896289e-01 -1.83341011e-01 -2.00974837e-01 -6.21593595e-02
 -8.34265873e-02 -6.79912195e-02 -1.44526124e-01 -2.59343386e-01
 -1.24446712e-01  1.34648278e-03 -2.31821299e-01  1.36316091e-01
 -6.13228930e-03 -9.87659469e-02  2.04895735e-01 -1.78859651e-01
  2.82488227e-01  2.10141391e-02  8.07569996e-02  7.88492616e-03
 -7.59152547e-02  1.55962594e-02  1.77880451e-02 -1.22478142e-01
  2.65604496e-01  4.86475714e-02  1.68253869e-01 -1.31132841e-01
 -2.79116720e-01 -2.76342511e-01 -6.73556030e-02 -1.44376263e-01
 -1.58422619e-01 -4.81955074e-02  1.27687026e-02 -3.47612858e-01
 -1.97082922e-01 -3.75602976e-03 -7.01177046e-02  1.70697272e-01
 -1.78507522e-01  1.38936728e-01 -2.11635143e-01  6.24040328e-02
 -2.09718838e-01 -7.46994093e-02 -2.41890992e-03 -5.72124869e-02
 -3.21174622e-01 -5.76082431e-02  1.87943820e-02 -1.98930293e-01
  2.14469731e-01 -1.25842631e-01 -9.39646214e-02  9.90422964e-02
  4.92585637e-02 -2.13670269e-01  3.77735972e-01  1.23233549e-01
  2.78060913e-01 -1.84304431e-01  8.97224694e-02  9.48893875e-02
  3.38875651e-02  8.45370591e-02 -1.95611328e-01 -1.94021419e-01
 -6.82075247e-02  1.75983325e-01  1.66317746e-01 -6.34060577e-02
 -1.43686622e-01  1.12657594e-02  6.38464466e-02  2.01895386e-01
  3.58606845e-01  6.11102954e-02 -1.35539234e-01 -9.01194289e-02
 -1.24750108e-01 -1.10037558e-01 -4.93971258e-02  2.92553912e-33
  1.25836745e-01  3.45056415e-01 -3.24243940e-02  1.18493726e-02
  3.21193963e-01 -2.63453275e-01 -2.35109955e-01  3.87415737e-02
 -1.34317458e-01  2.17777923e-01 -1.07532904e-01  2.65778638e-02
 -2.27973871e-02  2.65790850e-01 -3.40621285e-02 -6.32549450e-02
  1.58352079e-03  7.58412704e-02  6.36839941e-02  3.52739543e-02
 -1.16731401e-03  9.17223468e-02  1.13106884e-01 -1.15357034e-01
  2.32176557e-01 -7.93982223e-02 -1.17455751e-01 -1.89973027e-01
  5.05450927e-03  2.54844408e-02  1.13129131e-01  1.64753973e-01
  6.23460412e-02 -2.24496379e-01 -3.25411320e-01 -6.57798275e-02
  2.19615567e-02 -4.02603328e-01  2.66611073e-02  6.21014573e-02
  2.17027083e-01 -2.19960883e-01  1.46047041e-01  7.83686787e-02
  1.28430009e-01  1.39111981e-01 -1.14233971e-01  2.39251275e-02
 -2.26320043e-01  3.62901539e-02  6.49435893e-02  1.04356281e-01
 -1.99348897e-01  1.04349844e-01 -4.28643487e-02 -5.40877432e-02
  7.61796013e-02 -5.99511154e-03  5.22783138e-02  9.02984366e-02
  2.42634401e-01  2.55557716e-01 -1.41457580e-02  4.77698557e-02
  4.56904024e-02 -2.20086470e-01 -1.51208207e-01  6.98058084e-02
  8.42101686e-03 -4.31450121e-02 -1.72567829e-01 -5.35887517e-02
  1.68656856e-01 -3.83593105e-02  1.77623648e-02  2.64995266e-02
  4.39551137e-02 -6.00020401e-03  5.06107658e-02 -8.45948234e-02
 -1.68683723e-01  1.74481153e-01 -4.59747799e-02 -2.71859407e-01
  2.60665894e-01 -1.79807507e-02  7.97148868e-02 -1.60885692e-01
 -1.09107129e-01  1.54861912e-01 -2.21773922e-01  1.58562168e-01
 -2.12123856e-01 -1.39661506e-01  8.39203317e-03 -6.26993552e-33
 -4.51211110e-02  2.74989270e-02 -2.52770353e-02  3.05420347e-02
 -2.43926063e-01  4.12211716e-01 -1.99211225e-01 -6.11741282e-02
  1.20709628e-01 -2.34627370e-02 -1.23599865e-01  8.18273649e-02
  1.88738719e-01 -1.64460018e-02  5.18789172e-01  1.10148033e-03
  7.57399276e-02 -1.04217306e-01  8.47367663e-03  8.80965292e-02
  3.64152901e-02 -3.20616504e-03 -1.21848747e-01 -1.22912243e-01
 -9.53976959e-02  2.79419094e-01  4.69863676e-02 -1.98246762e-01
 -8.64010304e-02 -1.27526922e-02 -1.11403532e-01 -3.86795133e-01
 -3.32246954e-03 -1.92403704e-01 -2.39169933e-02  5.37750460e-02
 -3.80481444e-02 -1.98207185e-01  5.25774062e-02  2.25089509e-02
  4.76043932e-02 -2.13692561e-01  3.82489264e-01 -6.82971105e-02
  1.44752249e-01  8.61200988e-02 -2.75200427e-01  1.38674602e-01
 -1.62634537e-01  2.15679929e-01  1.26178920e-01  7.28109255e-02
 -6.15468808e-02 -6.83292374e-02 -4.83049639e-02 -1.92959420e-02
 -2.89830506e-01 -8.01073313e-02  4.41724397e-02  2.33846325e-02
 -6.02392145e-02  7.11699724e-02 -3.36034685e-01  7.36821890e-02
 -1.10636465e-01 -2.22425759e-02 -8.15025158e-03 -2.68580288e-01
  1.71078175e-01 -1.44765362e-01  1.69081539e-01  2.29712859e-01
 -3.20712849e-02  7.07776621e-02  1.18170984e-01  2.11356759e-01
  1.03643484e-01  1.04866773e-01  2.05252424e-01 -9.70429853e-02
 -5.65437265e-02 -2.59806383e-02  1.04249619e-01  1.27401710e-01
  8.61389339e-02  1.25986189e-02 -3.07959914e-01  2.03029767e-01
  1.59479246e-01  1.61539577e-02  1.34017885e-01  1.56107351e-01
 -1.31209409e-02 -7.08675906e-02  2.56837886e-02 -9.78660637e-08
  3.35705280e-03  2.91246504e-01  1.57399192e-01 -1.57973275e-01
  1.70092747e-01  1.17694765e-01  2.27824405e-01 -2.33135119e-01
 -2.20370054e-01 -2.87483577e-02 -3.97090465e-02 -9.66968611e-02
  4.18186188e-03  3.92705351e-01 -3.03112686e-01  2.07265854e-01
 -1.38492480e-01  1.08061522e-01  1.18685268e-01 -1.53345153e-01
  1.27160884e-02  9.65859517e-02  6.97854385e-02  2.20376283e-01
 -3.24007601e-01 -1.84173897e-01  7.96673913e-03  4.57819924e-02
 -1.69842854e-01  1.47547603e-01  1.06646247e-01  4.38182294e-01
 -3.86896217e-03  4.16256338e-02  1.22994892e-01 -2.38920748e-01
  1.10878669e-01  1.20730199e-01 -8.91644359e-02  2.03728974e-02
  1.05097659e-01 -4.69985828e-02 -1.60107270e-01 -1.68215707e-01
  7.82170221e-02  1.19556217e-02  3.17934871e-01 -2.03344285e-01
 -1.55959979e-01 -2.25418564e-02 -2.37412959e-01  1.01079412e-01
  2.02792853e-01  2.72514552e-01 -6.42671287e-02 -1.56210130e-02
 -6.89502731e-02 -1.22664995e-01 -9.84153301e-02  1.49031788e-01
  5.42475805e-02 -4.40801010e-02 -2.07995877e-01  1.34117365e-01]"
0358c102ae1d3ed1c4fb91c730fb3d81fe74c452deb2d3dc65e3c2735f129b30,dog_047.png,Pembroke Welsh Corgi,watercolor illustration,wildflower meadow / garden,"trotting/running toward viewer, smiling",False,"Watercolor illustration of a happy Pembroke Welsh Corgi trotting through a colorful wildflower meadow, surrounded by butterflies and bees.","[ 3.10786992e-01  1.97898299e-01  2.25783408e-01 -4.48084325e-02
  1.61877766e-01 -5.83058484e-02  7.09585994e-02 -5.65715015e-01
 -1.02499627e-01  2.84728725e-02 -2.22965460e-02 -5.34416974e-01
 -6.15202077e-02  2.23206505e-01 -1.21941417e-01  2.16908976e-01
 -1.71529144e-01 -1.91973209e-01 -1.66182637e-01 -2.22894728e-01
 -4.26256582e-02  9.38293189e-02  1.33918270e-01  2.54644930e-01
 -2.84706771e-01 -3.03944886e-01 -1.21553130e-01  4.04619128e-01
  6.48548752e-02 -1.37341067e-01 -1.83956876e-01  1.06888197e-01
  6.21463023e-02 -1.03112891e-01  6.07908331e-02 -2.36770082e-02
  9.49211325e-03 -2.96942502e-01  6.38655543e-01  4.54867542e-01
  3.46552990e-02 -1.18647687e-01  5.97800538e-02 -3.56226005e-02
 -2.43762642e-01 -1.16074756e-02 -1.65004566e-01  1.15589797e-01
 -9.59945396e-02 -1.23851605e-01 -2.91563421e-01 -2.49314502e-01
 -3.58902037e-01 -1.71683669e-01 -3.23407084e-01  1.26856133e-01
 -2.43599657e-02 -3.08354914e-01  1.32438838e-01 -4.30322528e-01
  3.94159108e-01  4.09761846e-01  3.92547064e-02  2.57180750e-01
 -2.39658132e-01 -1.31302714e-01 -3.67450267e-01  1.99816287e-01
  6.04825974e-01 -2.67301768e-01  1.72500446e-01 -3.67838256e-02
 -2.00386532e-02 -2.93511719e-01 -1.97261482e-01  1.04314089e-01
 -2.17716798e-01 -9.14296601e-03 -7.21403658e-02 -2.68758208e-01
  5.77321984e-02 -1.77964360e-01  9.88014266e-02  1.34804010e-01
  3.65441263e-01 -1.09441578e-01 -2.26296723e-01 -4.15612869e-02
 -2.99515218e-01 -2.03171268e-01  3.38537176e-03 -4.50514823e-01
 -2.25968897e-01  6.02760389e-02 -3.60395163e-01  4.58357558e-02
  2.98592746e-01 -5.78226745e-01  1.29226953e-01 -8.23296327e-03
 -2.88288325e-01 -4.18189913e-01  3.20005149e-01 -8.78346385e-04
  1.03530794e-01 -2.88175076e-01  6.38123974e-02  1.77089870e-01
  4.68983024e-01 -2.14926019e-01 -3.03330123e-01 -1.51310250e-01
  1.60995305e-01  2.95979917e-01 -1.95243821e-01  1.26737863e-01
 -3.71203393e-01 -6.78273961e-02  1.76740035e-01  5.14210880e-01
  5.19182622e-01  1.08684506e-02 -3.49950016e-01 -1.86123699e-01
  2.40933150e-01  1.50861591e-01 -2.28117034e-01  3.33930358e-33
  2.11897701e-01  1.02546476e-01 -8.15038045e-04  2.10018665e-01
  6.05809927e-01 -2.48103425e-01 -1.51592389e-01 -3.97384942e-01
 -4.39113498e-01 -1.35676056e-01  1.32306203e-01  1.08564243e-01
 -6.57983124e-02  2.10199356e-01 -2.27401957e-01 -3.71165305e-01
  1.00337520e-01 -9.01861489e-02  9.67274234e-02  2.86689669e-01
 -4.57523614e-01  1.15451783e-01 -1.27957150e-01 -2.08653241e-01
  1.10694312e-01 -1.54557526e-01 -2.54630726e-02  2.23027587e-01
  1.97364211e-01  2.56509244e-01  4.67481107e-01 -2.16307417e-01
  9.74933207e-02 -1.21305913e-01  1.06903799e-01 -1.50729448e-01
 -1.93123698e-01 -6.96194351e-01  1.48055404e-01  2.49505207e-01
  1.06311431e-02 -1.50552064e-01  5.06431088e-02  3.63405287e-01
 -2.88617551e-01  1.79926574e-01 -2.71560371e-01  1.69244766e-01
 -6.63955882e-02  6.92195222e-02  6.73956648e-02 -2.33255997e-02
  1.99581534e-01  4.17556353e-02  5.98410480e-02  9.19068605e-02
  2.05777124e-01 -4.51591574e-02 -9.28786024e-02 -7.51297623e-02
  2.31943294e-01  2.26538196e-01 -9.51803178e-02 -3.12046111e-01
  4.88429070e-01 -8.64312577e-04 -2.44347658e-02 -7.48748779e-02
  6.40646443e-02 -1.11321416e-02  1.99036598e-02  1.94805652e-01
 -2.03537211e-01 -1.59615949e-01  6.51062978e-03  1.78245410e-01
  5.24898648e-01 -1.88923314e-01  1.56407148e-01  2.45084167e-01
 -5.90315536e-02  5.08624092e-02 -3.52758437e-01 -9.60850716e-02
  1.67011693e-02 -1.68420672e-01  1.06904142e-01 -2.87612397e-02
 -7.57827833e-02 -1.10207394e-01  2.98014671e-01  1.21192470e-01
  7.88670704e-02 -3.67434144e-01 -1.23126321e-02 -4.53287483e-33
 -2.50654936e-01  2.01028407e-01 -1.70488637e-02  1.67145371e-01
  3.56250256e-02  2.30349377e-01  1.86238885e-01 -2.03491569e-01
  2.85187542e-01  2.37983271e-01 -8.50396380e-02  3.01083148e-01
 -2.09581017e-01  1.31187350e-01  3.47017217e-03 -8.14170912e-02
  2.83272028e-01  1.00395150e-01  3.42418879e-01 -1.41559280e-02
 -3.83498013e-01  2.05949455e-01 -2.35542171e-02 -1.59623042e-01
 -2.45232791e-01  4.02357638e-01 -7.14548379e-02 -1.07834630e-01
 -3.41901720e-01 -3.27974141e-01  6.68500140e-02 -5.31830013e-01
  5.67007065e-02 -3.01043481e-01  5.73479831e-02 -2.34715492e-02
  2.00314626e-01 -3.45369786e-01  3.08283985e-01 -4.41793278e-02
  1.82125911e-01 -4.43416357e-01  3.50064695e-01  1.41539112e-01
  1.05853446e-01  1.06898360e-01 -1.92050815e-01 -1.26170754e-01
 -1.02061465e-01  3.44519883e-01 -2.19595013e-03  2.65765369e-01
 -5.18285744e-02  1.36249453e-01  1.37002960e-01 -1.46182448e-01
 -2.17186570e-01 -2.68199109e-03  1.18415862e-01 -3.27219963e-02
 -1.83607757e-01  3.76463801e-01 -3.31547767e-01  4.88137484e-01
 -1.03188321e-01 -8.76944140e-02 -2.85184890e-01 -1.16859831e-01
 -8.84773135e-02 -7.14543983e-02 -1.05369009e-01  3.31753492e-01
  5.34521826e-02  7.20185935e-02  1.09283999e-01  6.92071170e-02
 -8.84299278e-02  3.75817157e-02  9.58807692e-02  2.99434423e-01
 -1.08629070e-01  1.62172213e-01  1.31873086e-01 -7.85213038e-02
 -6.11097328e-02 -1.87825099e-01 -3.09647053e-01  1.73098460e-01
  9.72538963e-02 -1.43895239e-01  3.26335371e-01  1.63036853e-01
  2.14494020e-01 -4.13133204e-02  5.01804590e-01 -9.76291119e-08
  1.84967965e-01 -1.68317795e-01  2.52106842e-02 -2.99553841e-01
  3.74041319e-01 -7.73814470e-02  1.17755808e-01 -3.34620804e-01
 -1.10783100e-01  1.56445861e-01 -2.16115788e-02  3.56690474e-02
  1.89098660e-02  2.08968624e-01 -1.63709298e-01  6.43655658e-02
 -4.49730977e-02 -1.18655875e-01  6.36832193e-02  1.16044521e-01
 -1.34441242e-01  2.85094023e-01 -9.14288014e-02  2.33671581e-03
 -1.69342369e-01  8.50731060e-02  2.10425258e-02 -3.25535685e-01
 -2.65131354e-01 -2.15885535e-01  2.23747626e-01  4.30811912e-01
  8.33176672e-02  3.40238124e-01 -3.16246599e-01 -2.52292573e-01
 -4.04758245e-01  2.50172347e-01 -3.33851576e-01  1.31378382e-01
  2.77005911e-01  2.19555363e-01  9.42040011e-02 -1.06370792e-01
  3.16420525e-01  1.82191387e-01  1.46679029e-01 -7.34541267e-02
 -1.14528850e-01  1.93344150e-02 -2.43848369e-01 -3.92931849e-02
  2.57478178e-01  2.70842671e-01 -1.53252482e-01 -3.37683082e-01
 -6.20802566e-02  3.47082727e-02  1.43915312e-02  4.06312346e-01
 -1.08308263e-01  2.32704550e-01  9.24958885e-02 -2.30830032e-02]"
321af4687ee198826fa7467b5efc81089fc2caea43c4b8cd6adfa11d31b87ba8,dog_048.png,Pembroke Welsh Corgi,cartoon/illustration,tropical beach at sunset,"floating on water in a pink sprinkled donut pool float, wearing sunglasses",False,"Smiling cartoon Pembroke Welsh Corgi wearing round sunglasses, lounging in a pink sprinkled donut float on turquoise water at a tropical beach sunset with palm trees, distant islands, and small orange fish.","[ 6.07518330e-02  2.09428176e-01  1.22800805e-01 -9.80990902e-02
  1.59139633e-01 -8.99720266e-02  2.75504112e-01 -2.31417701e-01
 -4.20229286e-02 -1.22182913e-01  1.10607855e-01 -4.65319991e-01
 -2.68922430e-02  1.99818045e-01  8.17954987e-02  1.14870764e-01
 -1.81014407e-02 -1.37418926e-01  6.92248568e-02 -1.52498186e-01
 -5.83081804e-02  3.18615317e-01  3.98972072e-02  1.66822970e-01
 -3.85048419e-01 -1.07465222e-01 -1.10705579e-02  1.02482297e-01
 -5.66789135e-02  7.16484524e-03 -1.62087768e-01  2.66212910e-01
 -1.45752802e-01  5.69438003e-02 -2.26351246e-02 -3.10423365e-03
  1.78201467e-01 -2.97182053e-01  2.76519090e-01  2.81304955e-01
  9.82640311e-03  1.00315064e-01  7.70332068e-02  4.73010167e-02
 -9.05502737e-02 -1.18798137e-01 -1.86102614e-01  8.92028585e-03
 -1.66579355e-02 -1.16551615e-01 -2.97359675e-01 -9.17363241e-02
  1.20872855e-02 -1.36432618e-01 -8.54349658e-02  1.73225582e-01
 -1.94182351e-01 -2.49893948e-01  3.07250232e-01 -1.22717984e-01
  3.83497208e-01  2.82359987e-01  1.39417112e-01  1.33119315e-01
 -5.74132465e-02 -1.75965279e-01 -1.35930538e-01  2.71162372e-02
  1.82116941e-01 -2.22252589e-02 -6.52825311e-02 -2.68280618e-02
 -2.09587887e-02 -1.32762641e-01 -2.76813865e-01 -1.57715783e-01
 -7.61082768e-03 -2.04813823e-01  7.15467855e-02  2.47889515e-02
 -1.96260795e-01 -1.19744293e-01  8.76391008e-02  4.00799327e-02
  1.97869554e-01 -2.75185317e-01 -1.51430696e-01  3.38255130e-02
 -2.55488962e-01 -1.42412513e-01 -2.44281068e-01 -2.66524345e-01
 -1.75910100e-01 -2.13027179e-01 -5.51504940e-02 -5.27387746e-02
  8.85752812e-02 -2.40672216e-01 -1.52867094e-01  2.47637048e-01
  1.42498640e-02 -1.60658091e-01  3.16356808e-01  5.89493662e-02
  6.13963045e-02 -2.50951320e-01  3.56864393e-01  2.55972743e-01
  4.61154848e-01 -1.10379104e-02 -2.59803176e-01 -1.38212666e-01
 -2.01198049e-02 -3.65597866e-02  6.50314707e-03  2.35184610e-01
 -1.23203948e-01  9.59359482e-02 -4.18478776e-05  4.63188030e-02
  3.80449176e-01  1.42887095e-03 -1.08110115e-01  1.05742261e-01
  9.56014693e-02  5.94929419e-02 -1.90691575e-01  8.07061287e-33
  2.81637937e-01  1.05813153e-01  1.37734301e-02  3.43938433e-02
  2.82543659e-01 -1.13145977e-01 -1.44073278e-01 -1.68276161e-01
 -1.02379940e-01 -9.68335420e-02 -4.69234139e-02  2.24273637e-01
 -2.92481005e-01  1.11338183e-01 -1.07972123e-01 -2.18451247e-01
  1.14660889e-01  7.16541559e-02  4.66678031e-02  1.06336191e-01
 -1.42930448e-02  1.79519922e-01  1.62543640e-01 -1.83002666e-01
  2.36850064e-02 -1.53549686e-01 -5.57456277e-02 -2.22558409e-01
  6.97785541e-02  2.45081663e-01  1.96205571e-01 -9.06118080e-02
  1.10396929e-01 -1.51996151e-01 -2.71866508e-02  2.88139284e-03
 -2.34458357e-01 -2.60508746e-01  6.98472559e-02  1.03979975e-01
  3.15799147e-01 -1.72950819e-01  4.90401648e-02  3.13112378e-01
 -3.83278459e-01  3.22175305e-03  7.30751455e-02  6.32498935e-02
 -1.10714458e-01 -9.62912142e-02 -2.05233917e-02 -1.17829107e-01
 -1.85909927e-01 -4.71373163e-02 -2.27958500e-01 -6.59603029e-02
  1.19700283e-01 -3.59283909e-02  3.48458514e-02 -3.83165888e-02
  3.61825041e-02 -7.28428885e-02 -2.36070529e-02 -4.42321390e-01
  2.90065438e-01 -1.24053150e-01  1.02880806e-01 -4.89473902e-02
 -8.32267553e-02 -1.36384904e-01  2.13533957e-02 -2.17324831e-02
 -9.66377556e-04 -5.11912853e-02 -1.15813687e-01  1.61186844e-01
  4.13262337e-01 -2.10870177e-01 -9.00684074e-02  1.79280460e-01
  1.18968494e-01  7.19392747e-02  2.74347179e-02 -9.55348313e-02
 -4.08955058e-03 -2.39589568e-02  1.19800800e-02 -4.47989702e-02
  8.36411640e-02  3.76895517e-02 -7.49939382e-02 -9.60149318e-02
  2.73826212e-01 -3.60818058e-01 -1.29687294e-01 -1.21779260e-32
 -1.72728166e-01 -3.03752124e-02 -7.20736533e-02 -1.45560786e-01
  1.90115403e-02  2.05965981e-01  3.32137942e-02  2.20242073e-03
 -6.48842379e-02 -3.53528947e-01 -8.39321762e-02  1.02394428e-02
 -1.43226653e-01 -1.22321971e-01  1.44235417e-01  2.52398610e-01
  3.22496325e-01  2.74904400e-01  1.32065997e-01  1.97161302e-01
 -7.64671117e-02  3.81126851e-02  2.53457159e-01  5.18888868e-02
 -1.04226395e-01  5.48094034e-01  3.33105624e-01 -3.03857744e-01
 -1.92669481e-01 -7.71717951e-02 -5.72726987e-02 -1.23447187e-01
  4.00022045e-02 -1.89876795e-01  3.84380333e-02  9.64153036e-02
 -3.35835099e-01 -2.83135056e-01 -1.98414236e-01  1.63503177e-02
  2.55056649e-01 -3.73865485e-01  2.31837511e-01  6.65250048e-02
  8.08656886e-02  4.83377464e-02 -9.01026949e-02 -4.61762175e-02
 -1.83648095e-02  1.41588390e-01  6.96522072e-02 -4.61082906e-02
 -1.09201975e-01 -3.60615812e-02  1.29527435e-01 -1.89194493e-02
 -3.38133454e-01  2.10604712e-01  1.20164871e-01 -2.47403771e-01
 -2.62214601e-01  3.01880892e-02 -1.06757373e-01 -8.15838277e-02
 -1.71869770e-01  1.26589715e-01  6.06627688e-02 -2.08481476e-02
 -5.49816294e-03 -2.25975990e-01 -7.53769651e-02 -7.15828240e-02
 -5.71076982e-02 -6.13584369e-02 -4.20007259e-02  1.05866723e-01
 -1.36675939e-01  4.77723628e-02  6.74420819e-02  1.95155010e-01
 -2.20605418e-01  1.27255633e-01 -7.42476285e-02 -4.64192256e-02
  8.54865089e-02  6.11450039e-02 -1.34885788e-01  1.35341391e-01
  1.83064133e-01  5.85352182e-02  1.90395471e-02  2.60072768e-01
 -1.51461124e-01  6.21336475e-02  1.81176811e-01 -9.79172512e-08
  1.78326845e-01 -1.82356015e-01  5.30573465e-02  5.23447432e-03
 -9.02432948e-02  7.83285871e-02  1.44833162e-01 -2.31035367e-01
 -1.94041114e-02 -4.04472239e-02  1.24411071e-02 -4.93473671e-02
  2.25019202e-01 -1.25024945e-01 -7.32206255e-02  2.85951585e-01
 -8.99972692e-02  1.66039571e-01  7.66278878e-02  1.50700128e-02
 -1.93507805e-01  4.21485640e-02  2.06536859e-01  2.65383691e-01
 -2.16987133e-01 -1.09550813e-02  3.29915732e-02  5.49301282e-02
 -8.02014023e-03 -5.45927994e-02  2.59584635e-01  3.11018795e-01
 -1.69782579e-01  1.43563107e-01  1.04320623e-01 -2.98973203e-01
 -5.47209419e-02  7.63128921e-02 -1.12883084e-01  1.36938721e-01
 -9.78820547e-02  5.37912473e-02 -7.57607892e-02  1.19100593e-01
 -8.80770236e-02  6.12429120e-02  3.47647280e-01  7.05489218e-02
 -7.04498067e-02  1.30151615e-01 -1.91886559e-01  5.33644520e-02
  7.14467019e-02  4.29931611e-01 -1.96967945e-01 -1.57920361e-01
  1.05727501e-01 -2.01521412e-01 -1.50160372e-01  1.60208747e-01
 -3.37586366e-02 -3.66471261e-02 -2.94690840e-02  2.02878099e-02]"
796ebfdc5acd7ed1bf0a604a63d36c24afa05270466dc565f808d7e824f1864f,dog_049.png,Pembroke Welsh Corgi,watercolor painting,park under a large tree in autumn,sitting/posing,False,"Watercolor illustration of a red-and-white Pembroke Welsh Corgi sitting at the base of a large tree in an autumn park, surrounded by fallen orange and brown leaves, looking alert to the side.","[ 2.34587893e-01  1.85744271e-01  1.65940925e-01  8.42365921e-02
  4.28607941e-01  1.26176151e-02  2.18578443e-01 -1.65211499e-01
  2.02686593e-01  1.49288982e-01 -1.84775680e-01 -2.89735943e-01
  3.48426066e-02  1.75799757e-01 -1.88453898e-01  1.19512059e-01
 -2.42931753e-01  1.46302851e-02  1.20155374e-02 -3.22155356e-01
 -7.10302144e-02  4.35570627e-02 -1.82701685e-02  6.42865002e-02
 -3.27307552e-01 -1.82377353e-01 -1.43015772e-01  2.87593365e-01
 -3.85246165e-02 -1.83555886e-01 -1.18167922e-01 -4.18902077e-02
  2.11215243e-01  3.32840456e-04 -7.00281411e-02 -4.12179492e-02
  2.39305794e-01 -3.78747582e-01  2.81334698e-01  2.01526627e-01
 -5.08855321e-02  2.85312384e-01  1.41779646e-01  2.67804917e-02
 -5.50950505e-02  3.62850949e-02 -2.02819049e-01 -2.14341935e-02
 -1.61326557e-01 -1.57162577e-01  1.05901901e-02 -1.99676171e-01
 -1.14527658e-01 -2.32484907e-01 -3.67913544e-01  6.40783310e-02
 -1.05613716e-01 -2.93935388e-01  2.70328581e-01 -1.67408049e-01
  4.09403116e-01  1.71683729e-01 -8.00464675e-02  9.36985686e-02
 -1.45164251e-01  8.43991265e-02 -2.32332628e-02 -5.39585669e-03
  2.48951301e-01 -1.47467002e-01  1.78381011e-01  8.16278383e-02
 -2.59814840e-02 -2.35582918e-01 -2.53765792e-01 -1.71183452e-01
 -1.01973535e-02  4.24760617e-02  7.38574564e-02 -2.79771626e-01
 -2.03309748e-02  1.50624454e-01 -1.66908454e-03  1.28930748e-01
  2.67525494e-01 -5.22531979e-02 -3.19797993e-01  4.89721633e-03
 -2.86176234e-01 -6.18781783e-02 -6.69236183e-02 -1.65336177e-01
 -2.15941146e-01  1.10061057e-01 -2.17684805e-01  1.07666038e-01
  2.43483067e-01 -2.90325582e-01 -3.22866887e-02  1.52613953e-01
 -1.23748019e-01 -2.78779380e-02  2.50992894e-01 -1.18311338e-01
  2.91405749e-02 -3.63602608e-01  9.52037238e-03  1.40671839e-03
  3.18494171e-01 -9.66303125e-02 -1.84558302e-01 -2.21505210e-01
 -2.28601158e-01  2.31683150e-01 -5.69206588e-02  1.07433088e-01
 -6.44567758e-02 -1.05951525e-01 -9.19550434e-02  2.93963224e-01
  3.69510144e-01  1.96421668e-02 -3.00619036e-01  4.91665006e-02
  2.37476572e-01 -4.19506170e-02  5.77575415e-02 -6.30376478e-33
  1.23181075e-01 -2.60752682e-02 -4.23071384e-02 -4.55919504e-02
  4.85774964e-01 -2.14416683e-01 -1.39072403e-01 -3.78144607e-02
 -2.02854097e-01 -3.45967561e-02 -1.06214710e-01  6.57170042e-02
 -4.48250286e-02 -4.88812961e-02 -3.86656425e-03 -8.92868340e-02
 -1.50418039e-02  7.58151012e-03 -3.05460263e-02  1.48813471e-01
 -2.65511096e-01  1.66963086e-01 -4.27954458e-02 -8.65124092e-02
  1.62026793e-01 -2.10934818e-01 -7.36078322e-02 -3.46235861e-03
  1.60128951e-01  6.67105839e-02  2.11177260e-01 -1.45248473e-01
  1.46679103e-01 -1.98518466e-02 -1.83068618e-01 -1.45990863e-01
 -7.08162114e-02 -2.69177616e-01  1.61483943e-01 -1.28138242e-02
  4.42960113e-02 -8.78641978e-02 -1.18937800e-02  3.15815389e-01
 -9.35427025e-02 -4.11237776e-03 -1.17824271e-01 -1.03434613e-02
 -2.72890013e-02  1.95754785e-02 -5.29493950e-03  2.81180739e-02
  1.08639710e-01  4.55899723e-02 -1.78544655e-01  1.79251134e-01
  8.11251774e-02  2.19829604e-01  1.40762553e-01 -1.46132978e-02
  2.79739738e-01  3.23133692e-02  9.04159695e-02 -1.59342945e-01
  2.76855022e-01 -1.03484698e-01 -5.53505644e-02 -1.43822566e-01
  5.53179868e-02 -3.63437235e-02 -1.60280690e-01 -7.27662742e-02
  1.16470315e-01 -9.78632644e-02 -1.11455090e-01  6.12934567e-02
  3.04185361e-01 -8.91860500e-02  8.88298228e-02  1.67974561e-01
  1.50652342e-02 -1.14954658e-01 -7.99978152e-03 -8.03325996e-02
 -5.92902340e-02 -3.96216847e-02  5.86812645e-02  2.05888525e-01
 -3.97064164e-02  1.35445774e-01  9.83207002e-02  7.94103593e-02
  8.64269659e-02 -3.79781336e-01  2.48231173e-01 -1.83836168e-33
 -2.11221296e-02 -7.69521622e-03 -5.22869937e-02 -1.44272164e-01
 -1.61712900e-01  3.28757972e-01 -1.09181166e-01 -8.03131610e-02
 -3.15214694e-02  3.23505513e-02  2.00937018e-02  2.84434974e-01
 -1.97027817e-01  2.12959543e-01  6.64981455e-02 -5.73205911e-02
  1.36548817e-01  4.26687062e-01  1.58900246e-01  1.26168206e-01
 -2.16831878e-01  1.68604836e-01  1.40338674e-01 -7.24980831e-02
 -5.02813719e-02  3.58573616e-01  1.40435174e-01 -2.35785097e-01
 -2.49866828e-01 -2.44580045e-01 -9.48258191e-02 -3.43498349e-01
  1.09054521e-01 -1.82178721e-01  4.92674932e-02 -7.51334876e-02
  9.18350890e-02 -5.63655257e-01 -1.18978590e-01  3.01879466e-01
  1.85343996e-01 -2.24131957e-01  1.70236960e-01 -3.57303880e-02
  1.59078330e-01  8.09854940e-02 -5.17082103e-02  7.55817909e-03
  6.48963731e-03  1.18185088e-01  1.62319079e-01  6.95298165e-02
 -1.01516433e-01  2.55843829e-02  2.40429312e-01 -1.28350511e-01
 -2.37232640e-01 -2.04450842e-02  2.97178403e-02  9.77700651e-02
 -1.82444587e-01  1.12664819e-01 -3.12733680e-01  7.37535395e-03
 -1.28209382e-01 -2.22669318e-01 -1.30130544e-01 -3.55628617e-02
  3.83764058e-02 -1.06445163e-01 -8.22696015e-02  6.34440482e-02
 -8.72161686e-02 -7.74281919e-02  6.14109486e-02  7.29695708e-02
  4.23883051e-02  5.25847934e-02 -1.71498761e-01 -2.81752646e-03
 -2.07588002e-01  9.87499058e-02  4.62605692e-02  8.28134548e-03
  6.07932471e-02 -2.07373008e-01 -2.39854291e-01  2.53901064e-01
  2.07808748e-01 -1.34243831e-01  1.17311217e-01  1.34725288e-01
  5.49079031e-02  8.95793959e-02  1.63576096e-01 -9.83170381e-08
  7.70026818e-02 -1.37766246e-02  1.17660023e-01 -1.93727061e-01
  1.31755650e-01 -9.10754651e-02  2.35705867e-01 -2.46701241e-01
 -2.36202225e-01  1.07079772e-02  5.30420803e-03 -4.64493260e-02
  8.04267172e-03  1.35683930e-02 -9.05187055e-02  1.82985917e-01
 -2.20189855e-01 -2.34246533e-03  9.46914479e-02  2.80582994e-01
 -5.65885454e-02  9.24470425e-02  4.15407680e-02  1.58819035e-01
 -6.73922002e-02 -4.55000028e-02  5.54916859e-02 -3.39191873e-03
 -1.16973713e-01 -1.30149186e-01  2.22556636e-01  3.86954904e-01
  4.79655229e-02  2.25536644e-01  2.93775313e-02 -1.74288973e-01
 -7.83990100e-02  2.84385324e-01 -2.46307939e-01  3.56390439e-02
 -1.44471601e-01 -2.10026093e-02 -2.40682110e-01  2.14745961e-02
  8.93192068e-02  2.03303486e-01  1.46791235e-01  4.01229821e-02
 -1.26924664e-01 -1.07485674e-01 -2.54813015e-01 -4.02576365e-02
  3.82684804e-02  3.64177108e-01 -1.57103911e-01 -2.27344334e-01
  1.68217234e-02 -2.02739626e-01  1.60193909e-02  8.70055035e-02
  9.25735310e-02 -3.52386869e-02 -6.47628084e-02  2.00687990e-01]"
fa1a5057567009486e00d322925fc7dec7644bb3bdae3ef554b7955cd11fdcb2,dog_050.png,Pembroke Welsh Corgi,photograph,modern kitchen,eating from stainless steel bowl (dog food),True,"Pembroke Welsh Corgi eating dry kibble from a stainless steel bowl on a wooden kitchen floor, with a wall calendar reading 'April 2026' visible above white cabinets.","[ 1.28963187e-01  9.05557945e-02  1.94307670e-01  9.68544856e-02
 -1.26409382e-01  6.22940063e-03 -5.83966486e-02 -4.53187793e-01
 -5.87483607e-02 -1.14138750e-02 -3.62122394e-02 -5.64727187e-01
 -3.81713943e-03  3.52660537e-01 -1.54651329e-01 -3.43283176e-01
  1.41093746e-01 -1.38450831e-01  7.29522780e-02 -1.56079262e-01
  1.67470530e-01  1.01009205e-01  1.18957430e-01 -3.13070714e-02
 -4.31591868e-02  3.86072919e-02  2.21698791e-01 -4.13933881e-02
 -1.12556657e-02  5.13345003e-03 -9.21248794e-02 -1.79338511e-02
 -9.99693349e-02 -5.12117036e-02  1.29010692e-01 -1.32239923e-01
  1.19192198e-01 -2.76865155e-01  3.79750192e-01  1.61984012e-01
  5.94279505e-02 -1.10207116e-02  3.12014312e-01 -2.01820489e-02
 -8.65143165e-02 -1.15444697e-01 -3.50860953e-01  4.21496406e-02
  4.22295835e-03 -1.21436417e-01 -1.83509767e-01 -2.32523739e-01
  2.59750217e-01  2.20017647e-03  7.17700180e-03 -1.30287763e-02
 -6.87527061e-02 -2.46793389e-01  2.57335246e-01 -1.25684306e-01
  2.58929342e-01  7.15798289e-02  4.36705016e-02  2.22738795e-02
 -1.62349984e-01 -7.02107698e-02 -1.25191167e-01  1.42826736e-01
  4.50915881e-02  7.66077265e-02  1.18921176e-01  7.57568181e-02
  1.28690884e-01  4.23304066e-02  1.15796760e-01 -1.42134935e-01
  1.33402203e-03 -2.15562865e-01  7.11142272e-02 -3.23249586e-02
 -2.07635134e-01  1.28642559e-01  2.66786255e-02 -5.53105474e-02
  1.21906155e-03 -1.37270138e-01 -1.46610856e-01  2.66610440e-02
 -5.09875547e-03 -4.36768755e-02  1.34241894e-01 -2.21557617e-01
  5.44205308e-02  3.73576283e-02 -5.39229289e-02 -1.02340095e-01
 -1.88253932e-02 -1.68217421e-01  6.67202696e-02  1.10074341e-01
 -4.15779322e-01  1.03170291e-01  7.80572146e-02  1.37202471e-01
  1.46525472e-01 -1.94152877e-01 -4.55455408e-02  2.06026882e-01
 -1.85044706e-02 -2.80605294e-02 -2.88724124e-01  6.88138753e-02
  1.06903099e-01  1.56048924e-01  3.52201611e-02 -1.54911457e-02
 -1.30404215e-02 -7.75876716e-02 -4.47509475e-02  1.99510887e-01
  3.05985689e-01 -1.04230307e-01 -4.21617419e-01 -3.53741972e-03
  2.15875134e-01 -6.60539651e-03 -8.98941755e-02  8.76382981e-33
 -2.00182814e-02 -1.69939950e-01 -7.56137148e-02 -1.65209293e-01
  2.68050224e-01 -3.72572005e-01 -1.91701695e-01 -3.09401881e-02
  1.94409788e-01 -2.48417571e-01  1.04844652e-01  4.66916822e-02
 -1.05731077e-01 -6.73681274e-02  6.74081743e-02 -1.44958213e-01
  7.43071809e-02  2.03179032e-01  4.07463551e-01  3.24752539e-01
 -6.82571903e-02  5.37517667e-02  2.06174523e-01 -8.45688581e-02
 -1.30146965e-02 -5.91339990e-02 -1.69822007e-01 -2.10283980e-01
  2.39180867e-02  1.16328217e-01  3.06683570e-01 -1.33850679e-01
  1.21253934e-02 -1.21068120e-01 -2.30281502e-01  3.38340886e-02
  2.81567452e-03 -2.26590648e-01  7.15173110e-02 -5.51761948e-02
  3.36866915e-01 -2.03683317e-01  5.77224009e-02  2.64800161e-01
 -2.34566718e-01 -2.20915824e-01 -2.98377335e-01  2.36880451e-01
  2.06462443e-01  3.93538848e-02  3.44624132e-01 -5.52225299e-02
  8.31429735e-02 -1.05245318e-02 -1.07149892e-01 -2.46840715e-03
  3.17543119e-01 -2.93235689e-01  1.34627242e-02 -2.34467257e-02
  2.02806801e-01  1.92277059e-01  7.61731640e-02 -2.68782750e-02
  2.65709385e-02 -3.51699769e-01 -5.18677458e-02 -9.92196947e-02
 -1.26381114e-01 -1.12257160e-01 -1.31705657e-01 -2.15571940e-01
 -2.92016976e-02 -1.78261787e-01 -1.14302531e-01 -2.53508501e-02
  1.97516739e-01 -1.58454567e-01  1.30023897e-01  7.45058730e-02
  2.48343602e-01  1.00667305e-01 -1.22475214e-01  8.54915306e-02
 -9.43835378e-02  2.18544364e-01 -1.84987783e-01  7.06574693e-02
  3.50451022e-01  9.68792886e-02 -6.31468594e-02 -5.05434684e-02
  3.13695110e-02 -1.04534693e-01 -8.42422023e-02 -9.74799629e-33
 -1.03653446e-01  9.13293138e-02 -1.93469480e-01  3.37436378e-01
 -1.39974505e-01  1.46992043e-01 -1.72511414e-01  4.93386611e-02
  9.40973982e-02 -3.53517346e-02  8.17747265e-02  1.36051804e-01
  1.08422637e-01  8.47539306e-02  2.58410931e-01  2.49450579e-01
  2.26130351e-01  1.90070212e-01  8.07841197e-02 -3.06496739e-01
 -1.03875175e-01 -1.25378659e-02 -4.67288941e-02 -1.43969283e-01
  5.87170571e-02  3.36135298e-01  3.46123457e-01  1.54533222e-01
 -3.05517763e-01 -2.46801913e-01  4.43650112e-02 -3.92396718e-01
  4.22608927e-02 -3.49979192e-01  2.12475836e-01  3.25773731e-02
 -4.57198806e-02 -3.61828864e-01 -8.81671906e-02 -1.24470815e-01
  2.08767101e-01  3.23795564e-02 -1.40888825e-01  2.64875352e-01
  5.55888303e-02  3.55926812e-01  1.62718952e-01 -1.84252560e-01
  3.36175710e-01  1.74867660e-01  3.07038277e-01  1.81867734e-01
  1.32845072e-02 -1.44464880e-01 -2.50964221e-02  2.10030228e-01
 -9.42950547e-02 -5.75713441e-03  2.67883658e-01 -1.87708974e-01
 -1.88903481e-01  2.07077131e-01 -1.51673123e-01  8.28291178e-02
 -1.59737319e-01 -2.48423144e-01 -7.71016404e-02  2.79335934e-03
  1.20720088e-01 -2.74110913e-01 -7.50752389e-02  2.13114932e-01
 -1.17827561e-02 -1.50606111e-01 -2.77311832e-01  3.26080799e-01
 -4.15979624e-02 -5.24373762e-02 -1.01048924e-01  1.39023572e-01
 -2.47085646e-01  1.13934748e-01  8.97334963e-02  8.69600847e-02
  9.73925442e-02 -2.27048788e-02 -2.30581135e-01  1.34841546e-01
  1.56672046e-01  1.25336409e-01  9.99877788e-03 -1.89356983e-01
  7.92945623e-02 -8.05579349e-02  3.10272455e-01 -9.76395427e-08
  1.84292868e-01 -1.96004286e-01 -1.94737896e-01 -4.46510091e-02
  1.43397748e-01 -1.35664895e-01 -1.65023580e-02 -4.15975779e-01
  7.29030222e-02 -6.52176067e-02  2.23708898e-01 -4.79046218e-02
 -8.80031660e-02 -5.91092370e-02 -1.79015193e-02  2.62695104e-01
  4.05989401e-02  2.84372866e-02  4.99517694e-02  6.60016686e-02
  1.62160071e-03  1.22299321e-01  1.89230323e-01  1.09310642e-01
 -1.05117336e-01 -8.70109499e-02 -4.04605195e-02  3.02431852e-01
 -2.37137929e-01 -1.83102280e-01  1.43314138e-01  1.91608503e-01
 -1.10756487e-01  1.83340788e-01  8.62852484e-02 -2.80149609e-01
 -1.88923508e-01  1.15047082e-01 -7.55222887e-02  1.47743464e-01
 -1.33285969e-01 -1.25429064e-01 -2.97096819e-01  3.75424838e-03
 -1.42678216e-01  4.33416367e-02 -3.33181284e-02  7.43366331e-02
  4.74239737e-02 -1.39072701e-01 -2.68301040e-01  1.95408851e-01
 -1.63707789e-02  2.08239198e-01 -1.14553854e-01  8.91363621e-02
  1.27246156e-01 -3.39936912e-01  1.03263669e-01  2.12864980e-01
  1.27868596e-02  8.56542066e-02 -1.52971119e-01  8.15311372e-02]"
97d4a436d1a9289e9b9a5e8521640589e01332e1c33ea0515e0b64dd05407004,dog_051.png,Dalmatian,photograph,open grassy field (park/farmland),trotting/walking,False,White Dalmatian with black spots trotting across a wide grassy field under a clear blue sky; side profile with tail curved upward and ears alert.,"[ 1.53848186e-01 -8.01406801e-02  2.01058581e-01  1.87128931e-02
 -1.93535089e-01 -2.35379115e-02  2.80924171e-01 -1.59964830e-01
 -2.17896163e-01 -1.41402707e-01  2.05022693e-02 -5.17266393e-01
 -1.84823014e-03  1.02539167e-01 -3.81362379e-01  2.36712292e-01
  1.24540679e-01 -1.05414860e-01  2.98625361e-02 -9.25794542e-02
 -2.74682730e-01  1.81716979e-01  7.72436783e-02 -2.76569091e-02
 -1.51403606e-01  6.75254911e-02 -1.07269846e-01 -7.27054179e-02
 -4.65110131e-03 -7.62915611e-02 -3.21678340e-01  3.38208884e-01
 -2.27513909e-01  3.20860632e-02  6.35341108e-02 -1.85879990e-01
 -1.49300396e-02  2.13202313e-01  2.90824145e-01  4.63038146e-01
  1.77147359e-01 -9.21828747e-02  3.44931870e-03 -1.92926705e-01
 -2.62865782e-01 -1.34591907e-01 -1.20691411e-01  4.95464765e-02
 -6.58864900e-02  2.51039844e-02  7.15291947e-02 -1.57577723e-01
 -1.58799544e-01  3.12241435e-01 -2.56391853e-01  5.20862639e-02
 -2.16243062e-02 -1.68628208e-02 -8.22694823e-02  1.26304124e-02
 -8.91418383e-02  2.06595659e-01  7.29056671e-02  1.63559973e-01
 -1.04153067e-01  7.56446868e-02 -2.76497751e-01 -5.22560850e-02
  1.85245886e-01  2.65457407e-02  2.64703453e-01  3.53638828e-01
 -7.02129975e-02 -1.57445759e-01 -2.45244458e-01  7.52168894e-02
 -1.87542643e-02 -2.06318080e-01  5.29679582e-02  5.04599176e-02
  5.03482623e-03  2.87635863e-01  8.84396508e-02  1.44081870e-02
  2.16435999e-01  1.89750507e-01  4.42084409e-02  2.59773284e-01
 -3.36200923e-01 -1.29607916e-01  7.63155743e-02 -2.76582083e-03
 -2.25873336e-01 -2.96501331e-02 -7.20832944e-02  2.00185347e-02
  1.35387748e-01  7.75557607e-02 -2.03279648e-02  8.50037709e-02
 -1.34852618e-01 -6.26097977e-01  3.71793121e-01  1.59996614e-01
  3.87409106e-02 -4.89987135e-02 -2.01568887e-01 -2.35965066e-02
  1.39010221e-01 -2.50123054e-01 -7.84697533e-02 -8.54866654e-02
  1.38746515e-01  1.54949084e-01 -3.59055400e-02 -3.41971368e-02
 -1.87366724e-01 -5.65107986e-02  4.55850910e-04  4.93918508e-02
  1.74823642e-01 -3.70220654e-02 -1.55766547e-01 -4.90673222e-02
  2.04070210e-01  1.12153172e-01 -1.87751055e-01  6.45078680e-33
  1.64089039e-01 -8.12750980e-02  1.50981158e-01 -1.83173016e-01
  1.50070131e-01 -5.77636063e-02 -1.59691155e-01 -8.13515261e-02
 -3.53928477e-01  1.46306068e-01 -2.99021274e-01  2.15187833e-01
  9.10506211e-03  1.53350741e-01 -1.59133170e-02 -3.58846724e-01
  7.52120912e-02 -1.62219591e-02 -1.32315516e-01 -1.57119676e-01
 -6.96157962e-02  2.62504458e-01 -7.09871873e-02 -7.71924183e-02
 -7.34459162e-02  6.02967814e-02 -3.85957509e-02 -1.91693544e-01
  1.32249877e-01  1.57214716e-01  1.20577961e-02 -6.23630546e-02
  2.56553590e-02  1.23942025e-01 -9.56837833e-02  1.70854226e-01
 -1.96243916e-02 -2.97342896e-01 -2.00795248e-01  1.05247259e-01
  1.52399346e-01 -7.21253604e-02 -2.05388159e-01  8.42800736e-02
  3.78810265e-03 -1.54212475e-01  8.39940980e-02  4.90327999e-02
 -1.41460881e-01  1.06655166e-01  2.57580817e-01  2.11826451e-02
  1.78350613e-01 -1.03267305e-01  1.37313992e-01  2.42837295e-01
  2.77119372e-02 -2.01898426e-01 -1.92356005e-01  1.68799445e-01
  4.07035083e-01 -7.84181282e-02 -2.53386289e-01 -2.69467890e-01
  2.33140230e-01 -3.95584017e-01 -1.74777612e-01  8.30457434e-02
  2.27135103e-02 -2.72792634e-02  2.38318875e-01  1.61545053e-01
 -9.34422985e-02  8.34719688e-02  2.92033523e-01 -4.00764495e-02
  1.87567696e-01  8.93511772e-02 -1.04479992e-03 -1.47298485e-01
  8.71516690e-02  1.38747558e-01  9.64860618e-02 -2.90414989e-01
 -1.56242132e-01  1.71301737e-01 -9.83326463e-04  2.05436990e-01
 -3.62606287e-01  1.51526872e-02  2.02888519e-01  8.70178118e-02
 -1.42832994e-01 -5.82724176e-02 -2.94621557e-01 -1.06592895e-32
 -1.25636950e-01 -4.54462552e-03  2.86536794e-02  1.28609715e-02
 -6.12049550e-02  3.79934937e-01  1.74681574e-01  3.29100221e-01
  1.29091427e-01  2.72562265e-01 -1.59714550e-01  2.85052389e-01
  1.99481457e-01  4.89533413e-04  1.55829608e-01 -9.60378647e-02
  2.61066612e-02  4.47722971e-02  1.48037001e-01 -2.05079913e-01
 -1.55233145e-01 -1.52028473e-02 -9.77115780e-02 -1.22882552e-01
 -1.52267605e-01  4.64843586e-02  7.59555027e-02 -1.03402205e-01
 -4.34869468e-01 -2.56691426e-02 -1.10257298e-01 -1.44295469e-01
 -1.05004786e-02 -8.95801187e-02  4.24461886e-02  1.55239061e-01
  9.73847359e-02 -2.17258632e-01 -9.51559693e-02 -1.96426138e-02
 -2.39887610e-01 -1.62450120e-01  3.56397688e-01  1.06147870e-01
  1.14728659e-01 -5.82366884e-02 -2.41914809e-01  2.32268080e-01
 -2.16764763e-01  1.62285492e-01 -1.62955806e-01  1.21348292e-01
  1.98991328e-01  1.84628963e-02 -5.68102710e-02  4.75063026e-02
 -3.01154613e-01 -2.88183212e-01  5.77543974e-02  2.49361917e-02
  1.84923619e-01 -8.06538761e-03 -2.20813036e-01  2.99324930e-01
  2.19365895e-01 -1.56867187e-02 -2.22715780e-01 -1.11389823e-01
 -5.52585274e-02 -2.36142144e-01  2.20954001e-01 -1.07394092e-01
 -3.23871642e-01 -1.60161763e-01  1.80602536e-01 -1.17229279e-02
 -1.96484178e-01  8.78549218e-02  1.91643625e-01  2.83161163e-01
  1.10040121e-02 -2.00767294e-01  3.42392385e-01  5.77722862e-02
 -2.78655421e-02 -6.10626815e-03 -3.68938819e-02  1.35017812e-01
  7.41134956e-02 -1.14279084e-01  1.35949431e-02  2.09850073e-01
 -2.97197968e-01  3.36752199e-02  1.16493128e-01 -9.81625732e-08
  2.95492336e-02  1.68814533e-03 -2.75208026e-01 -7.09544122e-02
 -3.82517901e-04 -4.75928187e-02 -1.11311816e-01 -3.67597975e-02
  2.94538856e-01 -1.72590688e-01 -9.46904346e-02 -1.32215396e-01
 -1.86871707e-01  1.39349654e-01  8.32848400e-02 -1.27007831e-02
 -6.98612556e-02 -3.80012468e-02  1.49171967e-02 -9.24474560e-03
 -2.07814097e-01  1.09866589e-01  1.60536453e-01  8.35993662e-02
 -2.14842081e-01 -1.38019726e-01 -1.75032616e-01  1.58186823e-01
 -1.40159531e-02  2.70677209e-01 -1.17208734e-01  2.83092082e-01
 -2.61688262e-01 -2.63432860e-01  1.97485074e-01  7.99066499e-02
 -9.50210392e-02  2.10063457e-01  2.67756939e-01  4.28124636e-01
  4.21621174e-01  1.06025301e-01  2.02238619e-01 -1.53575525e-01
  1.81814909e-01 -1.20284138e-02  2.54374295e-01 -2.57494837e-01
  1.68051660e-01 -2.01187551e-01  8.13140497e-02  9.26258042e-02
  7.50415176e-02  1.55919790e-01 -3.53954375e-01 -2.66301066e-01
  1.19011976e-01  6.19853893e-03 -1.47613257e-01  1.43811852e-01
 -2.29850814e-01  1.35417953e-01  4.12787162e-02  3.90401453e-01]"
7778b7711eb1a0b3b1e8653be237262b2d133aae2374690ce6d06306395f7f6f,dog_052.png,Dalmatian,photograph,urban residential street with brownstone buildings (cobblestone street),standing and looking to the side,False,A Dalmatian standing on a cobblestone street in front of brownstone buildings at golden hour — urban residential scene with warm sunlight.,"[ 4.91550751e-02  2.01962918e-01  3.20195705e-01  1.21122740e-01
 -2.34667122e-01  1.03043683e-01  5.45280762e-02 -3.10183048e-01
 -2.17398390e-01 -1.69983581e-01  8.98531005e-02 -4.32321578e-01
  3.43711302e-02 -4.13583182e-02  5.59909828e-02  1.06477402e-01
  1.52919263e-01  1.19245082e-01  6.39664382e-02  1.20475106e-01
 -3.28672826e-01 -1.07352257e-01  6.98911473e-02  5.83315864e-02
 -1.11441396e-01  1.65576503e-01  9.50848684e-02  1.16588131e-01
  1.95493490e-01  4.12708446e-02 -2.40976512e-02  1.98818132e-01
 -1.82360690e-02  1.75450638e-01  1.60011441e-01 -2.62858104e-02
  1.93495914e-01  1.53380409e-01  1.50597706e-01  4.93743718e-01
  9.63298902e-02 -2.38938555e-01 -1.06692962e-01 -1.71064869e-01
 -2.04950795e-01 -1.68945163e-01 -1.88390128e-02 -7.22262487e-02
 -2.26207357e-02 -2.87547678e-01 -1.02191903e-01  7.15368837e-02
  1.74762607e-02  2.82319505e-02 -2.61029422e-01  1.58171102e-01
  4.80702445e-02 -9.69462395e-02  1.29023911e-02 -3.19935232e-02
  8.60982388e-02  2.25161389e-01 -1.91532269e-01  8.54641870e-02
 -5.33323698e-02  1.51380673e-01 -3.09824079e-01 -3.22348326e-02
  2.39279926e-01 -2.17851251e-01  1.75653473e-01  1.23625137e-01
  4.43497859e-02 -1.18621871e-01 -6.94093853e-02 -1.39723539e-01
  6.06664270e-02 -2.79236943e-01  2.07120702e-01 -2.47176304e-01
  1.35582179e-01  4.48695645e-02  5.53390943e-02  3.60529095e-01
  5.54772802e-02  2.60459371e-02  1.52494907e-01  4.63905960e-01
 -1.51979208e-01 -1.32819250e-01 -6.91202581e-02 -8.94986391e-02
 -4.10246044e-01 -7.68442154e-02 -1.01953000e-01 -1.44868672e-01
 -1.07521927e-02 -1.10426061e-01 -1.68957412e-01  1.30635470e-01
 -1.25300437e-01 -3.27272028e-01  8.76804888e-02  2.58435637e-01
  1.08030945e-01 -2.40279645e-01 -1.15011849e-01 -1.03072964e-01
 -4.76739816e-02 -1.36314243e-01  9.77985039e-02 -1.19774848e-01
 -1.65898845e-01  1.41472951e-01 -5.92086464e-02 -2.11989507e-01
 -1.32993713e-01 -1.28375739e-01  1.62452385e-01 -5.32117672e-02
  3.77462953e-01  9.44288969e-02 -1.94384888e-01  2.65123285e-02
  7.07581118e-02 -5.06184213e-02  1.82029054e-01 -1.27586201e-33
  1.18493684e-01  1.40755996e-01  1.49313435e-01  3.45878606e-03
  2.91405410e-01 -1.92146018e-01 -1.36782631e-01 -2.31638793e-02
 -3.23934466e-01 -9.91973653e-02  3.22310850e-02  7.81679451e-02
 -9.36404392e-02  1.35647431e-01 -6.16005994e-02 -1.13545552e-01
  1.18184157e-01 -1.49332182e-02 -1.78955048e-01  4.93342290e-03
 -6.38359040e-02  1.61963955e-01 -3.13886777e-02  8.94058961e-03
 -9.10666212e-02 -4.60262522e-02 -2.50582993e-02 -7.47491121e-02
 -4.77682166e-02  1.34653762e-01  2.31255926e-02  4.66094501e-02
  1.01277478e-01  2.65979856e-01 -2.56441943e-02  2.06589594e-01
 -9.60954800e-02 -2.33015329e-01 -8.05019662e-02  2.89934780e-02
 -1.75420508e-01  1.11690141e-01  3.42627764e-02  8.62203166e-02
  7.20111355e-02 -1.05765248e-02 -1.03299260e-01 -2.98407418e-03
 -5.76935858e-02  1.70921326e-01  1.72099188e-01  1.26181439e-01
 -2.64151663e-01  1.33871093e-01 -1.17108271e-01  5.36919422e-02
  2.52910014e-02 -1.66517273e-01 -3.75106372e-02  2.91434471e-02
  2.37128437e-01 -4.96438565e-03 -6.17020130e-02 -7.35273883e-02
  1.85668692e-01 -2.40709126e-01 -2.56918103e-01  1.99592352e-01
 -1.49704978e-01  2.14914083e-01  2.56277382e-01 -4.72695492e-02
  1.24507785e-01  1.63852617e-01  1.09207422e-01  7.35445600e-03
 -7.56621175e-03  1.63975477e-01 -1.65234238e-01  2.31688976e-01
  1.37041286e-01  9.69206616e-02 -4.13807966e-02 -4.25172269e-01
  5.02968468e-02 -2.25680564e-02 -6.78156037e-03  2.06802309e-01
 -1.18017010e-01  2.67572403e-02  6.58369064e-02 -3.19516137e-02
  1.11599721e-01 -1.44024670e-01 -3.96485299e-01 -7.20861037e-33
 -7.45486170e-02 -1.60202637e-01 -1.38874456e-01  2.34295111e-02
 -1.42016754e-01  1.73475906e-01 -1.91649824e-01  5.06870113e-02
 -7.59443454e-03  4.88771498e-01 -1.74640328e-01  2.65880108e-01
  2.29947522e-01 -1.51489541e-01  2.41141066e-01  1.00426152e-01
  2.14177772e-01  5.94984852e-02 -9.01453868e-02  9.75910425e-02
 -2.43192032e-01  5.44200949e-02 -3.07598144e-01 -2.28551384e-02
 -2.39399776e-01  1.31638274e-01 -4.40244265e-02  3.87123674e-02
 -1.44077078e-01 -1.94897845e-01 -3.36707205e-01 -1.27754048e-01
  3.08753061e-03 -1.34153530e-01  2.18321323e-01  2.80716956e-01
  5.82437068e-02 -2.55192190e-01 -9.72609818e-02  2.68268317e-01
 -1.18829198e-01 -1.86703876e-01  1.85586482e-01  2.61918396e-01
  3.30013484e-01 -6.13663271e-02 -2.76675493e-01 -7.75490776e-02
 -2.76550889e-01  8.64873379e-02  2.60514300e-02  1.32748201e-01
  5.27259102e-03 -6.99875355e-02 -1.45428494e-01 -4.85996380e-02
 -1.86273798e-01 -1.06299132e-01 -2.07994446e-01  1.05409317e-01
  1.77077428e-01 -7.78506845e-02 -1.23430997e-01  4.18940395e-01
  1.08453119e-02 -1.27683040e-02 -3.72588068e-01 -8.67515244e-03
  1.54954232e-02 -3.02533597e-01  8.85681808e-02  7.77909607e-02
 -1.51612446e-01 -1.55347034e-01  2.00796295e-02  1.33699924e-01
  2.72929650e-02  1.86809033e-01  1.75970122e-01  2.07393453e-01
 -1.14266075e-01 -6.99502081e-02 -4.72100452e-02 -3.52420099e-02
 -1.48706257e-01 -1.44514874e-01 -7.07661659e-02  1.97466210e-01
  7.46536702e-02 -1.32533967e-01 -1.02292160e-02  2.36432165e-01
 -4.04486775e-01  8.81629214e-02  6.32453263e-02 -9.85678597e-08
 -6.54095337e-02 -1.99250337e-02 -2.60153860e-01  6.31269142e-02
 -1.01297028e-01 -1.18611462e-01  2.95958608e-01 -2.63963312e-01
  1.19845487e-01  1.62665620e-02 -6.51393831e-02  1.64413843e-02
  2.16051519e-01  2.21960679e-01 -1.80990458e-01  3.80376466e-02
  8.77651274e-02 -3.01601797e-01 -5.56275845e-02  1.29418567e-01
  1.20509930e-01  1.71710644e-02  1.86502203e-01  1.84444875e-01
 -3.10188830e-01 -8.58016387e-02 -2.52547830e-01  6.81926981e-02
 -1.45727843e-01  3.07426631e-01 -1.58504641e-04  2.39412501e-01
 -3.09900194e-01 -6.49775146e-03  2.74826348e-01 -1.01382114e-01
  5.10950722e-02  2.49214515e-01  2.94296771e-01  1.01041652e-01
  2.22208247e-01 -2.28358522e-01 -8.61419216e-02  3.83930728e-02
  2.92535096e-01  2.21895829e-01  3.64185385e-02 -2.30175585e-01
  1.09889666e-02 -2.09096894e-01 -1.26259193e-01  2.62807570e-02
  1.79917559e-01  9.99042243e-02 -3.22501689e-01 -1.58955351e-01
  1.27523644e-02  6.06860258e-02 -3.53883877e-02 -1.27438381e-01
 -2.18124628e-01  3.74542475e-02 -1.83887988e-01  3.41619909e-01]"
a88f1ba0bfae1ebf206cb87a4f09ce0ba23a21de76bc1fae5163b102128d3dce,dog_053.png,Dalmatian,photograph,studio with graduation backdrop,sitting on a blue cushion wearing a graduation cap,True,"Dalmatian wearing a graduation cap, sitting on a blue cushion in front of a blue 'Class of 2026' backdrop with laurel and diploma graphics, studio lighting visible.","[-7.85183981e-02  1.31949186e-01  2.70207971e-01 -1.34480760e-01
  4.21576351e-02  1.47423029e-01  9.99454781e-02 -1.42146528e-01
 -2.39809006e-01  3.29163224e-02  1.26010165e-01 -1.71663240e-01
  1.22874454e-01  2.96182819e-02 -2.46895790e-01 -5.32450490e-02
  8.41424018e-02 -2.80181468e-02  5.00501879e-02  6.19155206e-02
 -3.13556075e-01  1.73574109e-02  6.54164748e-03  1.03191271e-01
 -8.27127323e-02  1.03765562e-01  5.59651777e-02 -1.46618232e-01
  1.33720383e-01  9.48367417e-02 -1.11868024e-01  1.27103955e-01
 -1.64323568e-01 -1.32159442e-01 -3.68117355e-02 -4.78349701e-02
  1.20503493e-01  1.10437460e-01  1.69105366e-01  3.11620891e-01
 -7.28932992e-02 -1.38144955e-01 -8.07811916e-02  6.13798667e-03
  1.29934639e-01 -2.92427540e-01 -8.62200335e-02 -1.84833959e-01
  1.30397454e-01 -4.59537879e-02 -8.90069157e-02 -1.35546565e-01
  4.50728880e-03 -2.36210689e-01 -2.67623842e-01  2.11007163e-01
  1.49264976e-01 -3.98326814e-02 -1.39221221e-01  1.48301959e-01
 -2.11181268e-01  6.08252399e-02 -1.03405835e-02  1.15316235e-01
  9.51642990e-02  1.25833660e-01 -1.39208242e-01  8.07683617e-02
 -4.36200164e-02  5.75864576e-02  4.01880918e-03  3.74006368e-02
  8.18370208e-02 -1.25560582e-01  2.87058391e-02 -1.18722245e-01
 -3.17240655e-02 -8.68993178e-02  1.06543154e-01 -2.85820942e-03
  4.84661572e-02 -4.51833308e-02  1.92118566e-02  1.80764079e-01
 -3.12879719e-02  1.25841096e-01 -3.14974599e-02  1.38817340e-01
 -3.47347736e-01 -1.46625221e-01 -1.19179599e-01 -2.59923004e-02
 -3.42796624e-01  1.36441529e-01 -3.29433352e-01  1.69785187e-01
 -1.49900928e-01  8.14161077e-02  1.79584458e-01  2.55891770e-01
 -3.04303825e-01 -1.83500454e-01  1.24170907e-01 -1.16779491e-01
 -6.63704127e-02 -1.99818373e-01 -4.85492833e-02 -1.91786721e-01
  1.70008853e-01 -2.21433684e-01  1.21579878e-01 -2.03445569e-01
 -3.19258481e-01  1.42974809e-01 -5.15056364e-02  2.04245627e-01
  1.83848664e-02 -1.58747628e-01  7.05745369e-02 -2.19156861e-01
  2.07009897e-01  1.05283104e-01 -7.97530487e-02 -7.04549104e-02
 -2.39427239e-01 -2.31194079e-01 -1.66788146e-01 -6.40952180e-33
  2.71516860e-01 -3.73153090e-02  8.58312175e-02  2.69010693e-01
  1.27000391e-01  8.14487860e-02 -8.01367536e-02  6.97818696e-02
 -2.86429375e-01  3.72998267e-02  7.14175999e-02  8.51849765e-02
  1.10852785e-01  3.53238476e-03  2.68526047e-01 -2.65519202e-01
 -6.60412163e-02  1.33374780e-01 -2.13017464e-01 -7.27772042e-02
 -3.89722176e-02  1.73226058e-01 -9.38247293e-02 -9.53774229e-02
  3.03496257e-03  2.66682714e-01  9.80098024e-02 -1.03225663e-01
  1.57246634e-01  1.48941785e-01 -5.01185060e-02  1.08719558e-01
 -1.93852752e-01  1.52086467e-01 -1.80164233e-01  1.20905332e-01
 -2.01560915e-01 -2.85718262e-01 -1.05865739e-01  5.53196259e-02
 -6.56994134e-02  3.14799905e-01  4.81183305e-02  2.13451207e-01
 -1.78729147e-01  1.01839945e-01  2.50912666e-01  1.16072572e-03
  9.43726748e-02  8.67011771e-02 -3.77561115e-02  1.03638738e-01
 -9.29993168e-02 -1.92388535e-01 -1.41974185e-02 -1.40709355e-01
  4.89237383e-02  3.06933057e-02  3.44362892e-02 -6.99716061e-02
  1.85580775e-01 -3.15074399e-02 -8.93787742e-02 -8.01044554e-02
  1.48452312e-01 -4.75100353e-02 -2.66230226e-01 -2.80794166e-02
  2.94747770e-01 -1.97721228e-01  1.40259787e-01  1.11556262e-01
 -2.27425337e-01  5.14298193e-02  1.62318185e-01  3.28442827e-02
  9.17195901e-02  1.07908010e-01 -3.40568833e-02 -1.01777546e-01
  6.08027428e-02 -3.20163630e-02  7.04634562e-02 -3.07921559e-01
 -3.97724885e-04  1.36390924e-01 -4.88374084e-02  2.45484427e-01
 -9.21077877e-02 -1.21562459e-01  1.17126696e-01 -1.78054795e-01
  1.48683131e-01  2.75842077e-03 -2.86892235e-01 -3.76548897e-33
  2.18900919e-01  7.41242617e-02 -2.66664714e-01 -1.10286303e-01
  2.35783577e-01 -2.93784519e-03 -1.60524808e-03  1.56695217e-01
 -3.04628849e-01  1.26453236e-01  8.39438960e-02  2.86842853e-01
  2.06893682e-01  1.90174162e-01  7.04435408e-02  1.01778917e-01
  9.60158929e-02 -4.21846937e-03 -2.39053980e-01 -9.85536277e-02
 -1.68958399e-02 -6.88344836e-02  1.15057752e-01  2.51740646e-02
 -1.86111018e-01  5.52771352e-02  5.38549460e-02 -1.83483005e-01
 -2.37965733e-01 -6.13228418e-03 -1.42255738e-01 -1.26471922e-01
 -2.77920783e-01  4.78000380e-02  1.18265279e-01  1.38308391e-01
 -3.12470738e-02 -2.73406267e-01 -4.10779178e-01  2.56904691e-01
 -6.69257715e-02 -2.45259330e-01  1.76451385e-01  1.48080900e-01
  2.24684954e-01 -2.27482900e-01 -2.75977045e-01 -6.48124516e-02
  4.54531498e-02  1.04841970e-01 -1.86907932e-01  2.48119161e-02
  2.84379840e-01 -6.13881759e-02 -4.93004359e-03 -1.26195652e-02
 -2.00412229e-01  1.54770713e-03 -6.42256886e-02  1.48685902e-01
  3.08400244e-01  4.81753983e-02 -1.02261528e-01  1.06968097e-01
  4.76975041e-03 -3.31020355e-03 -1.91526964e-01 -2.44778097e-02
 -3.93930823e-01 -4.36008684e-02  2.33260483e-01 -1.19738258e-01
 -1.06868945e-01  2.52786186e-02  7.86591247e-02 -1.23350918e-02
  3.07784647e-01  1.85981989e-01  1.72847942e-01  2.87016600e-01
 -1.39643520e-01 -1.79041773e-01  9.03229639e-02  4.58600707e-02
 -5.01675420e-02 -3.18829864e-01 -2.85844132e-03  1.21734969e-01
  2.25418620e-02 -2.04388529e-01 -2.32322626e-02  1.72738522e-01
 -2.13540927e-01  2.40509827e-02  2.15414882e-01 -9.89847422e-08
 -1.79149777e-01  8.48624930e-02 -2.52359092e-01 -5.58565184e-02
 -1.41113132e-01 -7.56197125e-02 -1.51461154e-01 -2.55007297e-01
  1.03514791e-01 -9.43083540e-02 -4.82312664e-02 -6.63713962e-02
  8.35861862e-02  8.35790932e-02  3.70827615e-02  4.11103994e-01
 -1.51445433e-01  5.09565547e-02 -1.08279437e-01 -8.01699609e-02
 -6.89072385e-02 -2.22911015e-01  1.98468491e-01  2.05383733e-01
 -2.87893772e-01  8.46681371e-02 -5.99192604e-02  2.29527220e-01
  7.96315819e-02  4.15586978e-01 -1.33202404e-01  8.01179633e-02
 -1.59896389e-01 -3.85934353e-01  1.97107926e-01  4.89180349e-02
 -5.64948022e-02  4.04523648e-02  3.68858755e-01  4.49741423e-01
  8.24837983e-02 -4.28443491e-01  1.09223574e-01  2.00385317e-01
  5.07040977e-01  8.40265304e-02  2.01932162e-01 -7.37438947e-02
 -5.35192201e-03  8.22397992e-02 -4.06773612e-02 -2.06311882e-01
  3.46159078e-02  8.82546082e-02 -1.29175767e-01 -1.23563379e-01
  8.68193880e-02  1.23126894e-01 -2.08382457e-01 -4.73016826e-03
 -6.71926364e-02  1.77845776e-01  3.16331722e-02  3.67727309e-01]"
2228905aa1df665e3f61b16ed38aaf611496e1ad8e003c1b7748046002fc1454,dog_054.png,Dalmatian,photograph,backyard garden/lawn,running with a toy in its mouth,False,"Spotted Dalmatian running across a sunlit backyard lawn carrying a red rubber toy, with scattered dog toys, hedges, and a birdbath in the background.","[ 2.00026706e-02 -2.56263092e-02  2.57612437e-01 -3.59784551e-02
  6.26976565e-02 -6.02082461e-02  1.82636157e-01 -7.12953648e-03
 -2.73732930e-01 -5.11906743e-02  4.78926860e-02 -1.75256327e-01
  1.62407875e-01  1.83347151e-01  1.26591086e-01  1.93631068e-01
  1.71227932e-01  1.16177462e-01 -6.88998327e-02 -1.30443536e-02
 -2.03962505e-01  1.24318764e-01  2.33217016e-01 -2.56585568e-01
 -4.84932154e-01  3.55467319e-01 -1.12937056e-02 -1.60137340e-01
 -1.66570053e-01 -2.35049650e-01  2.71293502e-02  1.46928996e-01
 -4.49828953e-01  8.95526782e-02  2.14336142e-01  1.37508318e-01
  5.36810420e-02 -1.88997775e-01  3.04174840e-01  4.31674153e-01
  2.00131297e-01 -1.30757987e-01  1.50782630e-01 -5.58825731e-02
 -2.35289961e-01 -2.42202524e-02 -2.40558550e-01  2.30935328e-02
  2.21700847e-01 -2.03871652e-01  5.36312908e-02 -1.08578287e-01
  3.91055606e-02  2.89648205e-01 -1.72855213e-01 -9.59034935e-02
  1.09964870e-01  5.72251305e-02 -1.93381727e-01 -3.67216282e-02
 -1.60057156e-03  2.25113481e-01 -3.48964706e-02 -7.81736895e-02
 -2.43803248e-01 -2.95335740e-01 -2.06932411e-01 -1.25724241e-01
  1.19631998e-01  8.16929862e-02  7.35486969e-02  4.07258749e-01
 -1.03593059e-01 -2.78686900e-02 -2.06907600e-01 -2.06047464e-02
  7.82437623e-02 -1.18172415e-01  1.32205099e-01 -3.07762623e-01
  9.59504843e-02  1.62487656e-01  8.10733140e-02  5.62440082e-02
  3.11182886e-01  2.38553762e-01  2.78490454e-01  2.66580433e-01
 -7.99104795e-02 -1.46809399e-01 -2.39018366e-01 -1.91368774e-01
 -1.61102131e-01 -5.96917570e-02 -1.09748513e-01 -1.48727551e-01
  1.63851995e-02 -1.87442750e-01 -3.77772823e-02  1.06658898e-01
  1.20335268e-02 -3.19914252e-01  2.60668278e-01  1.43193364e-01
  1.21509358e-01  1.07826181e-01 -4.89013344e-01  4.53645177e-02
  2.88291574e-01 -2.94822417e-02  3.47983488e-03  6.17439263e-02
  3.86872478e-02  1.62052155e-01 -2.18451738e-01 -2.49078944e-01
 -1.70444041e-01 -8.19234475e-02 -1.54886648e-01 -2.33291481e-02
  2.26448193e-01 -1.47660255e-01 -6.08413704e-02  5.10977097e-02
  3.94363612e-01 -5.70616568e-04  3.97855714e-02 -8.14104996e-33
 -6.58327416e-02 -8.07828084e-02  2.94306904e-01 -2.81400144e-01
  4.78917547e-02 -9.99984611e-03 -8.96106474e-03  5.23267910e-02
 -1.87058061e-01 -5.69912493e-02 -2.42867306e-01  8.35503340e-02
 -2.10116822e-02  2.31630713e-01  2.42588237e-01 -3.10993880e-01
 -4.34938632e-02 -1.62271969e-02  1.57411277e-01 -4.37313430e-02
 -1.72801733e-01  1.48925945e-01 -2.35133292e-03  5.47246858e-02
 -9.49921086e-02 -6.76862448e-02  7.52209350e-02 -2.41124585e-01
  1.71996236e-01  1.42738909e-01  5.15293404e-02 -3.06988508e-01
 -3.01830806e-02  3.95650893e-01 -2.18900725e-01  1.37290359e-01
 -1.32826164e-01 -5.02235711e-01  6.34684488e-02  1.39142290e-01
  1.50067896e-01 -1.14396341e-01  6.46536574e-02  7.18946476e-03
 -2.48586595e-01 -2.32335478e-01  3.90122682e-02  2.51511894e-02
 -2.06499875e-01  1.53176323e-01  1.58578396e-01  9.62033421e-02
  2.64234841e-01 -2.52227932e-01 -1.82411686e-01 -8.36465433e-02
 -1.29060045e-01 -2.21577421e-01 -9.22999382e-02  2.73563992e-02
  5.17643869e-01 -9.49006081e-02 -2.16828451e-01 -6.96180835e-02
  7.57050887e-02 -3.51435959e-01  3.15926373e-02  2.04028174e-01
  4.71024364e-02  3.98266703e-01  2.40968645e-01  1.86486363e-01
 -4.81808037e-02 -4.01527174e-02  1.90774858e-01  1.19084613e-02
  3.12864095e-01  1.39437288e-01  9.15828943e-02 -2.97511905e-01
  1.45315707e-01 -5.26375622e-02  1.31725922e-01 -1.99901089e-01
 -2.21610576e-01  1.15675956e-01  9.52654239e-03  1.56849120e-02
 -1.34258196e-01 -4.66533601e-02  2.62057453e-01 -9.23375711e-02
 -2.64886379e-01 -9.87602249e-02 -3.16370726e-02  4.50652805e-34
 -1.51078939e-01  1.72660068e-01 -6.96796700e-02  9.86619070e-02
  1.06481455e-01  8.50585178e-02  1.76280905e-02  9.83870849e-02
 -2.18429178e-01  7.60744214e-02 -5.30241132e-01  4.51102376e-01
  1.14876404e-01  7.81345088e-03  1.83353066e-01  9.86151490e-03
 -6.03278633e-04 -3.27433906e-02  1.35546297e-01 -1.44148663e-01
 -2.79288828e-01 -2.90743895e-02  5.69095686e-02 -8.75585154e-03
 -7.31272846e-02  1.03066966e-01 -1.28291463e-02 -1.88963830e-01
 -2.78083265e-01 -1.29070416e-01  1.54856682e-01 -3.18554759e-01
  7.01704668e-03  2.95375288e-02  8.43512863e-02 -1.17956787e-01
  1.62398860e-01 -1.10489808e-01  8.88111722e-03 -1.31095378e-02
 -1.14644662e-01 -1.37740135e-01  1.41238868e-01  1.81451067e-01
 -2.40450110e-02 -9.98430625e-02 -2.98608661e-01  1.41177354e-02
 -1.73730657e-01  2.31771439e-01 -7.12111890e-02  1.51015356e-01
  1.20303743e-01 -3.09275180e-01 -2.66553819e-01 -3.88711020e-02
 -1.44486070e-01  1.40815685e-02 -2.17005797e-02  4.46292944e-02
  1.20528482e-01  1.86114207e-01 -1.49711922e-01  2.41967097e-01
 -6.51462376e-02 -1.07274026e-01 -2.08676264e-01 -2.10194528e-01
 -7.56167527e-03 -2.76995093e-01 -1.64324656e-01  2.73039937e-01
 -1.54360831e-01 -1.60662130e-01  7.18729123e-02  9.00635123e-02
  1.03310244e-02  4.17535156e-02  1.26640588e-01  3.72237831e-01
  1.46774530e-01 -8.68202746e-02  7.95079917e-02 -1.67285994e-01
 -1.55658528e-01  4.41951118e-02 -1.49869680e-01  2.57432908e-01
 -5.11394441e-02 -1.50210157e-01  1.82035401e-01  2.92047918e-01
  2.45012040e-03  2.71638751e-01  9.98620763e-02 -9.76150361e-08
 -1.30191565e-01  2.28840500e-01 -3.29572231e-01 -1.72141325e-02
  1.47081017e-01  2.16154590e-01  2.87194699e-02 -5.35293818e-02
  1.31121218e-01 -1.63770854e-01  2.25359812e-01 -2.52015978e-01
 -2.52377125e-04  1.70243233e-01 -7.11889518e-03  5.67909256e-02
  2.03228723e-02 -1.82276964e-01 -7.91736767e-02  3.38199556e-01
 -2.05893978e-01  3.60136002e-01 -5.21361120e-02  2.53120154e-01
 -3.44671935e-01 -6.35065511e-03 -1.64365545e-01 -9.14682075e-02
  1.56546533e-01  2.43221581e-01 -1.12108544e-01  2.77523994e-01
 -2.98324257e-01 -2.02555745e-03 -3.37499827e-02 -9.76997092e-02
 -6.73571005e-02  2.53563941e-01  2.71014869e-01  3.26491505e-01
  4.34576511e-01  1.00503676e-01  2.11732641e-01  9.32603236e-03
  1.44199356e-01  7.34819844e-02 -9.75010023e-02 -4.99363422e-01
  3.51196267e-02  2.05436093e-03 -1.31673083e-01 -4.26645838e-02
 -1.32618070e-01  9.39596742e-02 -7.80803859e-02 -1.66005820e-01
 -1.61707595e-01 -1.76601604e-01 -1.26331598e-01 -3.90922949e-02
 -3.58588040e-01  1.66092906e-02  2.29544148e-01  6.57087743e-01]"
b44149faa4b12ab9f8c74875fe55680caf2dca05b916c51fa84b2ecca15806e7,dog_055.png,Dalmatian,photograph,woodland/forest trail,running toward camera,False,White Dalmatian with black spots running along a narrow dirt path through a lush green forest; ferns and tall trees with dappled sunlight filtering through the canopy.,"[ 9.75273922e-02  1.69063602e-02  2.23191693e-01  1.51219130e-01
 -5.38746268e-02  1.29943192e-01 -6.06186280e-04 -2.44429886e-01
  2.51635015e-02 -3.50028723e-02  7.02860281e-02 -4.59238112e-01
 -3.59865054e-02  1.31856158e-01 -2.76852697e-01  1.92932963e-01
  4.56357636e-02  3.84281091e-02 -1.17161851e-02  7.70135969e-02
 -7.57199451e-02  1.85846761e-01  7.92540535e-02 -1.58105195e-01
 -2.86161005e-01 -5.48705161e-02 -1.99837625e-01 -1.05606705e-01
  1.57686472e-01 -1.40886605e-01 -2.19452441e-01  2.53234535e-01
 -2.31878012e-01  1.67077541e-01  1.61021024e-01 -9.79597941e-02
  5.07699139e-02  2.66624074e-02  1.02861814e-01  4.66636062e-01
  1.66869611e-01  3.55971679e-02  5.90968318e-02 -1.55542597e-01
 -4.44849223e-01 -8.14151391e-02 -1.01294287e-01  8.01186562e-02
 -9.99099091e-02 -2.89849013e-01 -2.90010590e-02 -1.78125054e-01
 -3.12924743e-01  1.45348176e-01 -1.04358807e-01 -1.46686330e-01
  8.60025510e-02 -4.57154736e-02 -1.18149064e-01 -2.58917119e-02
  8.79743695e-02  1.18559375e-01 -9.65306628e-03  3.98078449e-02
 -5.54428361e-02  1.80085734e-01 -3.25698704e-01 -2.09366009e-02
  2.02781320e-01 -8.99216384e-02  1.20504022e-01  3.85560721e-01
  4.15081345e-02 -1.46122411e-01 -3.00711036e-01  1.26914427e-01
 -1.46880120e-01 -1.51480570e-01 -5.17013222e-02 -1.22951627e-01
  1.33166701e-01  3.62144023e-01 -3.61600593e-02  1.61545858e-01
  3.58016610e-01  2.12950647e-01  8.76912698e-02  1.69092938e-01
 -1.17394350e-01 -2.65254498e-01  4.23871763e-02  5.46979345e-02
 -1.97258368e-01 -1.02382936e-01 -1.32942557e-01 -4.49131355e-02
  2.88440078e-01  5.30972145e-03 -4.27931584e-02  7.93099329e-02
 -3.88223752e-02 -4.41307157e-01  1.19295038e-01  3.45584005e-02
  1.89584345e-02  8.56127292e-02 -2.44971141e-01 -3.93722989e-02
  1.74073666e-01 -1.20804526e-01  2.08941400e-02 -3.14133354e-02
 -1.55653238e-01  2.11644888e-01 -1.27345389e-02 -3.75952572e-01
  1.18457843e-02 -7.73750171e-02 -7.59992599e-02  1.52129412e-01
  1.15731102e-03 -1.69957876e-01 -2.59822786e-01 -9.66908485e-02
  1.90634564e-01  2.84389257e-02  5.24769574e-02  3.52904159e-33
  2.09707990e-01 -1.53157115e-01  2.20367774e-01 -2.14120179e-01
  3.05700958e-01 -2.50264592e-02 -1.11140035e-01 -4.90524769e-02
 -3.40877712e-01  5.08432016e-02 -2.69062489e-01  8.14848691e-02
 -1.25151888e-01  2.84852624e-01  9.15003568e-02 -3.09991598e-01
  6.39124960e-03 -7.39334151e-02 -5.60337491e-02 -3.56217064e-02
  1.08073175e-01  3.32664281e-01 -3.33281979e-02 -4.90720049e-02
 -1.41623095e-01 -9.12873372e-02 -2.18570642e-02 -2.06009299e-01
  1.32465273e-01  3.97100449e-02  3.87328956e-03 -2.26786882e-01
 -8.12578052e-02  2.72179812e-01 -1.82361916e-01  2.32486233e-01
 -4.08265293e-02 -2.68616170e-01 -2.03526467e-02  1.33217886e-01
 -6.03327155e-02  2.56058984e-02 -1.72818989e-01 -5.79431048e-03
  1.74510386e-02 -1.13954075e-01  9.38447788e-02 -2.00996571e-03
 -1.31895274e-01  2.15002686e-01  8.00624266e-02  4.80425125e-03
  9.10534933e-02 -1.75172016e-02 -1.63414389e-01  4.08328772e-02
  2.39582751e-02 -2.41146743e-01 -1.34143144e-01  2.10369036e-01
  4.08284038e-01 -1.40371978e-01 -2.30365619e-01 -2.54808217e-01
  2.58740574e-01 -3.91940683e-01 -1.74084365e-01  1.43864602e-01
  1.94381595e-01  1.34340659e-01  2.26008430e-01  6.89014345e-02
 -1.46039724e-01  1.56923786e-01  2.89044291e-01 -3.79619151e-02
  1.89067781e-01  1.17459461e-01 -2.71104217e-01  2.33943406e-02
  1.34097159e-01  1.34720895e-02  6.25291700e-03 -2.71447033e-01
 -1.76823705e-01  1.73408851e-01  2.71980651e-02  1.67623505e-01
 -2.43730411e-01 -5.59423454e-02  2.44818851e-01  4.15701829e-02
  4.33303006e-02 -3.88710536e-02 -1.60354361e-01 -9.59487713e-33
  4.05171188e-03 -1.31179783e-02  2.19902501e-01 -7.20747560e-02
 -1.40890032e-01  2.34450117e-01 -4.73993421e-02  1.96224749e-01
  1.09564476e-01  2.03837886e-01 -2.00474426e-01  4.02140915e-01
  3.83455932e-01 -3.30096320e-03  9.10098925e-02 -1.50525153e-01
  2.12933898e-01  3.96954864e-02  2.08937153e-01 -7.48734325e-02
 -2.31218889e-01  1.33875594e-01 -1.04118548e-01 -1.58721536e-01
  2.09606462e-03 -1.54375397e-02  1.25418261e-01  1.85256749e-02
 -3.94032985e-01 -7.47004747e-02 -4.29978222e-03 -1.54415265e-01
 -4.57083583e-02 -2.30233595e-02  1.61939766e-02 -8.46627429e-02
 -5.98720566e-04 -1.70403555e-01 -1.25296563e-01  4.47202027e-02
 -3.59603465e-02 -1.57667786e-01  1.59050182e-01  1.54795915e-01
  5.78676015e-02 -1.46055326e-01 -3.88799429e-01  1.97942421e-01
 -1.29630864e-01  6.49519861e-02  6.44729957e-02  3.70770805e-02
  6.03106692e-02  6.65342361e-02 -3.35656144e-02 -4.84321527e-02
 -1.38797939e-01 -1.38637483e-01  7.42741823e-02  2.29513198e-01
  3.43046896e-02  1.68660283e-01 -2.88607329e-01  2.50992000e-01
  1.24377102e-01 -6.35752678e-02 -2.04133987e-01 -1.17410973e-01
 -9.15639922e-02 -2.87846088e-01  5.54743484e-02  4.43892293e-02
 -1.96886435e-01  4.98701893e-02  5.28919958e-02 -1.07212752e-01
 -2.11315304e-01  5.20633832e-02  1.17267199e-01  3.37335706e-01
 -9.12112966e-02 -1.69069797e-01  3.27451915e-01 -9.69110727e-02
 -3.34125459e-02  9.82237086e-02  2.66353451e-02 -2.25867778e-02
  1.06401056e-01 -1.20534599e-01  4.09360528e-02  2.77121305e-01
 -1.14113919e-01  1.28251627e-01  8.98859054e-02 -9.84080444e-08
 -1.95610859e-02  7.51122236e-02 -1.03540398e-01 -5.46338148e-02
 -5.58145046e-02 -1.46212727e-01  7.08655939e-02  1.94478571e-01
  2.97587305e-01 -4.61748652e-02  1.75953567e-01 -1.69293404e-01
 -5.47654778e-02  1.41808510e-01  1.59060180e-01  4.83660921e-02
  7.24231675e-02 -1.18833922e-01  7.95747638e-02  1.19583882e-01
 -2.71117806e-01  5.33362012e-03  1.78892136e-01  2.53419876e-01
 -2.35451534e-01 -1.01104990e-01 -1.44374251e-01  1.07539341e-01
  3.19015048e-02  2.58597255e-01 -1.65884629e-01  2.49777868e-01
 -6.45616949e-02 -1.80345610e-01  1.22641198e-01  1.23134546e-01
 -1.73013657e-01  1.62241980e-01  1.44642606e-01  2.19128042e-01
  3.78464580e-01  5.40386885e-02  1.87155142e-01 -1.45110980e-01
  1.08423624e-02 -6.95443153e-02  1.23782024e-01 -3.07893693e-01
  1.47832572e-01 -1.77532643e-01  2.19176844e-01  1.01206608e-01
  7.03922007e-03  1.63109273e-01 -2.71392375e-01 -4.08189505e-01
  2.19424292e-02 -7.20973685e-02 -1.92190096e-01  1.50975302e-01
 -1.24765195e-01 -5.96442223e-02 -1.53008867e-02  4.47595298e-01]"
4ef08d31df0106ec56f704a6b2b1d921a5a95fc784c7e9050b29a8adce852c1a,dog_056.png,Dalmatian,pencil sketch / line drawing,"cozy living room (sofa in front of fireplace, bookshelf, potted plant)","sleeping, curled up on a couch",False,"Pencil sketch of a spotted Dalmatian curled up asleep on a cushioned sofa with pillows in a living room featuring a stone fireplace, bookshelf, and potted plant.","[ 1.11126587e-01 -7.90018141e-02  1.11286603e-01  1.27875820e-01
 -1.68375209e-01  1.10711850e-01 -3.72564979e-02 -2.96220332e-01
  4.32268828e-02  1.76420450e-01 -1.46096036e-01 -1.76276609e-01
  3.12665179e-02  2.61803418e-01 -2.18834594e-01  2.84576472e-02
 -1.58056498e-01 -2.48304475e-02  2.08748534e-01  1.21565878e-01
 -1.19198173e-01  1.80535600e-01  1.79904953e-01 -2.32102498e-01
  1.58196196e-01 -4.44896407e-02  7.23864436e-02 -3.58083785e-01
  3.07274610e-02 -9.73882079e-02 -2.21336588e-01  1.89822361e-01
 -4.22498405e-01 -1.57750502e-01  3.11814100e-01  4.15039947e-03
  5.49394824e-02  1.26352116e-01 -1.28585976e-02  4.55516309e-01
  1.72327965e-01 -1.25537291e-01  2.54361215e-03 -2.03391925e-01
 -2.79238701e-01 -1.78585291e-01 -2.81047732e-01 -1.15182966e-01
 -3.54360566e-02  2.84003895e-02 -2.40437210e-01 -8.07594601e-03
 -3.71943027e-01  3.17366943e-02 -3.20012867e-02 -1.28849924e-01
  1.72628656e-01  2.35620856e-01 -1.49596971e-03 -5.72124012e-02
  6.34940565e-02  4.51790877e-02  2.55544960e-01  4.10635397e-02
 -1.17506213e-01  1.41802803e-01 -2.86964774e-01 -1.33134305e-01
  2.49842837e-01 -6.54976442e-02 -1.78271711e-01  1.24986224e-01
  2.18346789e-02 -1.66518643e-01 -3.27302590e-02 -2.05094770e-01
  1.13421131e-03 -2.56239444e-01  2.23547533e-01 -1.75088167e-01
 -1.13516271e-01  1.50943160e-01 -1.50704056e-01  1.27456382e-01
  4.46395986e-02  3.16546202e-01  1.59110427e-01  1.68306962e-01
 -2.67794430e-01  3.21854912e-02  3.16663831e-01  8.36312175e-02
 -2.09804609e-01  7.18764588e-03 -1.00164756e-01 -7.25900903e-02
  2.82660902e-01  1.10196501e-01 -2.89345205e-01  8.40387717e-02
  2.03329027e-02 -2.38649026e-02  1.47496745e-01 -6.17764629e-02
  8.88725463e-03 -2.66770497e-02 -1.70949951e-01 -2.80837893e-01
 -3.10363318e-03 -2.20214084e-01 -1.81643799e-01 -2.16151588e-02
 -8.45365226e-02  2.14292482e-01 -3.75195928e-02 -1.29993260e-01
  1.68412581e-01 -2.26710066e-01  2.26830110e-01 -1.67610049e-02
  2.60207623e-01  6.64293021e-02 -6.64775148e-02 -4.38415222e-02
 -1.76503174e-02 -3.11706886e-02 -1.74673766e-01 -1.21341304e-33
  2.08113194e-01  5.78992851e-02 -3.68384235e-02 -2.73335520e-02
  2.05070138e-01 -1.91564411e-01 -6.28521368e-02  2.98682958e-01
 -1.91652402e-01  1.03283413e-01 -6.93477094e-02  3.74236554e-02
  1.50626585e-01  2.39695251e-01 -2.13871952e-02  4.40378580e-03
 -4.28071544e-02 -2.90193614e-02  3.31512615e-02 -1.42797396e-01
 -1.38433054e-01  4.05808449e-01  2.26026565e-01 -5.05570695e-03
 -1.78482473e-01 -5.74403675e-04 -2.95727812e-02 -2.61489809e-01
 -1.80749416e-01  8.89216959e-02 -5.33700362e-02 -1.62424669e-01
 -1.42058596e-01 -5.83838597e-02 -4.03951287e-01 -2.08318047e-02
  6.29343018e-02 -3.10351849e-01 -2.07970992e-01  1.37831584e-01
 -4.41588229e-03  2.10999489e-01  3.03980798e-01  1.18410811e-01
 -6.15142696e-02  1.11084603e-01  5.62309027e-02  1.75306723e-01
 -1.06625497e-01  6.63912073e-02  1.05554596e-01  1.41407281e-01
  2.16202494e-02 -7.88558200e-02 -1.28903925e-01 -2.24673506e-02
  5.71241044e-03 -2.24222437e-01  8.25550780e-02  5.43952622e-02
  3.65912944e-01 -8.54248852e-02 -2.83238455e-03 -8.47278833e-02
 -4.40603420e-02 -3.35578620e-01 -2.28577569e-01 -4.12070006e-02
  5.17500527e-02 -1.66931808e-01 -5.65214418e-02  1.19000345e-01
 -2.88107991e-03 -2.27258131e-01 -6.07542731e-02 -5.55124767e-02
  1.26221897e-02  2.50432324e-02 -2.92431235e-01 -2.13815987e-01
  4.53449547e-01 -1.42104656e-01  3.62414718e-02 -3.04836154e-01
 -1.62917197e-01  5.00145219e-02  6.75083548e-02  1.03055753e-01
 -3.23534518e-01  2.06876487e-01 -1.28313750e-01 -1.79705191e-02
  1.76693007e-01 -2.70997137e-01 -6.23039715e-02 -4.32115727e-33
  3.55720967e-02 -2.31293827e-01 -1.74874246e-01  8.51173028e-02
  3.56294326e-02 -9.76771303e-03 -2.03250110e-01 -2.67490558e-02
 -2.80781332e-02  1.18555725e-01 -1.12519115e-01  9.98288020e-02
  3.43453974e-01 -1.02018856e-01  3.89112771e-01 -1.19277567e-01
  2.60387436e-02 -7.40587339e-02  9.30819586e-02 -3.11865397e-02
 -2.76343614e-01  3.78459208e-02 -2.40340739e-01  1.32963911e-01
 -8.33958983e-02  2.71666855e-01  1.61252305e-01 -2.01285884e-01
 -2.99203604e-01 -1.12984991e-02 -3.30901295e-02 -2.43719861e-01
 -1.29248619e-01  8.09495449e-02  5.38992323e-02  3.42138186e-02
  1.64466262e-01 -3.61104161e-01 -1.46650970e-01  2.17995178e-02
  1.69584975e-01 -5.21725938e-02  1.25272155e-01  2.08324254e-01
  2.63283670e-01 -1.57972842e-01 -3.45753670e-01  7.12236911e-02
 -5.10610975e-02  3.50481212e-01  1.87718749e-01  6.61234483e-02
  8.90085995e-02 -2.11478531e-01 -1.88716218e-01 -4.01894674e-02
 -1.48712993e-01 -1.01803102e-01  2.32213274e-01  2.02060699e-01
  1.07261121e-01  6.05103709e-02 -1.11735880e-01  4.98895384e-02
  3.95248458e-03  1.01033412e-01 -1.31220862e-01 -1.36044219e-01
  1.47010043e-01 -4.10661101e-02  3.01136017e-01  1.39380813e-01
 -1.26527429e-01 -1.56694732e-04  2.43226483e-01  1.15321636e-01
  2.44253784e-01 -7.88150653e-02  2.46263862e-01  5.68775237e-02
  7.04315603e-02 -1.77345276e-01  1.81241244e-01 -5.01443557e-02
  1.10540792e-01 -7.49230236e-02 -4.42217998e-02  2.39265010e-01
 -1.47269785e-01 -1.28073096e-01  3.41487117e-02  1.89353943e-01
 -2.83088565e-01  9.91982147e-02  3.47815424e-01 -9.92591964e-08
 -9.61153209e-02 -3.68711390e-02 -2.25357637e-01  2.37391870e-02
 -7.06733763e-02 -2.94490218e-01  2.88670748e-01 -1.12953134e-01
  1.83034688e-02 -1.07299916e-01  2.18130082e-01 -1.98366761e-01
  1.95795283e-01  1.01452209e-01  8.61223787e-02  2.04121098e-01
 -2.66398340e-02  1.34762093e-01 -1.17009714e-01 -4.80276421e-02
 -6.77257031e-02  1.65445685e-01 -5.70569672e-02  3.41673344e-02
 -1.32863626e-01 -1.41575485e-01 -1.41157255e-01  1.01559505e-01
  4.29639891e-02  2.93438375e-01  1.35419900e-02  5.52601628e-02
  3.94804077e-03 -3.27379070e-02  1.82261214e-01 -9.94555727e-02
  4.92581613e-02 -1.22976393e-01  2.74405807e-01  1.54212043e-01
  2.07377836e-01 -1.48528934e-01 -2.56716693e-03 -1.89583927e-01
  1.24323942e-01 -1.43729985e-01  2.85882860e-01 -3.43602896e-01
 -1.76335927e-02  1.24575280e-01 -1.40203521e-01  4.12238352e-02
  1.37109086e-01  1.07057206e-01 -1.31597370e-01 -3.21923971e-01
  5.10252118e-02  1.79009691e-01  2.11003795e-02  1.25747681e-01
  3.87077481e-02  2.72174776e-01  3.60031873e-02  2.82182634e-01]"
d4a6c6dbfc6b3900dadfbd8a511f0cb76999ee1da8ba53b78c51e27f424dd718,dog_057.png,Dalmatian (spotted dog),watercolor painting,beach shoreline at sunset,"walking along the wet sand, splashing",False,Watercolor illustration of a spotted Dalmatian-like dog walking along the shoreline at sunset with waves and wet sand reflecting the orange sky.,"[ 2.85893884e-02  4.22428884e-02  4.92383003e-01  1.05462059e-01
  1.32596180e-01 -4.57147881e-02  2.18094766e-01 -3.85469705e-01
  3.77428718e-02 -4.39773425e-02 -4.39730734e-02 -3.82165581e-01
  9.31734666e-02  2.22604766e-01  1.56234168e-02  4.70409304e-01
  9.35961306e-02 -1.34002976e-02  1.73947424e-01 -1.13298297e-01
 -3.62763494e-01  1.24907888e-01 -1.39485702e-01 -5.06419055e-02
 -2.05101267e-01  1.05132848e-01  3.10194641e-01 -2.12399036e-01
  5.80356345e-02 -1.62836835e-01 -1.14772953e-01  4.89709407e-01
 -3.67572397e-01  8.40989426e-02  1.65671319e-01 -1.03064828e-01
  1.89426526e-01 -2.22154781e-01  3.68134454e-02  2.66524792e-01
  8.61679539e-02 -1.03938244e-02  1.67584732e-01 -1.06919497e-01
 -1.65337324e-01 -2.53279358e-01 -2.51409560e-01 -4.10807282e-02
  1.65167768e-02 -9.24572125e-02 -2.22491577e-01 -3.69664848e-01
 -3.16476375e-01 -1.78909853e-01 -4.19726282e-01 -1.21936004e-03
 -1.99917797e-02 -4.77778651e-02 -4.73762825e-02 -2.70693656e-02
  2.51794700e-02  3.42738718e-01  7.60857249e-04 -6.29800707e-02
  8.96041393e-02  1.84179693e-01 -4.65760559e-01 -2.05681249e-01
  1.17632680e-01 -2.94907004e-01 -4.48406711e-02  3.20839554e-01
  3.10631931e-01 -3.85938212e-02 -1.85318857e-01 -3.44844371e-01
  3.80459279e-02  4.37997505e-02  1.86247915e-01 -2.50386775e-01
 -8.76067057e-02  1.20562099e-01 -1.09353460e-01  3.96775424e-01
  1.99229583e-01  2.88000286e-01 -6.25977665e-02  1.72504693e-01
 -6.51149079e-02  3.36736515e-02 -1.03219144e-01 -2.33486354e-01
 -5.15394270e-01 -3.48688692e-01 -2.55001813e-01 -1.32422268e-01
 -6.40933588e-02 -2.98863024e-01  4.76077311e-02  1.50133327e-01
  2.22562134e-01 -2.32430901e-02  1.40569836e-01  1.77015588e-02
  2.92215466e-01 -2.13084295e-01 -1.33402035e-01  5.73155880e-02
  9.98220891e-02  6.22564219e-02 -4.65266220e-02 -1.70332745e-01
 -9.65505615e-02  9.20366421e-02 -6.70588538e-02  4.72885370e-02
 -3.05992335e-01 -3.12311113e-01 -9.80336368e-02 -1.68321550e-01
  3.62839013e-01 -2.29034033e-02 -5.47629371e-02  2.56481707e-01
  1.94957927e-01  7.25351423e-02  1.28731310e-01 -8.77065943e-33
  4.02972907e-01  4.76111881e-02  1.35455102e-01 -3.65077645e-01
  4.32682246e-01 -2.13483945e-01  6.30636662e-02 -2.31270447e-01
 -3.60333771e-01 -2.62549698e-01 -1.71952859e-01  2.50793129e-01
  5.77354617e-02  2.98321038e-01  1.16466992e-01 -3.62047583e-01
  1.44022778e-01 -5.37588596e-02 -1.13514625e-02 -8.11899230e-02
 -2.49639213e-01  1.19286507e-01  5.28824478e-02 -2.48715714e-01
 -2.50587352e-02 -1.08144082e-01 -1.88951656e-01 -6.21533357e-02
  6.24842681e-02  2.05189258e-01  1.43710643e-01 -1.49403080e-01
  2.02414259e-01  1.97641760e-01 -2.81835616e-01  5.88153601e-02
 -3.54770757e-02 -4.52083319e-01  1.15768023e-01  2.21719801e-01
  6.65668249e-02  1.41068548e-01  4.15271111e-02  1.06623664e-01
 -1.48751080e-01 -9.77093950e-02  1.13912113e-01 -6.99888542e-02
 -9.65923071e-03 -5.94552904e-02  1.05278783e-01 -1.22456975e-01
  1.70022741e-01 -2.02424273e-01 -1.06245175e-01 -6.62067831e-02
 -9.86385392e-04 -1.22345254e-01 -1.73843890e-01  1.73126534e-01
  2.70821691e-01 -1.35136381e-01  4.47596349e-02 -5.28797917e-02
  2.83346355e-01 -2.05688730e-01 -3.21358770e-01  2.00309664e-01
 -7.44243860e-02  2.19443709e-01  8.60632136e-02  9.35991853e-02
  3.46725434e-01  3.91101204e-02  2.18301326e-01 -1.75517395e-01
  4.26341504e-01 -6.62049204e-02  5.93354590e-02 -6.81817681e-02
 -8.05358812e-02  2.20242545e-01  2.83293221e-02 -7.41407722e-02
 -1.50577769e-01  3.28494579e-01  1.99668363e-01  2.12808430e-01
 -3.46362293e-01 -1.90080360e-01  3.99585888e-02  1.31584704e-01
  3.26822609e-01 -3.52797180e-01  3.83359194e-02 -3.35248748e-33
 -3.43022384e-02  1.44951850e-01 -1.57548517e-01 -1.36638671e-01
  4.73510241e-03  7.93380290e-02  6.70494586e-02  3.86832118e-01
 -8.46276358e-02  1.95926875e-01 -3.08410913e-01  2.72107750e-01
 -5.03672883e-02 -8.62174761e-03 -1.61576271e-03 -1.39617473e-01
  1.97904080e-01  8.05181488e-02  6.29807413e-02 -2.97130108e-01
 -3.44734192e-01 -1.51084187e-02  1.89913526e-01  9.01650563e-02
 -1.41128764e-01  2.09225327e-01  2.99651980e-01 -2.83169240e-01
 -4.00151312e-01 -1.85431331e-01 -1.63304716e-01 -1.25919595e-01
  2.18638182e-01 -5.68204969e-02  7.07272664e-02  1.30501643e-01
  1.95896178e-01 -3.71040732e-01 -1.93488315e-01  3.24834079e-01
 -9.21808034e-02 -5.26053846e-01  3.07667255e-01 -1.65333450e-01
  6.19634241e-02  2.09428370e-01 -1.53573066e-01  1.17625393e-01
 -2.62258559e-01 -9.57610533e-02  1.88070834e-01  7.86660835e-02
  2.09676430e-01  1.03658319e-01 -2.25640330e-02 -1.89066529e-02
 -2.45553300e-01  2.40958128e-02  1.02220671e-02  8.48207921e-02
  2.50896513e-02  1.04560040e-01 -1.58199847e-01  1.50722280e-01
  2.28126496e-01 -2.99384564e-01 -9.96959433e-02 -1.82308972e-01
 -2.12164819e-01 -2.77867138e-01 -9.72789302e-02 -5.12209721e-02
 -2.75470644e-01  2.78921407e-02  4.87630963e-01 -9.01325606e-03
 -6.51841685e-02  1.65621862e-01 -5.79497404e-02  3.20010751e-01
 -1.70753494e-01 -1.35136366e-01 -5.91642372e-02  2.37684771e-02
 -7.05687031e-02 -1.34479001e-01 -4.60541517e-01  4.49792854e-03
  1.30380496e-01 -2.93968003e-02  2.66850013e-02  1.89378932e-01
 -3.09417784e-01 -5.25580607e-02  2.42904350e-02 -9.84597150e-08
 -5.24564013e-02 -3.88150960e-02 -8.85064453e-02 -1.03652827e-01
 -5.30872755e-02  1.39493272e-01  3.00153732e-01  4.25443240e-03
  6.67470321e-02 -1.70302838e-01 -1.88488956e-03 -2.32760817e-01
 -2.35444233e-01  3.30807567e-01 -7.74839148e-02  3.59990001e-02
  9.99621227e-02 -1.26247779e-01  6.50416734e-03  1.69095889e-01
 -2.77754128e-01  1.15958795e-01  2.45455615e-02 -6.70066923e-02
 -3.48188102e-01  5.45573384e-02 -9.57572907e-02  2.25309372e-01
 -1.03176787e-01  2.44586989e-01 -1.00902431e-01  2.63321996e-01
 -7.65849724e-02 -9.61946175e-02  1.35211185e-01 -1.44461691e-01
  5.31323031e-02 -1.74251460e-02 -2.58546900e-02  4.82657164e-01
  2.09846184e-01  5.13876557e-01 -4.84599806e-02 -9.96668730e-03
  5.06894946e-01  3.35828006e-01  4.57781732e-01 -3.65809947e-01
 -1.81343645e-01 -2.85925511e-02 -3.21934253e-01 -6.23863302e-02
  1.22428633e-01  8.40192512e-02 -1.34844869e-01 -2.26430103e-01
 -6.88826218e-02 -2.85032660e-01  9.40121189e-02  1.69517323e-01
  2.06625730e-01  1.85433686e-01  1.16512859e-02  5.10673225e-01]"
6eba616bdb7d49ce20f0aa5f6aedc06badee24b1f6c22e1edd923fe563ea97e1,dog_058.png,Dalmatian,oil painting (impressionist),park with grassy lawn and tree-lined path,sitting and looking toward viewer,True,"Impressionist oil painting of a Dalmatian sitting on green grass in a sunlit park, with trees and small walking figures in the background; signed at lower right.","[-6.98014349e-02  1.50255516e-01  2.71501243e-01  1.04898829e-02
  1.91645071e-01  1.59426302e-01  1.80589020e-01 -8.85942951e-02
 -4.31968691e-03 -2.54321754e-01 -1.39165819e-01 -1.11307211e-01
 -1.08419210e-01 -2.54298095e-02 -2.55868654e-04  2.16730535e-01
  1.17969431e-01  3.51970404e-01  1.85480729e-01  1.09899687e-02
 -2.21044242e-01  6.56916425e-02 -3.97045054e-02 -1.65352374e-01
 -8.28348249e-02  2.07579210e-01 -4.55009937e-03 -7.03810453e-02
  2.66649365e-01 -3.73151302e-02 -5.08826040e-03  2.95482963e-01
 -2.17109039e-01  1.44970780e-02  1.47221163e-01  1.38098538e-01
 -4.26943600e-02 -1.36811689e-01  2.87869453e-01  2.33775377e-01
  3.24648470e-02 -1.80329531e-01 -1.61793292e-01 -2.94639945e-01
 -1.20518476e-01 -1.69615865e-01  1.54875033e-02  8.93905833e-02
  1.25777483e-01 -1.59533620e-01 -5.27135702e-03 -2.21502542e-01
 -1.00943431e-01 -3.48718852e-01 -2.90001929e-01 -3.86599779e-01
 -1.85523555e-02 -8.82661203e-04 -1.65765122e-01  1.49460554e-01
  1.24432035e-01  4.16746922e-02 -9.56826508e-02  2.14384899e-01
 -1.65001944e-01  1.06086269e-01 -3.01797271e-01 -1.91345632e-01
  1.25430241e-01 -2.86338657e-01 -6.29634634e-02  1.44514307e-01
 -2.48501003e-01 -3.98683429e-01 -1.61982939e-01 -2.54909657e-02
 -2.64761671e-02 -2.03094825e-01  5.12065142e-02 -5.91933012e-01
  2.05969870e-01  2.30257273e-01  3.99843901e-02  2.19937906e-01
  2.40947857e-01  1.14975944e-01 -1.13104478e-01  2.08166227e-01
 -1.56610668e-01  2.78132595e-02 -8.45621061e-03  4.40504625e-02
 -4.44363475e-01 -4.18770500e-02  6.11278675e-02  4.37648147e-02
  1.00756157e-02  6.27431720e-02 -1.19803019e-01  1.91364542e-01
 -2.36639902e-02 -8.67598876e-02  1.02054067e-01 -2.06247255e-01
  7.99559057e-02 -1.41742244e-01 -3.63203853e-01 -1.26526788e-01
  4.97612432e-02 -9.51110795e-02 -1.80660173e-01  5.91257995e-04
 -1.78391099e-01  2.12602302e-01 -2.66834378e-01 -9.05945599e-02
  1.42353792e-02 -4.14248317e-01 -9.23231170e-02 -1.77149609e-01
  1.40476525e-01 -8.57540518e-02  2.89306007e-02  8.90130550e-02
 -3.59498486e-02 -1.96077660e-01  1.70902401e-01 -7.61706233e-33
  6.37930334e-02  9.40804482e-02  1.77940264e-01 -3.59105140e-01
  2.79435545e-01  1.86379015e-01 -6.16284795e-02 -7.98191130e-02
 -3.04945230e-01  1.06331617e-01  1.19171310e-02 -4.46454287e-02
  2.39528209e-01  3.84828657e-01 -6.91492856e-02  3.75029445e-03
  3.58032286e-02  2.92839613e-02  7.33720362e-02 -3.13959450e-01
 -4.42047156e-02  2.14569852e-01 -9.10153314e-02 -6.61694631e-02
 -1.76789686e-01  1.60331905e-01  7.17673451e-02 -1.87371280e-02
  8.30882415e-02  1.04692444e-01  2.26543769e-02 -2.95125067e-01
  8.52866992e-02  5.78933544e-02 -1.37012258e-01  7.08178356e-02
  4.43208776e-02 -3.80542338e-01  1.76099241e-01  7.14884549e-02
 -6.78780526e-02  1.22128457e-01  1.14176288e-01 -3.87816131e-03
 -1.08429328e-01  2.29526922e-01  2.43266851e-01  1.14744611e-01
 -1.03291363e-01  2.32238948e-01 -5.00222445e-02  3.10722351e-01
  2.54290681e-02  1.64528191e-02 -1.20234236e-01 -2.53145814e-01
 -6.24029562e-02 -1.06950076e-02 -1.51302889e-01 -6.02645278e-02
  7.58465379e-02  2.77746439e-01 -4.56250794e-02 -2.28651315e-01
  3.34414616e-02 -8.58096257e-02 -3.46033722e-01  2.72738468e-03
  1.39719069e-01  3.05635154e-01  1.60168916e-01  1.60932168e-01
 -6.50691092e-02 -1.56259686e-01  2.07907066e-01 -1.16340727e-01
  4.03234363e-02  1.53052717e-01 -3.56205612e-01  3.65342975e-01
 -5.33845834e-02 -2.02794205e-02 -2.25202143e-02 -2.70506531e-01
 -2.45105535e-01  1.00124277e-01  2.90079322e-02  2.88587779e-01
 -2.02656120e-01 -1.55607775e-01  1.55418247e-01 -2.12993734e-02
  8.25026110e-02 -1.82607560e-03 -1.90129682e-01 -4.99898625e-33
 -2.30511591e-01  1.35094792e-01  1.62882701e-01  2.43916418e-02
 -1.83419362e-02 -7.27334544e-02  4.60167825e-02  1.80283725e-01
 -1.34946093e-01  1.95466638e-01 -1.02251098e-01  2.84489274e-01
  1.98962048e-01  3.16688344e-02  7.11305514e-02 -1.79926932e-01
 -1.35218203e-01  2.52881974e-01 -6.58438429e-02  7.56060779e-02
 -2.92793121e-02  1.92132518e-01  1.11318626e-01  3.13143700e-01
 -1.90848514e-01  1.77237436e-01  2.88028330e-01 -3.07740808e-01
 -2.28499860e-01  1.08765788e-01 -3.93201634e-02 -1.51383102e-01
 -1.47818267e-01 -3.23167890e-02  1.82281286e-01 -7.24486485e-02
  7.51768723e-02 -2.86172032e-01 -2.20428109e-01  2.87484974e-01
  1.30059496e-01 -2.49719173e-01  1.93510115e-01  6.24142103e-02
  1.07894726e-01 -1.42928213e-01 -3.09543133e-01  1.81733310e-01
 -9.13673043e-02  9.65002328e-02 -1.04258336e-01  1.10941269e-01
  1.50872633e-01  1.05951838e-02  1.36258543e-01 -1.19389229e-01
 -2.37511694e-01 -1.00136891e-01 -7.27115199e-02  1.69473931e-01
  2.87733413e-02  2.02247854e-02 -1.32296517e-01  6.51400536e-02
  2.69655138e-02 -8.88703018e-02 -1.00685999e-01  8.03572014e-02
  1.21728368e-02 -1.43748537e-01 -9.44620296e-02  5.90981431e-02
 -4.01100367e-02  9.50863659e-02  1.03837200e-01 -2.08980199e-02
  4.36611950e-01  1.31329730e-01  1.95651025e-01  1.15522213e-01
 -1.56053081e-01 -1.28016442e-01  1.91081669e-02 -2.45322540e-01
  3.70741278e-01  9.53805000e-02 -4.95548666e-01 -3.65025662e-02
 -7.11822324e-03 -6.09377362e-02  6.28482259e-04  2.87176222e-01
 -1.40566111e-01  1.73620939e-01  4.79328930e-02 -9.82573169e-08
 -2.14247808e-01  4.00944948e-02  3.38691860e-01 -1.92740649e-01
 -3.58366407e-02 -1.09227575e-01  2.99405187e-01 -1.83308452e-01
 -1.11961469e-01  9.31118727e-02  9.17155296e-02 -5.59545085e-02
  5.42564802e-02  2.68908553e-02  1.01715125e-01 -3.40970568e-02
 -7.12903365e-02 -1.17789932e-01 -1.33851180e-02 -4.07996774e-02
  1.49418050e-02 -2.10658729e-01 -8.78676586e-03  9.30520445e-02
 -1.48647308e-01 -1.46011874e-01  1.32642329e-01 -1.19271860e-01
 -5.76223396e-02  2.28224516e-01 -4.63715568e-02  2.98896670e-01
  4.99519296e-02  2.20459495e-02  2.38578826e-01 -2.23182619e-01
 -1.90999910e-01  8.69571865e-02 -1.42471969e-01  2.16148809e-01
  4.15214822e-02  1.95636392e-01  1.87626541e-01 -6.49210531e-03
  1.35141462e-01  1.21922359e-01  3.87930393e-01 -7.02515841e-02
 -6.47173226e-02 -7.13632479e-02 -3.62487249e-02 -1.73773229e-01
  1.79989368e-01  1.32428616e-01 -5.48737310e-02 -3.65084022e-01
 -1.11797318e-01  2.14272961e-02  4.07303646e-02 -3.52503806e-02
 -1.87927961e-01  2.74746805e-01 -1.16003223e-01  2.50342071e-01]"
0ba694dc04002cdbb2229ff446dd849872adbefd35c3559980f14aea087c584f,dog_059.png,Dalmatian,cartoon/illustration,urban city street (downtown),running across the street in front of a fire truck,True,"Cartoon Dalmatian sprinting across a downtown street in front of a red fire truck with ladder; tall buildings, streetlights and trees under a sunset sky.","[-9.36384255e-04  2.56045372e-03 -3.79378609e-02 -1.08095646e-01
 -1.11488894e-01  1.24309637e-01 -5.94002903e-02 -1.24846965e-01
 -2.18348250e-01 -2.52546668e-01  1.35447368e-01 -1.48014933e-01
 -1.11958431e-02  9.57299694e-02  1.63490102e-01  8.92216042e-02
  9.56565887e-02  2.05609307e-01  3.97851914e-02 -5.83591759e-02
 -1.52806878e-01 -2.89906971e-02  9.47937146e-02  1.09621428e-01
 -3.00301790e-01  1.68519482e-01 -4.25181314e-02 -1.00870878e-01
 -1.80741385e-01 -2.55344599e-01  9.91528630e-02  1.12248190e-01
 -2.29418099e-01  1.60610288e-01  1.57161146e-01 -3.38093080e-02
  7.98859596e-02  8.95431638e-02  1.22785509e-01  3.31325799e-01
  6.41529113e-02 -4.05109525e-02 -1.99644417e-02 -1.69923291e-01
 -2.72787940e-02 -1.19224548e-01 -1.92713484e-01 -1.59862220e-01
  1.96090847e-01 -2.19822437e-01 -1.75013408e-01  1.32709980e-01
 -1.96758304e-02  1.78574566e-02  1.23996831e-01 -7.59590641e-02
  2.67258734e-01  1.89493895e-01  2.32230783e-01 -1.15280136e-01
 -2.78745685e-02  9.08375755e-02 -9.00864229e-02  9.33478624e-02
 -1.56601787e-01 -2.11020574e-01 -1.50884494e-01  7.56983534e-02
  2.07967594e-01 -9.41862538e-02  2.27604672e-01  1.53868973e-01
  7.94481412e-02 -3.01760256e-01 -5.94209209e-02 -2.51423079e-03
  7.09870234e-02 -1.18499659e-01 -8.42644721e-02 -4.20017540e-02
  2.16705769e-01 -1.27735481e-01  2.69767530e-02  1.35363370e-01
  2.22962379e-01  3.87826115e-01  4.81784344e-02  1.78683236e-01
 -2.14472264e-02  4.71270755e-02 -1.80578202e-01 -5.04355729e-02
 -1.76345214e-01  5.34550212e-02 -2.06497192e-01 -1.50369957e-01
 -5.16464785e-02 -2.13052094e-01 -1.64263725e-01  2.23421410e-01
 -4.46495451e-02 -4.43968505e-01  5.06261051e-01  1.72914818e-01
  2.57655323e-01 -1.76947877e-01 -3.95970419e-02  6.61663711e-02
  5.38139120e-02  1.36408629e-02  2.58155018e-01 -1.36676118e-01
 -8.89851823e-02  7.52691031e-02  1.42076254e-01 -1.64420471e-01
 -3.76665771e-01 -2.35602826e-01 -1.07653551e-01  2.32905954e-01
  3.35300595e-01 -7.36670941e-02 -1.21239804e-01  1.60716176e-01
  1.74994469e-01 -1.26107344e-02 -2.60600764e-02 -5.97738473e-33
  5.89960888e-02  4.81434092e-02  9.38308537e-02 -1.06042750e-01
  3.05735022e-01 -2.20573813e-01 -1.91236630e-01 -1.71291664e-01
 -2.15801537e-01  1.29952043e-01 -2.93502510e-01  2.38552690e-01
 -1.01314247e-01  3.08444679e-01  3.46239693e-02 -3.28663647e-01
 -1.11127578e-01 -7.24943206e-02 -1.92969993e-01 -2.20710249e-03
  1.90717444e-01  1.19271055e-01 -5.39928973e-02 -2.29541734e-01
  1.83050241e-02  9.54071656e-02 -1.53314918e-01 -2.74489641e-01
  2.00604558e-01  2.29249209e-01 -2.50587285e-01 -3.25519033e-02
 -1.48347065e-01  2.26879463e-01  3.06436066e-02  1.70168668e-01
 -2.19588637e-01 -5.37531495e-01 -1.69334114e-01  2.25322157e-01
 -1.15337804e-01 -7.18355179e-02 -3.22503179e-01  8.64066258e-02
  9.23402682e-02 -2.94986647e-02  1.83461130e-01 -1.30320983e-02
 -1.73917815e-01  1.58234969e-01  3.34497578e-02 -3.43901254e-02
  1.32366672e-01 -2.21996665e-01 -5.78207262e-02  5.78522533e-02
  1.12260208e-01 -2.76624918e-01  1.57870665e-01  2.18356222e-01
  1.49399146e-01 -1.53375879e-01 -4.83959466e-02 -4.50232737e-02
  1.13770552e-01 -2.95871854e-01 -6.64342046e-02  1.07083686e-01
  3.14535469e-01  1.29481792e-01  2.32768655e-01 -1.87051982e-01
  2.84876049e-01  4.63862121e-02  2.14465186e-01 -2.30559427e-02
  1.22379839e-01  1.74516231e-01 -2.70245105e-01 -1.15443766e-01
 -2.67839823e-02 -2.18548849e-01  1.70774329e-02 -1.49056017e-01
  3.67832631e-01  7.64039457e-02  4.04073149e-02 -1.55409696e-02
 -3.32413822e-01  1.42677844e-01 -1.70231298e-01 -9.27689597e-02
  1.40384836e-02  1.26331866e-01 -1.30939975e-01 -8.64330619e-34
 -5.46417199e-03  1.42832547e-01 -4.93750311e-02 -1.92212835e-01
  3.80228423e-02  2.08138853e-01  8.53171200e-02  1.74210310e-01
 -1.29571036e-01  2.14462787e-01 -3.34039062e-01  8.87222886e-02
  1.46460474e-01  7.01289326e-02  3.28772128e-01 -4.29984219e-02
  4.89362210e-01  3.53539661e-02 -1.71622083e-01  8.59106705e-03
 -1.28697649e-01 -2.02746913e-01 -2.94953346e-01 -1.26012247e-02
  1.18721053e-01  1.95789501e-01  6.50356933e-02 -2.38700807e-01
 -1.11955941e-01 -2.35838756e-01 -2.37588376e-01 -6.75738975e-02
  1.24732271e-01  1.30071312e-01  2.65039131e-02  2.32459411e-01
  1.35017842e-01 -1.23548441e-01 -6.59843236e-02 -7.67496824e-02
  7.15914145e-02  9.17730927e-02  1.85001984e-01  1.49555519e-01
  1.71283379e-01 -1.79107219e-01 -4.12654102e-01  1.61968857e-01
 -2.23449826e-01  4.80489135e-02 -1.08435797e-02  3.21574844e-02
  1.03003845e-01 -5.08807786e-02 -2.98964590e-01 -1.92761004e-01
  2.58539915e-02 -1.09723188e-01 -2.60979116e-01  8.67889524e-02
  8.07391182e-02 -2.15363055e-01  5.13907447e-02  3.17147136e-01
  4.61549796e-02 -3.86517271e-02 -1.73730135e-01 -3.75625193e-01
 -1.32067844e-01 -2.65047342e-01  1.31634951e-01  1.67852923e-01
 -8.93354192e-02 -7.47687742e-02 -3.21247816e-01 -9.00255218e-02
 -2.22406462e-01  2.05092520e-01  2.56444991e-01  1.55803680e-01
  6.50362074e-02 -1.49880856e-01 -1.18461289e-02  7.57673979e-02
 -2.79458910e-01  1.15015782e-01 -1.12653568e-01  2.39958853e-01
  1.22554608e-01 -1.06560521e-01  1.33433521e-01  2.15637982e-01
 -6.98884651e-02  2.64095277e-01 -9.97770950e-02 -9.72743663e-08
 -8.24814588e-02  2.36853570e-01 -3.72656226e-01 -2.02576052e-02
  2.09004864e-01  3.78899962e-01  4.71945703e-02 -2.99263388e-01
 -7.86023065e-02 -1.24203064e-01  1.77720949e-01  7.80062675e-02
  1.01242900e-01  4.33764070e-01 -9.98902544e-02  9.27996486e-02
  2.36571223e-01 -2.66275078e-01  1.03161298e-02  2.51111984e-01
  7.77356233e-03  7.33478516e-02  8.63265619e-03  3.43756467e-01
 -2.19140112e-01  3.53369601e-02 -3.51745784e-01  1.65873811e-01
  1.75303653e-01  2.44353741e-01 -1.83937848e-02  1.98939845e-01
 -3.14731151e-01 -1.91574931e-01  8.15645084e-02 -3.32416333e-02
  1.47017941e-01  2.47258306e-01  1.01751506e-01 -3.31758969e-02
  2.93045878e-01 -7.22353533e-02  4.47814316e-01 -7.30289668e-02
  6.44578338e-02  3.38659564e-04  2.50560394e-03 -5.60878277e-01
  1.28041074e-01 -2.31468692e-01  1.22077547e-01 -7.03998357e-02
 -9.72403139e-02  1.92679331e-01 -9.87427756e-02 -1.34003028e-01
 -1.48876548e-01 -6.22849613e-02 -2.31455505e-01 -1.11563899e-01
 -5.17812334e-02  3.78645398e-02  5.66995591e-02  3.93587679e-01]"
cdab8973df7544d7e9da955ec9118474f2e4bfae1f28cf31ee51ac6129afe189,dog_060.png,granite dog statue (hound-like),photograph,urban park / public square with fountain and flowerbeds,sitting (stone statue) with pigeons perched on it,False,"Granite statue of a seated dog in a city park, pigeons perched on and around it, with a fountain, trees and flowerbeds in the blurred background.","[ 1.35553613e-01  1.49421707e-01  4.31527823e-01  3.88533063e-02
 -2.85296179e-02  1.10636540e-01  8.86138827e-02 -1.29634857e-01
  2.56536543e-01  4.93232235e-02 -2.73227721e-01 -1.26702979e-01
 -2.47514918e-01  1.39837831e-01 -7.98074305e-02  8.54814127e-02
  5.40845878e-02  1.72929898e-01  2.97851503e-01 -1.07119754e-01
  7.91902021e-02 -1.82802796e-01  4.21892852e-02  2.31255502e-01
 -1.76734269e-01  3.33787203e-01 -2.19904214e-01 -5.38729690e-02
  3.60365324e-02 -7.55666941e-02 -1.70181826e-01 -1.07917815e-01
 -1.03325069e-01 -7.09967539e-02 -6.60821944e-02  1.15490489e-01
 -1.37411454e-03 -2.26759389e-02  2.09591866e-01 -1.19451828e-01
  1.24616623e-01 -1.48810416e-01  9.48882254e-04 -4.44859378e-02
 -2.85176877e-02  1.09016836e-01 -1.35279298e-01 -1.56081812e-02
  3.62132564e-02 -2.17931435e-01 -7.94937536e-02 -2.11424008e-02
 -1.01276502e-01 -3.16448897e-01 -2.73873359e-01 -2.71419082e-02
 -4.45681438e-02 -1.06724165e-01  1.46520928e-01 -8.58158991e-02
  4.11012053e-01  5.39728962e-02  2.27856543e-03  2.42386028e-01
 -3.93900573e-02  1.13713652e-01 -2.92795897e-01 -1.71865106e-01
  3.13520491e-01 -1.75622538e-01  3.20616663e-01  2.18542770e-01
 -3.37950625e-02 -4.74507093e-01 -2.24492103e-01 -9.50157046e-02
  7.28063509e-02 -2.76805639e-01  2.19015241e-01 -2.54773557e-01
  8.86455923e-02  2.46771872e-01  1.45446256e-01 -2.40439195e-02
  3.18824828e-01  6.06476143e-02 -2.34589934e-01  1.15069821e-02
 -3.78150702e-01 -2.26199567e-01 -1.84465200e-02 -1.17483728e-01
 -2.87458479e-01  5.65807186e-02  8.30216929e-02 -8.46399087e-03
  2.16955636e-02 -3.26020569e-01  9.52614769e-02  2.88294882e-01
  8.42586160e-02  2.10097507e-01  2.41004154e-01 -8.78843889e-02
  3.84467393e-01 -3.19127329e-02 -2.78037876e-01 -9.52363089e-02
 -4.93454165e-04  2.87124336e-01 -3.13515663e-02 -5.62550314e-02
 -1.33696675e-01  2.72306502e-01 -2.82477707e-01  1.96330175e-01
 -3.38989943e-01 -3.88822079e-01 -5.95844835e-02 -9.47982743e-02
  7.40565453e-03 -2.33252645e-01 -1.31464437e-01  5.29773720e-02
  1.33897170e-01 -1.38008803e-01 -7.78994476e-03 -1.85426461e-32
  2.54018785e-04 -1.87450200e-01  3.39459851e-02 -2.67034769e-01
  2.99000829e-01 -5.58954030e-02  3.46041769e-01  1.70115784e-01
 -2.77770758e-01 -4.01785374e-02 -1.56357452e-01 -1.10247768e-01
  1.68147489e-01  9.61270183e-02  1.18820637e-01 -9.37988982e-02
  2.13073879e-01  9.68226939e-02  2.20581919e-01 -2.89293289e-01
 -2.57309854e-01  3.82162295e-02 -2.39145502e-01 -3.84888649e-02
  2.10116170e-02  1.21035241e-01 -3.22892308e-01 -4.03802376e-03
 -1.18493937e-01  8.46169293e-02  2.53938437e-01 -3.86648551e-02
  1.14199616e-01  2.36198585e-02  7.15083554e-02 -1.46526307e-01
  1.07569337e-01 -2.68753231e-01 -2.92689931e-02  6.40151054e-02
  1.46377847e-01 -4.61570062e-02  9.83920097e-02  1.92567974e-01
 -1.24344684e-01  1.72243059e-01 -1.44659683e-01 -8.78488719e-02
  6.33296371e-02 -6.63247183e-02  8.95251110e-02  1.65308416e-01
 -3.37060839e-01 -1.07379742e-01 -8.88055563e-03 -2.39856109e-01
 -7.48394132e-02  2.54057068e-02  5.07157966e-02 -3.86084206e-02
  1.67539328e-01  3.07793412e-02 -5.30296341e-02 -1.26179591e-01
  2.58421183e-01 -1.63479820e-01 -3.23491365e-01  3.91227864e-02
  3.19092236e-02  2.44436622e-01  8.61842111e-02  1.01179346e-01
  9.12161022e-02 -2.39515811e-01 -1.06702566e-01  5.64269386e-02
  4.82757874e-02 -9.75472257e-02 -1.71007663e-01  3.43494982e-01
  1.23310611e-01 -1.37367755e-01 -2.54842579e-01 -1.46837175e-01
 -8.69625211e-02  2.34969482e-01  3.22550952e-01 -2.60295749e-01
 -2.23272163e-02 -9.92811918e-02  4.36774828e-03  8.57124222e-04
 -6.07020520e-02 -1.55277207e-01 -1.85612082e-01  4.56495958e-33
 -7.72626922e-02  1.60371121e-02  2.07169995e-01  1.63540002e-02
 -1.66215420e-01  4.09181714e-02 -2.26869673e-01 -1.12294041e-01
 -3.10632199e-01  2.92869024e-02 -4.50827837e-01  1.56394288e-01
  2.68452406e-01 -5.35765290e-02  1.08581081e-01  1.35256246e-01
 -2.36164600e-01  7.77839944e-02 -1.17077433e-01  4.22202706e-01
 -1.41619459e-01  3.48946810e-01  5.33429720e-02  5.24327122e-02
 -2.28897855e-02  1.14523128e-01 -1.59716323e-01 -3.62694949e-01
 -1.15539193e-01 -8.92362744e-02 -2.26472974e-01 -1.08930871e-01
 -1.20972775e-01 -2.08275452e-01 -5.73058948e-02  1.15971059e-01
  2.50379324e-01 -5.98966122e-01 -6.44579083e-02  1.74845576e-01
  9.70006511e-02 -1.68359727e-01 -1.73814446e-01  1.23948589e-01
  3.43303829e-01  1.13690600e-01 -1.50063634e-01  1.42642722e-01
 -1.98092595e-01 -1.73106253e-01  3.46098430e-02 -1.72573283e-01
  1.37438759e-01  1.64374396e-01  2.64734268e-01  2.93698628e-02
 -2.39682198e-01  6.11158386e-02 -4.35647480e-02 -2.60806326e-02
  5.49381636e-02 -9.14340615e-02 -2.15471804e-01  1.92678541e-01
  3.71040106e-02 -1.51863173e-02  1.22696936e-01  9.13190991e-02
 -1.26817584e-01  1.08410187e-01 -3.15479696e-01  1.31709561e-01
  3.92991565e-02  5.84653281e-02  2.24255130e-01  1.06791742e-01
  3.58948141e-01  1.63119704e-01  1.65451393e-01  8.68256986e-02
 -1.66833624e-01  1.75544724e-01  1.08504578e-01 -1.45317048e-01
  3.01512122e-01 -9.99743715e-02 -1.23391770e-01  3.45038027e-02
 -1.47918269e-01  2.90756673e-01 -1.64060503e-01  3.40332538e-01
 -8.90021920e-02  2.52124667e-02  1.98775813e-01 -9.81350325e-08
 -3.36137526e-02  1.01032183e-01 -5.04319407e-02 -1.86798796e-01
  1.48752555e-01 -2.06052229e-01  2.30204627e-01 -1.42858639e-01
 -1.09957524e-01  1.33515313e-01  1.36861326e-02 -1.72518358e-01
 -2.94574536e-02 -1.25705048e-01 -8.74905884e-02  7.23425299e-02
 -3.83209661e-02  7.25311637e-02  1.37942776e-01  3.07151496e-01
 -2.16009375e-02  7.58167654e-02  2.17135116e-01 -3.11320931e-01
 -4.27600145e-02 -3.09410207e-02  4.87612262e-02 -1.19658992e-01
 -2.23698199e-01  2.39442572e-01 -2.90191695e-02  1.80182755e-01
  3.25211853e-01  6.56245351e-02  4.50269014e-01 -9.16729793e-02
 -1.28762601e-02 -4.11310494e-02 -1.47336096e-01 -2.62332231e-01
  1.36813492e-01  1.17186978e-01 -1.53829306e-01  8.26490447e-02
  2.56174356e-01  3.34266573e-01  1.76702738e-01 -7.63904629e-03
 -1.90387145e-02 -9.77042541e-02 -3.29570860e-01  2.53088512e-02
  1.66519895e-01 -5.74123524e-02 -1.27831981e-01 -1.81375757e-01
  6.97455322e-03 -2.46226043e-02 -7.25757098e-03 -4.88179587e-02
  2.52614647e-01  2.88869292e-01 -1.73729524e-01 -7.64781833e-02]"
ae4532f61136f2566109ca18655470103beebf4480c6984ebb2eb4866c6d61b8,dog_061.png,English Bulldog,photograph,indoor living room,sleeping/lying on dog bed,False,"Brown-and-white English Bulldog sleeping on a round plush dog bed in a cozy living room with a lit fireplace, armchair with a throw, side table with mug and books.","[ 2.43224040e-01 -1.07736588e-01 -2.26584240e-03  3.20831925e-01
 -8.09781775e-02  1.91735357e-01 -3.61075662e-02 -1.73360527e-01
  9.63768214e-02  1.53856277e-01 -2.44783655e-01 -9.24653709e-02
  2.58828819e-01  4.67484266e-01  5.57495356e-02  1.04266316e-01
 -3.45560461e-01 -5.36264367e-02  2.46832326e-01 -1.37901098e-01
 -9.44237113e-02  4.57180478e-02  2.56470859e-01 -7.75951445e-02
  2.96441130e-02 -1.39451072e-01 -4.80280519e-02 -1.75428465e-01
  5.60079888e-02 -7.34692514e-02 -5.40202856e-02 -2.37233508e-02
 -2.31062233e-01 -8.58103111e-02  1.53148368e-01 -3.01711589e-01
  1.27643812e-03  1.79002464e-01  1.43623902e-02  2.89902061e-01
  1.50981531e-01  1.91847563e-01  1.16054207e-01 -1.04306027e-01
 -3.14894378e-01  1.07049868e-01 -4.26281780e-01 -7.30364919e-02
  4.66566160e-03  1.69217754e-02 -9.00068507e-02  1.28311574e-01
 -1.39486775e-01  1.18667580e-01 -8.29033256e-02 -1.49071500e-01
 -6.38396218e-02 -1.66360691e-01  2.22897679e-01 -1.30444299e-02
  2.41445616e-01  2.97412664e-01  2.00600728e-01  8.74874815e-02
 -2.08334565e-01  1.71713978e-02 -1.18008487e-01  2.10170791e-01
  1.76706780e-02 -1.53299034e-01 -1.10086091e-01  7.52164051e-02
  1.85030535e-01 -2.51126081e-01 -1.39606610e-01 -2.23579764e-01
  2.48627260e-01  3.51242460e-02  2.80844539e-01  1.11567881e-02
 -2.44555429e-01 -5.69561012e-02 -6.00193925e-02 -3.79753672e-03
 -6.14525797e-03  1.15457997e-02  3.72045860e-02 -2.86386553e-02
 -2.70702004e-01 -4.68258187e-02  1.77126184e-01 -1.75315261e-01
 -6.81174025e-02  1.06886420e-02  1.73169434e-01  1.09838657e-02
  1.62782311e-01  2.26746108e-02  4.20803316e-02  4.15972434e-02
 -1.38641328e-01  1.40687302e-01  2.49587283e-01  1.59833178e-01
 -5.72196906e-03 -2.51131147e-01 -1.36475116e-01  8.91428292e-02
 -3.37511348e-03 -1.24802917e-01 -6.47534207e-02 -1.49719954e-01
 -5.57931848e-02  1.49205729e-01  1.77255765e-01  2.01808754e-02
 -3.20772491e-02 -4.39134147e-03  1.49947286e-01 -2.81057158e-03
  1.52083427e-01  2.59283960e-01 -3.71791236e-02  1.39141557e-04
  2.50694696e-02 -1.56977534e-01 -1.80394024e-01 -1.19573545e-33
  1.90642610e-01  4.99864519e-02 -2.79003203e-01  9.84668136e-02
 -1.68298259e-02 -7.67690912e-02 -1.10843770e-01  3.71763408e-01
 -1.05342651e-02  1.00815743e-01  1.87370211e-01  3.05071622e-01
  1.01555726e-02  9.57196355e-02  7.19918460e-02  1.46178976e-01
  3.10502406e-02  3.70689146e-02 -3.99074331e-02 -4.36661951e-02
 -1.00317501e-01  1.66246682e-01  4.09748524e-01  1.16268456e-01
  2.48041134e-02 -8.35049897e-02 -1.82238653e-01 -2.23142579e-01
 -3.34016114e-01 -1.54936910e-02 -7.24623203e-02 -6.27522990e-02
 -6.34299293e-02  1.05625542e-03 -2.45483920e-01 -1.09602831e-01
 -6.82299361e-02 -1.02254272e-01 -9.48224515e-02  2.30171934e-01
  1.77453086e-01  7.12166876e-02  1.71455085e-01  1.22994043e-01
 -5.23280762e-02  6.37032017e-02 -1.33875668e-01  1.60286441e-01
  5.53044640e-02 -1.71189550e-02 -4.39650640e-02 -2.02762082e-01
 -3.47997025e-02 -1.90935001e-01 -1.44473270e-01 -2.69815885e-03
  1.23416573e-01 -1.08361647e-01  2.28757411e-01  5.61702698e-02
  2.40547150e-01 -1.37950957e-01  7.31233284e-02 -2.22033098e-01
  1.35990307e-01 -6.60486817e-01 -2.07394794e-01 -1.57002330e-01
 -1.61712423e-01 -1.68903947e-01  1.12046503e-01  7.22019281e-03
  1.78983584e-01 -1.70755878e-01  1.05642222e-01 -1.25114530e-01
  7.06386864e-02  8.43583569e-02 -1.18676402e-01 -8.04959983e-02
  2.81950116e-01  1.29593280e-03 -3.00674140e-01 -1.49267726e-02
  1.33866802e-01 -5.24466448e-02  1.29053712e-01  1.42783314e-01
 -1.52001426e-01  2.99764991e-01 -3.23269278e-01 -1.02502532e-01
  2.61734873e-01 -1.74340501e-01  2.24094391e-01 -6.36886954e-33
 -4.29607071e-02 -2.15866789e-01 -1.15925662e-01  1.00247040e-02
 -9.63714793e-02  3.28852003e-03 -1.66478515e-01 -7.62897963e-03
 -7.70372823e-02  5.80974706e-02 -9.90411919e-03  7.25730062e-02
  2.05852062e-01 -9.25453380e-02  1.46618962e-01 -2.09545091e-01
  1.78175315e-01 -5.17185479e-02  5.79969436e-02  2.23953277e-02
 -1.68377057e-01  1.19052157e-01 -2.33053505e-01  1.00931868e-01
  3.21440697e-02  2.96017945e-01 -1.27197981e-01 -3.16139348e-02
 -1.60502493e-01 -1.87086985e-01 -1.45066693e-01 -6.07321970e-02
  2.21773684e-02 -3.30983807e-04 -5.29445112e-02 -1.20781772e-02
  5.11732996e-02 -2.03050733e-01 -1.53562399e-02 -2.94614807e-02
  1.91503480e-01 -1.93946101e-02 -1.76412538e-01  1.34988785e-01
  3.89332563e-01 -3.00514861e-04 -2.07491204e-01 -2.28707209e-01
  3.65974128e-01  5.78060523e-02  1.28979400e-01 -1.39080226e-01
 -2.15786085e-01 -2.42095873e-01 -2.00449839e-01 -1.05737159e-02
 -2.90725529e-01  8.66390094e-02  2.09843084e-01  1.00820191e-01
  6.38682768e-02  1.75367579e-01  8.99902284e-02  4.64757942e-02
 -4.58869189e-01 -7.38104284e-02 -1.13500021e-01 -2.11117044e-01
  2.42309391e-01 -5.62432073e-02 -3.81165966e-02  4.76365276e-02
 -5.04023172e-02  4.34301384e-02  2.20354989e-01  2.01634482e-01
  2.44889230e-01 -1.45145550e-01  8.18565860e-02 -1.34641901e-01
 -1.08658530e-01 -3.43126841e-02 -1.45113066e-01  4.20708507e-02
  7.83750266e-02 -2.99856454e-01 -1.74981549e-01  2.16419265e-01
  7.66121373e-02 -1.64955422e-01  7.66923558e-03  1.55759633e-01
 -1.04123823e-01 -3.82856764e-02  1.50535658e-01 -9.97419249e-08
 -1.69827163e-01 -1.02819584e-01 -1.55966356e-01  1.92517966e-01
 -8.48958492e-02 -3.11387628e-01  2.23092258e-01 -4.34510082e-01
  9.22335163e-02  1.02337420e-01  2.32366592e-01 -6.61452934e-02
  1.98133543e-01 -4.25115526e-02 -9.90355611e-02  2.08698004e-01
 -2.74435338e-02  1.30520225e-01  1.35896638e-01  1.24527983e-01
  7.69560412e-02  4.17201631e-02  8.76273960e-02 -2.99728829e-02
 -1.85182772e-03 -2.08178148e-01  3.20404470e-02  8.62768665e-02
 -1.60285115e-01  1.82002038e-01  4.93118428e-02  7.24855438e-02
 -1.53363898e-01  9.85020585e-03  2.79017501e-02 -2.91640371e-01
  3.86037081e-01 -2.22083315e-01  4.98860776e-02 -7.24927038e-02
  9.36123505e-02 -4.18843143e-02 -3.20754498e-01 -1.98188275e-01
 -3.85404192e-02 -1.02759100e-01 -8.66658613e-03 -7.61399046e-02
 -3.56376804e-02  5.01842238e-02 -2.82547951e-01  6.53115734e-02
 -3.88324298e-02  1.17122851e-01 -1.52191922e-01 -1.33705765e-01
  1.48732707e-01 -1.10198751e-01  2.92200804e-01  2.39782035e-03
  5.30242287e-02  1.73923999e-01 -1.07202053e-01  4.60899770e-02]"
f54859303d11fe878d427b31219eb1210cf48300422bae1b37f368808b50a24c,dog_062.png,English Bulldog,photograph,"park (grassy, tree-lined with gazebo and people in background)",sitting and looking upward,False,"Brown-and-white English Bulldog sitting on green grass in a sunlit park, looking up; dandelions in foreground and trees and gazebo blurred in background.","[ 3.29297602e-01 -1.28507018e-01  2.41380945e-01  8.17704648e-02
  5.27729616e-02  7.11784288e-02  2.99195677e-01 -1.04325689e-01
  8.13940763e-02  1.96839556e-01 -5.17749302e-02 -1.20942220e-01
  5.14029413e-02  2.93261826e-01  2.82060318e-02  1.16006114e-01
 -7.81862810e-02  3.14763188e-02 -2.07651436e-01 -2.16612667e-01
 -1.41867012e-01 -5.30049503e-02  4.35704365e-02 -5.28285690e-02
 -3.01276863e-01 -2.16458905e-02 -3.57407123e-01  1.44843664e-02
  4.54131365e-02 -1.80900365e-01 -1.85241699e-01  1.05004184e-01
  2.29749437e-02  4.68832999e-02  6.55003474e-04 -3.42556357e-01
  1.14024021e-01 -7.04677776e-02  1.68922183e-03  5.43191358e-02
 -1.18466608e-01  1.59161147e-02 -4.74181063e-02 -4.68146615e-02
 -1.63745880e-01  3.54782143e-03 -3.21317852e-01  2.64736339e-02
  2.26664677e-01 -3.76672745e-01 -1.63400412e-01 -2.97045618e-01
  1.54919311e-01 -1.17149744e-02 -1.20880090e-01 -3.14438576e-03
 -2.22537860e-01 -3.33572537e-01  2.49162033e-01 -1.16529725e-02
  2.54099816e-01  1.03357866e-01 -6.86400160e-02  1.97808966e-01
 -1.63733780e-01 -4.72026132e-02 -1.77809402e-01 -1.47887960e-01
  2.93215871e-01 -2.68899262e-01 -7.04754516e-02  2.18138367e-01
  1.12349190e-01 -4.53905165e-01 -2.14712739e-01 -1.24823309e-01
  1.64849162e-01 -6.11115918e-02  4.89431024e-01 -2.04730466e-01
  3.43586095e-02  1.16744779e-01  1.29236326e-01  6.88344687e-02
  3.80743891e-01 -2.04271927e-01 -1.35514379e-01  3.32968123e-02
 -2.14985609e-01 -4.60750125e-02 -2.03729272e-01 -2.07831323e-01
 -2.67668486e-01  8.42934474e-02 -9.12896246e-02 -5.57130901e-03
  1.12120412e-01 -2.48051003e-01 -1.11744523e-01  3.13708514e-01
 -2.58935951e-02 -3.22589241e-02  3.67404193e-01  9.06163976e-02
  6.38524517e-02 -2.19660759e-01 -1.11727767e-01  3.27463776e-01
  4.88232113e-02 -7.87533075e-02  1.07160769e-03 -2.06544206e-01
  1.12762898e-02  2.87399560e-01 -7.49583244e-02  1.06111601e-01
 -1.21661052e-02 -2.93138504e-01  2.53736563e-02 -1.30303085e-01
  7.51257390e-02  2.94231296e-01 -4.52004857e-02  7.89288431e-02
  1.60683379e-01 -1.18592523e-01 -5.78774326e-02  3.92135548e-34
  2.10338891e-01  1.94876134e-01 -2.45890662e-01 -1.32983848e-01
  6.92363977e-02  6.47404278e-03 -7.22086802e-02  7.60885254e-02
 -2.04429269e-01 -1.15392722e-01  8.34038556e-02  1.37271285e-01
  3.78786400e-02  1.70075595e-02  5.24520501e-02 -4.90714908e-02
  1.58825833e-02  2.08725020e-01  7.63441026e-02  2.43931194e-03
 -8.03395137e-02 -2.00507194e-02  2.34211847e-01  3.03388089e-02
  8.63142312e-02 -7.06902966e-02 -1.87597975e-01 -2.15501785e-01
 -3.15436944e-02  1.12214319e-01  5.55350333e-02 -2.93836724e-02
  5.41939661e-02  2.98921585e-01 -5.03543317e-02 -6.00235276e-02
  2.56154239e-02 -1.56702355e-01  1.37991488e-01  1.96819544e-01
  1.88911453e-01 -5.08509018e-02 -6.51011765e-02  1.08949840e-01
 -1.20503917e-01  1.35741055e-01 -1.51615947e-01 -2.00421996e-02
 -2.01554760e-01  3.46200466e-01 -3.42761390e-02  7.71216974e-02
  1.42477959e-01 -4.03105497e-01 -4.33770157e-02  7.39420205e-02
  2.60364830e-01  1.54685173e-02  1.40268235e-02  3.28713134e-02
  1.17621385e-01  4.77849282e-02  1.19054936e-01 -2.76256204e-01
  2.94627279e-01 -6.94665253e-01 -3.66919965e-01  1.14238478e-01
 -3.73930007e-01  1.54284686e-01  1.58488616e-01 -1.07755978e-02
  1.60186321e-01 -9.61355940e-02  1.51812121e-01 -3.09583038e-01
  1.47671148e-01  1.51620746e-01 -1.80131376e-01  1.73471302e-01
  3.24052513e-01  4.09245752e-02 -4.27803129e-01 -2.03312591e-01
 -2.16601133e-01 -3.84334885e-02  1.60544530e-01  4.53974074e-03
 -8.84421617e-02 -5.84768429e-02  7.60930916e-03  2.42099911e-02
  1.31918535e-01 -3.85873795e-01  3.30448180e-01 -8.97015037e-33
 -1.32869944e-01  1.21297128e-01  2.10836604e-02  7.67033994e-02
 -4.63228598e-02  1.53269827e-01 -6.72262907e-02  1.24961257e-01
 -8.68202224e-02 -7.61234760e-02 -1.91785425e-01  3.92555386e-01
  4.79028188e-02 -8.62456635e-02  8.73385295e-02 -1.62609369e-01
  9.01471451e-02  1.08993441e-01 -7.75390267e-02  1.38401866e-01
 -1.84336230e-01  3.73450369e-02 -1.40138701e-01  2.65882581e-01
  1.08547419e-01  2.99544573e-01  4.73743677e-02 -6.76463023e-02
 -2.55274475e-01 -1.21545456e-01 -1.75100431e-01  1.39491379e-01
  8.53980053e-03  1.15821976e-02 -8.97443220e-02  1.13152787e-01
 -3.57237197e-02 -3.82869184e-01 -1.68071240e-01  5.69071248e-02
  2.34224170e-01  1.27322569e-01  1.72196954e-01  5.23531362e-02
  1.26595542e-01  2.04368770e-01 -1.65000349e-01  9.00632739e-02
 -3.59311476e-02  5.98607063e-02  5.73173203e-02  9.98424292e-02
 -1.84294179e-01  9.50341448e-02 -2.62505338e-02  4.75638285e-02
 -1.72724485e-01  8.00268725e-02 -1.57960087e-01 -2.62185875e-02
 -5.16529344e-02 -5.60156517e-02 -1.98684648e-01  1.91179246e-01
 -2.35130906e-01 -2.16575757e-01 -8.32033381e-02 -4.41593751e-02
  1.40617952e-01 -3.23304534e-02 -1.43282920e-01  3.95217873e-02
 -8.79937857e-02 -1.59397870e-01  2.15753004e-01  3.25710922e-01
  3.59774470e-01  1.51924610e-01 -4.28851210e-02 -1.75081398e-02
 -7.87013173e-02 -4.00519222e-02  7.88454860e-02  2.69028600e-02
  2.43679360e-01 -3.86872813e-02 -4.61856902e-01  1.53827429e-01
  6.25294894e-02 -8.17908943e-02 -4.73444443e-03  2.32687101e-01
 -1.81003183e-01  1.31217256e-01  8.46142098e-02 -9.97166296e-08
 -1.10799722e-01 -3.85775678e-02 -1.74154967e-01 -1.97217651e-02
  1.29094318e-01 -9.14093032e-02  9.61358771e-02 -2.68387914e-01
  3.45624499e-02  9.24708247e-02  5.95626943e-02  3.47531773e-02
  8.55006427e-02  4.69188113e-03  1.90545514e-01  3.86037544e-04
 -1.06168985e-01  1.01562127e-01  7.70257711e-02  4.44959491e-01
 -1.68826506e-01  4.61315848e-02  8.89831930e-02  2.44550183e-01
 -1.06069304e-01 -2.10213110e-01 -2.77234260e-02 -7.52584413e-02
 -1.75814658e-01  1.88079119e-01  1.75836772e-01  4.31901485e-01
 -1.53151691e-01 -1.53544068e-01  1.26894310e-01 -2.92577296e-01
  2.42132396e-01  6.12428924e-03 -1.42865643e-01 -1.85591560e-02
  4.70446721e-02  1.04465418e-01 -2.35316664e-01  1.59989558e-02
 -1.20377518e-01  1.20078987e-02  1.79682270e-01 -1.56125322e-01
  1.00706751e-02 -1.66621208e-01 -3.66970658e-01  8.55294839e-02
  3.18072662e-02  2.93358024e-02 -3.81710678e-01 -7.63076097e-02
  8.05416107e-02 -2.76839018e-01 -1.78259499e-02  6.92524686e-02
 -1.02686912e-01 -5.40957712e-02 -2.29288533e-01  8.17633867e-02]"
e394ab1d5dce86ad800e2330d4b3f59fb8dd19d1f2673aa465a124ba0e6bc709,dog_063.png,English Bulldog,photograph,outdoor sidewalk café on a cobblestone street,"sitting on a chair at a café table, looking to the side with tongue slightly out",True,"English Bulldog seated at an outdoor sidewalk cafe table beside a chalkboard sign that reads 'SPRING 2026 SPECIALS' listing espresso & pastry, Aperol Spritz, and dog-friendly treats; cobblestone street, diners and awnings in background.","[ 5.75868860e-02 -2.18703240e-01  2.29674429e-01  4.27883491e-02
 -1.13014489e-01  3.44902962e-01  1.15686499e-01 -1.02058418e-01
 -8.72887224e-02 -1.41827971e-01  1.15362503e-01  3.66530418e-02
  4.38726023e-02  1.75923437e-01  7.95871913e-02 -9.10675805e-03
  6.21105582e-02 -8.27422962e-02  1.22359045e-01 -1.28871948e-01
 -2.04329774e-01  3.19965817e-02  2.76907906e-02  1.37632817e-01
 -1.58884823e-01 -3.78517620e-02  3.66732851e-02 -5.60348518e-02
  2.33311236e-01 -1.03763621e-02  5.38524613e-02  1.85827836e-01
 -8.69549811e-02 -4.41010222e-02  7.40848780e-02 -1.21778302e-01
  2.84136295e-01  1.73529871e-02  1.51842400e-01  8.09238851e-02
 -1.03817306e-01 -6.25089630e-02 -3.99963185e-02 -2.08534170e-02
  1.02448113e-01 -5.36278673e-02 -2.83734411e-01 -4.75381240e-02
 -8.03023053e-04 -1.03040859e-01  1.02088355e-01 -1.58082098e-01
  5.33789434e-02 -1.66513950e-01 -2.10290998e-01 -1.34683266e-01
 -1.50931641e-01 -2.42100090e-01  1.45076618e-01  1.05878018e-01
  1.13755144e-01 -8.80813450e-02 -2.15330850e-02  1.33852258e-01
 -4.03521433e-02  3.21140923e-02 -2.05084831e-01  3.35239097e-02
  4.20648605e-02  3.37825269e-02 -1.44129500e-01 -3.03541198e-02
  2.98981637e-01 -7.09114745e-02 -2.24240534e-02 -2.84764823e-02
  6.84973225e-02 -9.49487165e-02  1.78762063e-01 -1.94017500e-01
 -2.10921407e-01 -2.28188902e-01 -5.48125207e-02  1.00516193e-01
  3.17065351e-05 -1.06211849e-01 -2.86237374e-02 -1.05499784e-02
  5.67312911e-02  5.84696643e-02 -1.15334108e-01 -1.95583746e-01
 -1.25378236e-01  8.71489570e-02 -3.16548735e-01  1.52359173e-01
 -7.21413717e-02 -6.04820698e-02  3.32676768e-02  2.91043669e-01
 -8.46377835e-02  1.71498582e-01  1.75745204e-01  5.65798245e-02
  1.45824730e-01 -3.25152278e-01 -1.69312149e-01  8.15697461e-02
  1.96648225e-01 -1.09493412e-01 -7.48235956e-02 -9.82609317e-02
 -1.99370049e-02  9.59607586e-02 -1.53894752e-01 -1.84207797e-01
 -5.23192659e-02 -3.50902349e-01  2.51561761e-01 -1.06464505e-01
  9.66738984e-02  3.27931851e-01 -1.25492901e-01  6.97647780e-02
 -4.28650416e-02  2.02685893e-02  5.51757636e-03  9.53660861e-33
  1.38411298e-01  7.87148923e-02 -4.72926833e-02 -9.51687992e-02
  2.69489020e-01  7.89502934e-02  6.79214820e-02  4.36880030e-02
  1.26188630e-02  1.67999417e-02  1.35305002e-01  7.90763125e-02
 -1.93236545e-02  1.81119248e-01  7.45101785e-03 -3.21426466e-02
  3.46696600e-02  4.04632054e-02  1.88413054e-01  2.76528485e-02
 -6.25542775e-02 -1.16950288e-01  1.48327515e-01  1.05024036e-02
 -3.45314518e-02  2.62396365e-01 -1.43984973e-01 -1.74223632e-01
  1.02247454e-01  1.08616687e-01  1.27577260e-01  1.60884708e-01
 -1.24000475e-01  1.01702027e-01 -2.09236145e-01 -1.13531783e-01
 -9.66042578e-02 -2.26989940e-01  1.29308477e-01  1.02945514e-01
  1.93998486e-01 -3.97740155e-02 -1.53959647e-01  1.90125719e-01
  2.85574682e-02 -9.14634392e-02  7.87374005e-02  8.34963918e-02
  1.25793889e-01 -5.55737019e-02 -1.69763327e-01 -6.90962188e-03
 -5.86727075e-02 -9.64147672e-02 -4.90579568e-03 -3.10926497e-01
  7.48145804e-02  1.14164673e-01  1.00961410e-01 -1.10788427e-01
  3.27781737e-02  2.98249096e-01  2.14314610e-01 -1.44703418e-01
  1.16384216e-01 -4.56164688e-01 -2.06806481e-01 -1.28743932e-01
 -1.36534914e-01 -5.99941649e-02  1.96865305e-01  8.35580193e-03
  3.93751502e-01 -3.22293639e-02 -6.46381900e-02 -6.74744099e-02
  9.58949476e-02  2.34028120e-02  1.00481689e-01  9.84148383e-02
  1.98111922e-01  5.66161945e-02 -1.49066523e-01  8.34413394e-02
  1.92888789e-02 -6.68306574e-02  1.75357580e-01 -9.80540216e-02
  6.90647289e-02  3.75698730e-02 -1.92581221e-01 -1.95015110e-02
 -5.98151311e-02 -1.83370691e-02  8.05139914e-03 -1.33205080e-32
  4.67841625e-02  1.11203253e-01 -5.72903529e-02  4.55982536e-02
 -1.22343868e-01 -4.63994555e-02  2.35111639e-02  1.19029349e-02
  5.69057763e-02  2.43577547e-02 -9.95300263e-02  1.12242557e-01
  2.53944933e-01  7.80147389e-02 -7.75652602e-02 -3.54849175e-02
  2.36745507e-01  1.00889087e-01  5.60115017e-02 -2.38126323e-01
 -1.69306114e-01  2.34177008e-01 -2.02707782e-01  2.96413541e-01
  8.79560038e-02  1.81012034e-01  1.31508231e-01 -1.19709998e-01
 -2.75147051e-01 -4.96864468e-02 -2.60417849e-01 -5.53526990e-02
  2.34625325e-01 -6.40564039e-02 -6.67764693e-02 -1.36089744e-02
 -1.31173849e-01 -1.43512592e-01 -1.05237775e-01  4.32447083e-02
  9.50235575e-02 -8.33222419e-02 -1.60703901e-02  1.29699737e-01
  1.95293978e-01  4.73552831e-02  5.24538681e-02 -1.46912664e-01
  1.21990733e-01  7.41322637e-02  1.31865561e-01 -8.33604559e-02
 -2.05058798e-01 -8.70702192e-02 -1.57129720e-01  1.30249143e-01
 -2.22690001e-01 -1.03328727e-01 -5.78999929e-02 -5.81420176e-02
  1.36840850e-01  2.68503845e-01  4.52409461e-02 -6.49510846e-02
  2.02844795e-02 -9.97351483e-02 -1.14354998e-01 -2.29446709e-01
  3.96199375e-02 -1.36086240e-01 -8.72760452e-03  1.59704447e-01
 -3.11496691e-03 -1.02698676e-01  1.58601567e-01  2.86598533e-01
  2.25053489e-01 -4.13895659e-02 -5.34893423e-02 -8.68812129e-02
 -2.17479035e-01  6.79372922e-02 -1.48834884e-01  1.54235214e-01
  1.37229934e-01 -9.68055576e-02 -4.61663306e-01  2.29316041e-01
  2.74597239e-02 -2.77431831e-02  1.01792350e-01  1.98362499e-01
 -2.28198156e-01  2.28181519e-02  1.71934932e-01 -1.00440552e-07
 -6.87483512e-03 -7.77483433e-02 -1.17379330e-01 -1.09890245e-01
  1.68448985e-01 -1.00254536e-01  9.03613493e-02 -2.63790309e-01
  5.85572757e-02  7.86976889e-02  1.02971837e-01 -6.22876659e-02
 -9.95884612e-02  5.49884513e-02 -6.71502575e-02  1.55581102e-01
  3.96967269e-02  1.34166092e-01 -1.60314649e-01  1.40704885e-01
 -6.94868192e-02  8.36193711e-02  2.02662781e-01 -9.54704061e-02
 -1.46788701e-01 -2.22944930e-01 -7.84826407e-04  1.38587847e-01
 -1.29614368e-01 -5.22194281e-02  6.24692021e-03  5.52200451e-02
 -1.80778518e-01 -4.45846841e-02  2.02049166e-01 -9.51372162e-02
  4.31054905e-02 -5.14716394e-02 -1.30330965e-01  1.82768553e-01
 -1.20750092e-01 -2.62611896e-01 -2.33875170e-01  7.58725824e-03
 -3.93271595e-02  1.69570558e-02 -1.06772311e-01 -9.01477560e-02
 -5.24245612e-02 -2.67415512e-02 -2.64169902e-01 -1.29123732e-01
  1.39369547e-01 -7.60246962e-02 -1.37180299e-01  8.76659825e-02
  1.69904511e-02 -2.94906735e-01  9.72969681e-02  7.81282112e-02
 -5.54404296e-02  6.28597662e-02 -8.24109092e-02 -2.67956890e-02]"
d446eed6e3661afde78ae25ea97cbf1fc245f01440c55518e2a18d9a8adfbd3e,dog_064.png,English Bulldog,photograph,urban cobblestone street (downtown/historic district),standing on a leash / being walked,False,Stocky fawn-and-white English Bulldog standing on a wet cobblestone city street on a red leash with brick buildings and pedestrians in the background.,"[ 1.10925086e-01 -1.38398290e-01  1.66176111e-02  2.25194231e-01
 -1.02908075e-01  2.21258834e-01  9.96961221e-02 -9.60868150e-02
 -1.18172705e-01 -1.46354422e-01  7.74376765e-02 -3.15135159e-02
  5.14603257e-02  3.43719691e-01 -1.58722475e-01  9.86972526e-02
 -1.78099975e-01 -5.89588052e-03 -6.92051575e-02 -1.75825000e-01
 -3.65194380e-01 -1.12052105e-01  9.47589651e-02  8.90222192e-02
 -3.12227547e-01 -2.94776678e-01  6.84241205e-02 -2.35510827e-03
  1.84068456e-01 -2.15039223e-01 -4.23171408e-02 -1.93202928e-01
  1.88210204e-01  6.65641055e-02 -1.15401439e-01 -1.02950998e-01
  3.95322531e-01  3.15351784e-01  1.12607963e-01  2.87236452e-01
  2.37925336e-01  1.14792427e-02  1.08319884e-02 -1.01513587e-01
  5.36427200e-02 -3.01996823e-02 -1.04085110e-01  1.15791455e-01
 -1.15890019e-01 -2.78889418e-01 -6.86707199e-02 -1.98574543e-01
 -2.27564829e-03  2.45522112e-02 -1.71083659e-01 -1.51199661e-02
 -4.81598042e-02 -1.70284525e-01  1.97292119e-02 -6.66595697e-02
  1.65065408e-01  9.74470004e-02 -2.17068002e-01  5.37672229e-02
 -5.28562702e-02  4.01030928e-02 -1.63440958e-01  1.59029961e-01
  2.96965986e-01  1.68141544e-01  1.80788547e-01 -4.46586460e-02
  1.00048654e-01 -2.97902077e-01 -1.25235841e-01 -1.61893949e-01
  5.36136969e-04  1.30120948e-01  3.61187905e-01 -5.58699965e-02
 -5.95846400e-02 -1.63664415e-01  1.43646717e-01  1.48263469e-01
  1.40945092e-01 -9.68813151e-02 -2.78315227e-02 -8.02303106e-03
 -2.67257184e-01 -4.58746888e-02 -2.40096882e-01 -1.71315089e-01
 -1.61865354e-01 -1.89019982e-02 -1.39283776e-01  6.84116036e-02
  4.40325104e-02 -2.99924225e-01 -1.42387971e-01  1.92766324e-01
 -2.80307047e-02 -1.69961944e-01  3.02830666e-01  3.40475470e-01
  3.85132670e-01 -3.02945763e-01 -1.98591307e-01  3.99416983e-02
 -1.53539091e-01  1.39215976e-01  1.74022689e-01 -2.00786948e-01
 -1.80795565e-01  1.15907095e-01 -1.65674165e-02 -1.45426631e-01
 -4.75527048e-01 -1.67080685e-01  7.67913088e-02 -8.06776956e-02
  2.11343914e-01  3.41790289e-01 -1.89795792e-01 -1.64927751e-01
  2.97245175e-01 -3.49034846e-01 -1.44983426e-01 -1.63960468e-33
  3.07863560e-02  9.58315954e-02 -1.54940486e-01  1.11942716e-01
  9.26482379e-02 -1.24271058e-01 -4.73888256e-02 -1.96508616e-02
 -2.68693030e-01  2.03178078e-03  2.32240468e-01  2.45301187e-01
 -6.44617453e-02  1.19634531e-01 -1.11327454e-01 -1.29058048e-01
  2.76910245e-01  5.19536575e-03  1.06080800e-01  5.92917837e-02
  1.78682446e-01 -1.44280076e-01 -4.94200271e-03 -2.29888409e-01
  1.33424863e-01 -2.00013176e-01 -3.19848537e-01 -3.63291651e-02
 -9.43111032e-02  9.53624398e-02  1.35951832e-01  2.37512365e-01
  7.01736361e-02  1.13542698e-01 -3.36482018e-01 -1.00285739e-01
 -1.79026380e-01 -4.19133693e-01  5.96529655e-02  1.20592482e-01
  1.65614545e-01 -1.73511207e-01 -1.04830697e-01  1.09820291e-01
  8.74174237e-02 -1.12059802e-01 -4.46423411e-01 -8.52883980e-02
  1.32056437e-02  1.68827176e-01  1.13105282e-01 -8.50319862e-02
 -1.46593317e-01  8.66787583e-02 -1.55612573e-01 -1.01901792e-01
 -6.35978999e-03  1.02791063e-01 -6.57497570e-02  1.14277534e-01
  9.36567634e-02  3.45530868e-01  1.51728556e-01  3.91311850e-03
  3.43042731e-01 -5.25362611e-01 -1.43452644e-01  1.77527338e-01
 -1.88765943e-01  2.67286539e-01  2.21904397e-01 -8.29117969e-02
  4.57237631e-01 -1.41783103e-01  1.80747043e-02 -4.98159155e-02
  4.41635326e-02  1.15080565e-01  1.01058688e-02  1.25991121e-01
 -3.88754308e-02  7.71836787e-02 -3.34115773e-01 -8.48625526e-02
  2.21563533e-01 -8.71980041e-02  1.72785372e-01 -5.57290390e-02
  1.27347484e-01  1.33523345e-01 -4.71105389e-02 -7.47339521e-03
  8.73351842e-02 -1.74084067e-01  1.73515037e-01 -7.09158771e-33
  1.26535118e-01  1.99365504e-02  2.24643916e-01  4.12530415e-02
 -9.99006927e-02  5.82348071e-02 -4.26548719e-02  1.28590837e-01
 -2.54548397e-02  2.03204811e-01 -3.73727888e-01  2.04473838e-01
  1.90113783e-01  8.96285996e-02  2.02298075e-01  7.28281541e-03
 -1.73325371e-02 -4.86293621e-02  2.59781122e-01 -2.98943911e-02
 -2.77719915e-01 -6.36596307e-02 -2.60202199e-01  2.23371163e-01
 -1.53622136e-01  1.19616888e-01 -6.56819344e-02 -1.51169315e-01
 -1.88673764e-01 -1.33661792e-01 -1.69582725e-01 -1.09011114e-01
 -7.66274035e-02 -9.06928480e-02 -1.83918267e-01  2.61308759e-01
 -2.13892341e-01 -8.37597623e-02  1.35340229e-01  7.14551136e-02
 -3.70614454e-02 -3.24756652e-02 -7.54488111e-02 -3.10289301e-02
  3.45452845e-01  2.22758085e-01 -1.59593914e-02 -1.85382590e-01
  6.05763830e-02 -2.46676102e-01  7.21260682e-02  1.77231044e-01
 -8.75414461e-02  2.93700155e-02 -1.29493624e-01  1.65741906e-01
 -3.07515144e-01  1.47761270e-01 -2.39821628e-01 -9.57708731e-02
 -2.63313483e-02 -3.52575742e-02 -9.61075798e-02  2.77877837e-01
 -1.74983621e-01 -2.68461525e-01 -2.36230064e-02 -2.13316288e-02
  7.01348335e-02 -1.31809726e-01  3.72484587e-02  3.55918169e-01
 -1.20319929e-02  1.26444086e-01  2.29537323e-01  3.26471120e-01
  1.24401711e-01 -4.75516506e-02  3.16594020e-02  1.89187691e-01
  2.37691123e-02  1.14460222e-01 -3.16363364e-01  2.19099686e-01
  5.80840297e-02 -4.27474082e-02 -2.84588099e-01  4.48077083e-01
  2.93028772e-01 -7.26160184e-02  2.86625177e-01  3.89772922e-01
 -2.91246891e-01 -1.01059631e-01  1.40589148e-01 -9.88120874e-08
 -2.69242555e-01  1.06229730e-01 -1.37474537e-01  6.99882433e-02
  1.23302907e-01 -2.59369537e-02  8.42364728e-02 -4.61791933e-01
 -1.86177164e-01  1.59745708e-01 -1.66002005e-01  1.47843743e-02
 -7.93415532e-02  1.54371634e-01 -1.17118239e-01  1.88087821e-01
 -1.07012615e-01 -2.61105448e-02  1.26339883e-01  1.81175306e-01
 -1.66224092e-02  2.40469798e-01  1.14993528e-01  5.46647161e-02
 -2.48705640e-01 -2.49511212e-01 -5.09033091e-02 -1.07148468e-01
 -4.31481153e-01  2.47308344e-01  2.38075122e-01  2.13188365e-01
 -2.31044605e-01  1.12488620e-01  3.73477668e-01 -2.39776477e-01
  3.82816941e-01 -1.02838047e-01  3.94081026e-02 -1.05219424e-01
  3.36484492e-01 -1.99057218e-02 -6.23322390e-02  2.02076919e-02
  1.05546685e-02  2.71698505e-01 -1.35377452e-01 -1.83154449e-01
  2.34147515e-02 -1.94248736e-01 -2.81480223e-01  6.31552488e-02
  9.12607163e-02 -1.09319814e-01 -1.75296277e-01  1.36808604e-01
 -2.00823516e-01 -1.40911445e-01  8.37860927e-02  4.30210344e-02
 -1.59132794e-01 -1.05044931e-01  1.37051325e-02  6.22759834e-02]"
8a3fefcb99527a774eb0875210583e9fcba749dc7a77ec607c7fc2a759b2cde0,dog_065.png,English Bulldog,photograph,garden/backyard with flower beds,holding a large knotted rope toy in its mouth (playing/tugging),False,"Fawn-and-white English Bulldog standing on a sunlit lawn, gripping a large knotted rope toy in its mouth; blurred rose and hydrangea bushes and a birdbath in the background.","[-4.77370061e-02 -8.05173144e-02  6.00364879e-02  1.95628963e-03
 -7.08218850e-03  1.25820473e-01  2.53901154e-01  6.79310635e-02
 -2.41361018e-02  9.30094793e-02  5.34698032e-02 -3.34389620e-02
  1.19510658e-01  3.02993894e-01 -9.09096673e-02  2.36826852e-01
 -2.16900870e-01 -9.40134376e-02 -9.89388525e-02 -1.49104178e-01
  3.08927544e-03  5.30670919e-02  2.88148165e-01  6.70190761e-03
 -2.37171933e-01 -6.55561015e-02 -1.74129412e-01  9.62516442e-02
  1.14129767e-01 -2.38607138e-01  9.63999983e-03  4.59781906e-04
  8.01880360e-02 -6.38483539e-02 -1.08669661e-01 -1.03836544e-02
  2.56001532e-01 -8.84774700e-03  1.10493191e-01  2.71644324e-01
  8.32121894e-02 -7.14192316e-02  8.77327994e-02 -8.43450651e-02
 -2.33641453e-02  1.83282912e-01 -1.75679982e-01  1.56191155e-01
  2.76083816e-02 -7.10380152e-02  2.58436048e-04 -2.93322802e-01
 -2.14763153e-02  3.69411930e-02 -9.67437178e-02  1.27888605e-01
 -6.63927197e-02 -1.75257877e-01  5.94068021e-02  3.69350128e-02
  6.27819225e-02  1.67647123e-01 -1.49349198e-01  2.09911853e-01
 -3.81032154e-02 -2.06753314e-01 -5.49346069e-03  8.02473053e-02
  1.48131952e-01  7.72885233e-02  2.56848391e-02  9.23328400e-02
  1.66152656e-01 -1.45267233e-01 -8.63807499e-02 -1.93111360e-01
  8.43089819e-02  1.84444070e-01  3.96405697e-01 -1.10342622e-01
 -1.14848956e-01 -1.37556970e-01  1.31128907e-01  7.91736171e-02
  2.73235724e-03 -1.60311326e-01  6.15653321e-02 -5.30395508e-02
 -1.80205584e-01 -4.01070081e-02 -3.33183855e-01 -2.35229254e-01
 -1.92801163e-01  2.91970298e-02 -6.65174127e-02  5.02372570e-02
  1.56535581e-01 -3.20413738e-01 -1.91090643e-01  1.38037696e-01
 -1.73920263e-02 -1.96262851e-01  2.01965824e-01  2.14540586e-01
  2.02637434e-01 -1.72298476e-01 -3.53924215e-01  1.42098233e-01
 -3.75983282e-03  7.53190368e-02  6.25580549e-02 -1.71167836e-01
  7.81747177e-02  1.21594243e-01 -2.96176095e-02 -2.24668369e-01
 -2.76147217e-01 -1.66030139e-01 -7.83164203e-02 -3.20638753e-02
  1.42054513e-01  3.30906838e-01 -2.48530302e-02  5.19405957e-03
  2.84198374e-01 -1.64184734e-01 -1.90970197e-01 -1.43001762e-33
  2.64510632e-01  1.44809440e-01 -1.35775432e-01 -1.03548057e-01
 -4.45314636e-03  8.59069824e-02 -7.82266632e-02  1.26975745e-01
 -2.47483194e-01  1.41167015e-01  1.97665505e-02  1.99418083e-01
 -2.15214401e-01  3.48534137e-02  1.09417737e-01 -1.32122830e-01
  8.57553482e-02 -6.81067929e-02  5.64691685e-02 -6.87049925e-02
 -2.05153171e-02 -7.88429566e-03  1.56945944e-01 -5.37173077e-02
 -6.66244626e-02 -9.95974466e-02 -9.33875702e-03 -1.44346401e-01
 -7.44008347e-02  1.39777854e-01  1.96490273e-01 -1.28300086e-01
  1.24872550e-01  9.76102948e-02 -2.75980830e-01 -8.42436627e-02
 -1.15556709e-01 -4.22688186e-01 -2.07277667e-02  2.81969637e-01
  3.01550180e-01 -1.44943073e-01  2.20693368e-02  3.03305052e-02
 -1.62814945e-01 -3.15710425e-01 -2.20758751e-01 -1.17823714e-02
 -1.63794294e-01  2.70337522e-01  1.12105899e-01 -3.84930149e-02
  2.35029936e-01 -1.95652053e-01 -2.18472764e-01 -3.08527704e-02
 -4.58100103e-02 -1.30178258e-01 -1.55382559e-01  2.49804445e-02
  9.61591825e-02 -9.42505244e-03  2.86077205e-02 -6.76827133e-02
  1.54432893e-01 -3.42329770e-01  1.63379610e-02  1.69319347e-01
 -1.99645892e-01  2.38708958e-01  9.62888896e-02 -1.46782145e-01
  8.74517933e-02 -1.69493675e-01 -4.26174738e-02 -1.48443161e-02
  2.44624361e-01  1.18599549e-01 -9.33033824e-02  1.88669428e-01
  1.81562409e-01  6.00579791e-02 -1.72349945e-01 -7.86039680e-02
 -7.70848542e-02 -2.07641199e-01  1.79653317e-01 -1.80627242e-01
  9.04540792e-02  4.67277840e-02 -7.66790956e-02 -9.53132287e-02
  2.11455151e-01 -2.97297060e-01  3.95182848e-01 -4.06806563e-33
 -1.62313599e-02  6.54926598e-02  7.65022933e-02  1.97321668e-01
  1.02638312e-01  2.08519876e-01 -4.37648669e-02  1.40432999e-01
 -3.07771981e-01 -7.82732740e-02 -3.14282179e-01  2.86862761e-01
 -1.65671185e-02 -1.21333256e-01  2.12784991e-01 -8.95520002e-02
  1.52148148e-02  1.40028689e-02  2.16412455e-01  3.57282311e-02
 -1.40836820e-01 -4.41241870e-03 -1.93274736e-01  1.59222215e-01
 -1.07439399e-01  6.96411654e-02 -4.66428585e-02 -1.84306189e-01
 -1.85000420e-01 -5.31756394e-02 -1.78518333e-03 -1.59754738e-01
  4.18002531e-03  9.69089270e-02 -1.89466238e-01  1.48582170e-02
  1.38413999e-02 -1.56527892e-01  2.52337456e-02 -1.04339689e-01
  2.57125020e-01 -4.47255597e-02  5.76426312e-02  4.33956161e-02
  1.54130876e-01  2.16439426e-01 -2.89802492e-01 -1.24971746e-02
  3.29395831e-02  1.29378602e-01 -1.67812839e-01  8.37932900e-02
 -3.36913913e-02 -2.26356238e-01 -1.23582155e-01 -5.76687083e-02
 -2.71856934e-01  3.97980250e-02 -5.24069555e-02 -6.14859015e-02
  2.91784131e-03 -9.41766948e-02 -1.40431717e-01  1.48843154e-01
 -3.29261869e-02 -2.37978976e-02 -2.98533943e-02  9.69353467e-02
 -2.27583833e-02 -6.42284602e-02 -1.17976300e-03  2.68496841e-01
  1.41750872e-01 -1.24813981e-01  2.62452006e-01  3.18791509e-01
  1.05310930e-02 -5.71104139e-02 -3.83730978e-02  1.32090300e-01
  8.80590603e-02  8.84512737e-02 -1.36768296e-01  1.52297378e-01
 -2.54782569e-02  7.36217294e-03 -2.68028975e-01  4.17988181e-01
  8.31054747e-02 -8.58364403e-02  1.59544185e-01  4.80011284e-01
 -1.03716284e-01 -2.73933052e-03  3.22529048e-01 -9.85442981e-08
 -1.51753649e-01  4.80962284e-02 -6.08690456e-02 -1.16375578e-03
  1.27801701e-01  1.89959109e-01 -1.69756170e-02 -2.24670738e-01
 -8.14469010e-02 -1.22155435e-01 -2.37632524e-02  4.23300751e-02
  7.42943361e-02  2.41475180e-02  1.39292865e-03  7.60839581e-02
 -6.12840690e-02  1.31103441e-01  1.03704650e-02  2.84998506e-01
 -1.71985686e-01  2.97618806e-01  2.01217160e-01  1.22470565e-01
 -3.04598212e-01 -1.72588080e-01 -9.43576247e-02  1.96477231e-02
 -2.86969095e-01  1.72687098e-01  1.19149894e-01  2.83977330e-01
 -2.45887130e-01 -3.41540538e-02 -1.89700186e-01 -2.13794976e-01
  2.56184667e-01 -7.43180467e-03 -8.80982503e-02  2.45055207e-03
  3.75059217e-01  1.67634860e-01  4.96060355e-04 -2.06733518e-03
 -9.48687121e-02  1.67360574e-01  3.88153940e-02 -2.09103271e-01
 -4.69111502e-02  4.06534895e-02 -3.38557601e-01  1.15509257e-01
  3.79292369e-02 -8.44104867e-03 -1.06541336e-01  6.14374056e-02
 -5.96027374e-02 -3.47492516e-01  6.61210343e-02  4.93903831e-02
 -1.27734169e-01 -1.63669348e-01  7.07599595e-02  7.29106069e-02]"
8fba1feee70ac0cbf34d89955653aaa070d927c7ce9684d99da20b6ebef9f924,dog_066.png,English Bulldog,pencil sketch / graphite drawing,plain white background / studio,"sitting, facing forward (portrait)",False,"Detailed graphite portrait of an English Bulldog sitting and facing forward, showing facial wrinkles and muscular chest on a white background.","[-8.93167127e-03  7.85752460e-02  2.37927318e-01  1.03904404e-01
 -1.61790490e-01  4.54265764e-03 -1.31148115e-01 -1.08564962e-02
 -3.29166681e-01  2.03149781e-01 -4.02017757e-02 -2.37016901e-01
  1.13064662e-01  4.53417361e-01  5.65219074e-02 -1.41682778e-03
 -1.05291836e-01  2.11987812e-02  1.48944825e-01  1.11111872e-01
 -2.71197766e-01  6.83539780e-03  1.60133392e-01  1.41094308e-02
 -1.24540575e-01 -5.62733188e-02  7.35811666e-02 -8.80380198e-02
  1.94329366e-01 -1.67996898e-01 -1.57091141e-01 -2.01849744e-01
  4.06126976e-02  1.14561133e-01 -2.81104147e-01 -3.03068280e-01
  1.50211051e-01  4.60707277e-01 -1.75318539e-01  2.97143400e-01
 -1.56438157e-01  2.54163742e-01 -2.26164728e-01  1.93503693e-01
  2.30572820e-02 -1.28305098e-02 -4.02357340e-01  3.10558472e-02
 -5.74109554e-02 -4.22519483e-02 -4.13625777e-01 -4.68210578e-01
 -1.71183378e-01 -9.64233950e-02 -1.47917300e-01  6.83453232e-02
 -1.22993045e-01 -3.35946769e-01  1.16935678e-01  1.27287835e-01
  1.13264374e-01  1.04216956e-01  2.15309169e-02  6.44392073e-02
  1.03992075e-01  2.07005575e-01  1.55060077e-02 -7.56172836e-02
 -9.05905068e-02  1.15688853e-01  3.00749093e-01 -8.27619508e-02
  4.23157699e-02 -3.55975181e-01 -1.28660172e-01 -2.47636899e-01
  1.49734706e-01 -9.81697068e-03  3.32329065e-01 -3.34246568e-02
  2.38612369e-02  2.96909288e-02 -7.25800619e-02  1.09768018e-01
 -8.27790350e-02 -1.28288388e-01 -2.20130086e-01 -3.58074248e-01
 -6.22309506e-01 -5.37773632e-02 -6.85622096e-02  2.06117705e-01
 -2.38109604e-01 -8.60953629e-02  1.00751363e-01  1.73421159e-01
  1.99830160e-01  1.36727810e-01  5.22556528e-02  1.89869821e-01
 -2.72132065e-02 -3.65188032e-01  2.88645357e-01  2.81894654e-01
  1.49814069e-01 -3.00895870e-01 -8.70378017e-02  1.09723181e-01
  3.19971479e-02 -2.04785213e-01  1.35125360e-02 -1.63053367e-02
 -3.79478216e-01  2.97914356e-01  2.54640132e-01 -6.29343390e-02
 -2.24482819e-01 -3.01277578e-01  7.63828084e-02 -1.31037220e-01
  1.71922326e-01  3.23051870e-01  7.00833723e-02 -2.18812764e-01
 -3.09287068e-02 -1.98603228e-01 -1.26774639e-01  1.36747003e-34
  1.62255824e-01  2.78823614e-01 -1.88537419e-01  2.48067647e-01
  1.37899471e-02  1.91503912e-01 -1.29966974e-01  1.49643362e-01
 -1.88995227e-01  8.94104764e-02  3.89543734e-02  2.87710041e-01
 -1.12523854e-01  4.29864734e-01 -3.61911990e-02 -7.24356575e-03
  8.17095414e-02  1.96287602e-01  2.25068599e-01 -2.10943967e-02
  3.34754959e-02 -9.87972319e-02  2.37212673e-01  4.88875248e-03
 -6.61000684e-02  5.36771603e-02  3.47762257e-02 -3.99527878e-01
 -2.30437532e-01 -1.53464740e-02 -2.00369935e-02  3.66873622e-01
  6.53683618e-02 -5.75811155e-02 -2.78873205e-01 -1.30789652e-01
 -1.77630723e-01 -4.60778445e-01  1.75890759e-01  2.62872905e-01
  2.79764861e-01  3.95244434e-02 -1.02793872e-01  2.91322500e-01
 -2.22587690e-01  9.89342779e-02 -1.99282959e-01 -9.19648111e-02
 -1.66126043e-01  2.00798735e-01 -2.85904892e-02  1.67040959e-01
  1.45392925e-01 -3.11960787e-01 -6.74128830e-02 -5.08894995e-02
  1.63193703e-01 -1.05330817e-01 -1.00120835e-01 -3.62648219e-02
  4.69579488e-01 -8.67926627e-02  6.22249544e-02  5.94043918e-03
  8.71506184e-02 -4.27628905e-01 -4.81438041e-01 -1.31785110e-01
 -1.80319190e-01  1.12308137e-01 -1.43287098e-02  1.69194892e-01
  2.98313141e-01 -3.55983377e-01 -5.22235967e-02 -3.75688844e-03
  2.59566188e-01  2.21419737e-01 -3.14507425e-01  5.34323603e-02
 -1.04740970e-01  1.17378443e-01 -3.42972308e-01 -1.47895917e-01
  1.78583842e-02 -7.65671879e-02  1.77249938e-01 -9.46454331e-02
  2.79469341e-01  1.93140522e-01 -1.62970006e-01 -2.03298062e-01
 -2.73161270e-02 -1.61128610e-01  1.23404734e-01 -4.62389923e-33
 -5.50322123e-02  1.04108684e-01  3.05350758e-02  1.37607679e-01
  1.37513071e-01  5.37013216e-03  8.94618873e-03  4.90119308e-01
  2.23482749e-03  1.89149082e-01  1.52645811e-01  4.01448570e-02
  1.16746798e-01 -3.58715773e-01  2.91074961e-01  9.35203433e-02
  9.40454900e-02 -1.81381255e-01 -2.23749518e-01 -1.64682597e-01
 -8.86672884e-02  1.22368328e-01 -2.39856914e-02 -6.46898076e-02
  1.31392419e-01  2.70363063e-01 -1.95470024e-02 -3.77829880e-01
 -1.19456006e-02 -7.73796365e-02 -1.43373415e-01 -1.06896438e-01
  2.46928766e-01 -8.51462856e-02 -1.30408674e-01  2.53958106e-01
 -3.26334545e-03 -3.15201253e-01  8.40309262e-02  1.14548989e-01
  1.23986475e-01  1.39769688e-02  1.09191416e-02  2.19056338e-01
  1.94355577e-01  9.18867141e-02 -1.95007339e-01 -1.01984590e-01
 -1.24095932e-01  2.04101592e-01  1.35195866e-01  4.94659273e-03
  1.25384390e-01 -1.32954970e-01 -1.70804605e-01 -1.50951102e-01
 -9.76216346e-02  8.55310857e-02  5.16168177e-02  1.92719206e-01
  3.23653221e-03 -1.16834678e-02 -3.20455611e-01 -1.43715531e-01
 -3.37554008e-01 -8.37460684e-04 -4.76133749e-02 -3.54643077e-01
  1.22662544e-01  9.58336219e-02  6.22882769e-02  1.99210137e-01
 -2.02592351e-02  1.06381722e-01  3.42875421e-01  3.02227855e-01
  2.21857354e-01  1.99823841e-01 -9.38000232e-02  1.97246056e-02
 -1.23348862e-01 -2.10424289e-01  1.00778647e-01  1.30750790e-01
  2.79984415e-01 -1.27652800e-02 -4.15020883e-01  3.88508260e-01
 -3.55926715e-02 -4.81562391e-02 -1.19580876e-03  1.48187503e-01
 -3.29112470e-01  1.19804675e-02  4.48191136e-01 -9.92062326e-08
 -3.00482363e-01 -1.43112361e-01  9.69732106e-02 -1.41296178e-01
 -1.95620283e-02 -4.75287661e-02  3.06914091e-01 -4.28862840e-01
  6.39766827e-02  7.67021105e-02  6.20699897e-02 -1.04440816e-01
 -9.06842947e-03 -1.77699506e-01 -5.96054830e-02  1.03361875e-01
 -2.05355838e-01  3.39422762e-01  1.46107212e-01  1.23372540e-01
 -7.70633817e-02 -7.30975941e-02  5.54760247e-02  9.14710909e-02
 -3.58139187e-01 -1.76205903e-01 -7.01067373e-02  1.14128500e-01
 -5.19736826e-01  9.65702236e-02  1.58470362e-01  2.76039928e-01
  1.49211660e-01 -2.40703300e-01  2.26453587e-01 -1.58627152e-01
  2.03410789e-01 -2.25669950e-01 -1.47432432e-01  1.91081211e-01
  1.09240003e-01  1.49102464e-01 -1.63905144e-01  1.42450824e-01
  6.52293041e-02 -9.20836553e-02  1.65472955e-01 -2.77325511e-03
  2.27039829e-01 -9.82932150e-02 -2.98006564e-01 -1.12014487e-01
 -1.86745767e-02  4.41562682e-02 -2.45424300e-01  2.47733429e-01
  1.99366659e-01 -1.46522820e-01  1.09164082e-01  2.79221982e-01
  2.04938293e-01 -2.66949777e-02 -9.53177065e-02 -1.27748996e-01]"
6734606f54646d29dbee8aa36221807390363ea516dcb1ef0b7c9d4f50002d1b,dog_067.png,English Bulldog,watercolor painting,park in autumn,sitting and facing camera,False,"Watercolor illustration of an English Bulldog sitting on grass in an autumn park with orange and yellow trees, fallen leaves, a bench and a winding path in the background.","[ 1.31822318e-01 -6.78508356e-02  2.40482569e-01  1.64623618e-01
  9.21015665e-02  2.42185324e-01  2.62583584e-01 -7.99139738e-02
  7.69239813e-02  1.59381136e-01 -1.38113409e-01 -3.81997563e-02
  1.36845827e-01  4.38845724e-01 -1.15635991e-01  3.06721747e-01
 -2.12747335e-01  1.22828521e-01 -1.13960588e-02 -3.10723782e-01
 -2.58074850e-01 -4.94880266e-02  7.88051561e-02  5.01581170e-02
 -3.14448357e-01 -1.35042131e-01 -1.50319502e-01  1.25002444e-01
  1.56528011e-01 -2.18767047e-01 -1.25067055e-01 -5.93079291e-02
  1.27203763e-01 -1.68928474e-01  7.88776204e-03 -1.82184741e-01
  2.04892278e-01 -4.28138748e-02  1.31338015e-02  1.77509889e-01
 -4.28711288e-02  6.41337186e-02 -7.17730522e-02 -2.85206009e-02
  4.33591753e-03  1.86455622e-02 -2.91785717e-01 -6.73605576e-02
 -1.16766095e-02 -1.61519796e-01 -9.49424878e-02 -2.21284971e-01
 -7.38758594e-02 -3.24867308e-01 -4.12757218e-01 -1.36583835e-01
 -1.01162232e-01 -2.35687062e-01  1.12441853e-01 -3.49762663e-02
  2.07673699e-01  7.75670335e-02 -1.43586412e-01  2.38254875e-01
 -5.30031584e-02 -6.54411316e-02 -1.65398061e-01  7.91442301e-03
  2.83965349e-01 -1.97812811e-01 -1.63873136e-02  1.06880486e-01
  1.63026482e-01 -4.01555866e-01 -3.16773325e-01 -2.23697528e-01
  6.17014691e-02  1.45580113e-01  2.81904340e-01 -2.76696324e-01
  5.16957697e-03  2.13938183e-03  4.64707613e-02  1.92256600e-01
  2.76914597e-01 -4.24684063e-02 -2.48708591e-01 -9.31660831e-02
 -3.03320497e-01 -8.47496018e-02 -1.95935428e-01 -8.35273713e-02
 -1.50589645e-01  1.31388932e-01 -1.54007375e-01  1.51484132e-01
  1.49438277e-01 -3.18259656e-01  5.29341539e-03  2.73669869e-01
 -1.38787165e-01 -1.18700817e-01  3.66617948e-01  6.21801428e-03
  3.05318028e-01 -3.86852741e-01 -2.18397066e-01  1.81075066e-01
  8.60629752e-02 -1.30929038e-01  6.63892645e-03 -3.54851872e-01
 -2.15317026e-01  3.33307147e-01 -2.31250022e-02  6.31902069e-02
 -2.34716937e-01 -3.37507308e-01  7.41649000e-03  1.94545478e-01
  1.70032352e-01  2.94842303e-01 -1.42824367e-01  1.21836774e-01
  5.62557355e-02 -4.44914587e-02  5.35748117e-02 -1.39420610e-32
  2.16880694e-01 -1.88395437e-02 -8.70206133e-02 -1.02017239e-01
  2.26180419e-01 -8.19095690e-03  9.49290395e-02 -9.95161906e-02
 -1.58443913e-01 -3.51847559e-02  1.08412512e-01  7.06995055e-02
  1.72960327e-03  9.86260176e-02  5.59506640e-02 -2.53423415e-02
  9.01964754e-02  1.91421993e-02  1.47345141e-01  1.14197634e-01
 -2.25766286e-01 -9.01931524e-02  2.01727509e-01 -8.04609060e-02
  1.41407669e-01 -5.35897613e-02 -8.88727978e-02 -1.93057731e-01
  2.97178887e-02  4.14893888e-02  1.00806892e-01  1.72863826e-02
  6.68855980e-02  1.07900716e-01 -2.75803834e-01 -1.98119387e-01
  3.91798578e-02 -3.25012952e-01  1.86992839e-01  3.16885412e-01
  2.61129322e-03 -8.73361379e-02  1.84211526e-02  1.37264997e-01
 -1.07810579e-01  1.21684829e-02 -5.14738038e-02  7.69009218e-02
 -3.69681753e-02  2.09984288e-01 -1.95273552e-02  2.35307924e-02
  2.13371903e-01 -2.98838943e-01 -3.03051509e-02 -1.89362079e-01
  1.95779026e-01  1.84042677e-01  3.55178723e-03 -1.25875771e-02
  1.47504151e-01  1.55813262e-01  5.93769290e-02 -2.00436696e-01
  1.78919628e-01 -6.39780819e-01 -2.50612944e-01 -3.22631039e-02
 -2.71246761e-01  3.05097513e-02 -2.23827250e-02  1.02303028e-01
  2.52701193e-01 -2.74164945e-01  5.28902598e-02 -2.48082787e-01
  2.38323808e-01  3.11205722e-03 -7.55166411e-02  2.64162153e-01
  1.27870291e-01 -2.31673643e-02 -3.25461149e-01 -7.48955011e-02
 -1.90306500e-01 -5.69832185e-03  2.55682677e-01  8.95542372e-03
 -6.94202185e-02  3.81068438e-02 -1.41671836e-01  4.41014171e-02
  6.84120134e-02 -2.80767679e-01  4.94851589e-01 -2.68809362e-34
 -2.82223076e-02  2.02534661e-01 -1.90705229e-02  1.14103250e-01
  4.26415317e-02  2.41030589e-01 -7.87119567e-02  1.67164057e-01
 -1.47988915e-01  9.10397768e-02 -2.07504794e-01  4.91768271e-01
 -9.51801892e-03  4.44428436e-02  1.68420628e-01 -2.10951507e-01
  1.33885434e-02  2.11690471e-01  5.54716326e-02 -6.16869750e-03
 -1.76766589e-01  2.19496161e-01  2.65892427e-02  1.33300394e-01
  5.11380620e-02  2.98341811e-01  1.16642855e-01 -2.63740659e-01
 -2.23602906e-01 -9.55247506e-02 -1.67995036e-01 -1.58685684e-01
  1.14344463e-01 -2.49850135e-02 -1.10279489e-02  2.52213217e-02
  1.09358110e-01 -4.98446882e-01 -2.09934860e-01  1.97133034e-01
  2.51972288e-01 -2.02391997e-01  3.07500631e-01 -3.05447914e-02
  2.02830672e-01  1.39514834e-01 -9.48477983e-02 -1.48384765e-01
  1.00356285e-02 -3.21811438e-02  1.33197561e-01  2.99664401e-02
 -1.40336752e-01  1.02816291e-01  1.28953204e-01 -1.10672735e-01
 -2.03020394e-01 -2.58240420e-02 -1.79232910e-01  1.29587814e-01
 -4.76746373e-02  1.54496118e-01 -2.37818912e-01  5.75728230e-02
 -2.83946007e-01 -2.94250041e-01 -1.64219245e-01 -1.56991333e-01
 -1.04830690e-01 -8.50614831e-02 -2.04307720e-01  1.08805567e-01
  1.38986958e-04 -1.16026208e-01  4.03990358e-01  2.29789928e-01
  2.75356203e-01  1.25170544e-01 -1.94612056e-01 -1.10030308e-01
 -1.24554276e-01  8.93909484e-02 -1.19814707e-03  4.52320725e-02
  3.55185091e-01 -1.96236268e-01 -6.51589930e-01  3.16237301e-01
  2.07860917e-01 -8.92298594e-02  2.24674657e-01  2.96834946e-01
 -1.30970210e-01  1.87700510e-01  1.83425680e-01 -9.96554022e-08
 -1.41207591e-01 -7.99221694e-02  2.81916801e-02 -1.44990891e-01
  1.25052691e-01 -1.91671133e-01  2.23415300e-01 -3.26100558e-01
  4.51718569e-02  2.09132299e-01  1.00035071e-01 -1.81402341e-02
  3.87231484e-02  1.19090587e-01  3.32110259e-03  1.54940590e-01
 -5.07792197e-02  7.05892742e-02  1.11543469e-01  4.03670073e-01
 -2.41168573e-01 -2.22742427e-02  5.28135151e-02  2.58945525e-02
 -2.07229301e-01 -2.52126247e-01  9.95434541e-03 -1.11731313e-01
 -1.51053101e-01  5.46096712e-02  2.41389334e-01  3.94616634e-01
  7.23048719e-03  1.76865887e-02  1.33987829e-01 -3.42174202e-01
  1.86637267e-01 -4.53551766e-04 -3.47943157e-01  6.23013079e-02
 -4.19829637e-02  1.63668022e-01 -2.48244360e-01 -4.45730165e-02
  2.31259480e-01  1.16580553e-01  2.25295611e-02 -9.70451459e-02
 -1.62154153e-01 -6.40411749e-02 -5.54469764e-01 -7.99173564e-02
  7.62439147e-02  1.42675221e-01 -2.29026198e-01 -8.20504576e-02
  6.16478920e-02 -2.56739646e-01  1.71461403e-01  5.09668142e-02
 -1.16781630e-01 -1.08052725e-02 -1.00023240e-01  9.69244093e-02]"
08b9ec01901929ef898596c1f51e5cefff472b699f38d9247a5a9f0d1bcc1b99,dog_068.png,English Bulldog,oil painting,cozy indoor living room in front of a fireplace,sleeping/lying down,False,"Oil painting of an English bulldog sleeping on a patterned rug in front of a roaring fireplace in an ornate, warmly lit living room with armchair, mantle clock, decorative vases and heavy curtains.","[ 6.85789883e-02  2.09671929e-02  1.77925944e-01  8.42937082e-02
  7.43798539e-02  4.36378092e-01 -1.00653492e-01 -6.36910051e-02
  8.90246313e-03 -2.69927233e-01 -2.94322103e-01  9.19303298e-02
  1.58960611e-01  2.73098379e-01 -6.14816733e-02  1.25442550e-01
 -1.27806619e-01  4.85183336e-02  1.57272831e-01 -1.73590407e-01
  2.36328356e-02  1.69961490e-02  1.80161163e-01 -6.63051754e-02
 -1.22692334e-02 -9.88368411e-03  1.68291017e-01 -1.84085950e-01
  2.02262729e-01 -5.62544577e-02  1.39481336e-01  1.85564477e-02
 -2.29394048e-01 -9.80394185e-02  8.49921405e-02 -2.75158584e-01
 -3.89565788e-02  2.47375965e-01  7.61039704e-02  3.54605347e-01
  2.03732058e-01 -1.70995146e-01 -1.39387578e-01 -2.37445071e-01
 -6.85488805e-02 -8.97797197e-02 -1.94001943e-01 -2.98701860e-02
  5.74281104e-02  1.54456415e-03 -3.11264098e-01 -6.12382889e-02
 -2.36705154e-01 -1.81963384e-01 -7.27203637e-02 -2.62123764e-01
  1.08206771e-01 -1.41524404e-01  6.18228838e-02 -3.46628726e-02
  5.35449460e-02  1.97282463e-01  7.90234953e-02  2.24970385e-01
 -9.57085714e-02  3.36259976e-02 -1.54745549e-01  7.67370686e-02
  1.61203817e-01  1.76991783e-02 -5.22176921e-02  5.63352928e-02
  5.55784479e-02 -1.51054785e-01 -1.97525978e-01 -1.01276718e-01
  5.35133556e-02 -1.38834521e-01  2.14236617e-01 -3.08612555e-01
  8.97868425e-02 -1.20964028e-01 -3.09664667e-01  1.26640141e-01
  1.16564199e-01  1.00638010e-01 -8.11554790e-02 -1.03863582e-01
 -1.21820375e-01  6.38490170e-02  1.28189266e-01 -1.36580706e-01
 -3.29304695e-01 -1.78104062e-02  2.37912416e-01  1.08324625e-02
  1.60403892e-01  1.11057840e-01 -1.37132317e-01  6.54102117e-02
 -1.75503343e-01 -7.88234249e-02  7.34698027e-02  2.06073653e-02
 -6.75444317e-04 -1.17922470e-01 -2.08206326e-01  1.04614757e-01
 -9.34103280e-02 -1.60754323e-01 -1.01456724e-01 -2.19032437e-01
 -4.47348040e-03  6.01538122e-02  8.85571390e-02 -5.45981042e-02
 -1.23606436e-03 -3.74581724e-01 -3.94570467e-04  2.19774321e-01
  2.44911030e-01  1.21146597e-01  2.10191049e-02 -3.20281945e-02
 -3.22759151e-02 -2.30145246e-01 -8.80944952e-02 -2.86264723e-33
  1.67885259e-01  1.68779045e-01 -1.86087683e-01  9.91563946e-02
  7.57813230e-02  1.57474428e-01 -1.06654570e-01  1.21320844e-01
 -1.58115596e-01  1.88321397e-01  2.78950185e-01  2.95697361e-01
 -7.13350177e-02  3.05409461e-01  2.51517352e-02  1.85462579e-01
  2.47546151e-01  1.94928735e-01  7.20013827e-02 -3.58797722e-02
 -1.78705722e-01  2.21769810e-01  1.85044989e-01 -2.09649563e-01
 -2.23671749e-01 -1.17201405e-02 -1.40277237e-01 -2.02533841e-01
 -2.37072662e-01  7.87162036e-02  2.68005244e-02 -5.97474799e-02
 -6.84363395e-02 -1.64811630e-02 -3.35413307e-01 -1.74033672e-01
 -1.84220523e-01 -3.25751275e-01  4.33640443e-02  6.27452731e-02
  2.65274756e-02  9.05972123e-02  1.90585151e-01  1.98906079e-01
  1.74027085e-02  1.49950594e-01 -4.73786667e-02  1.17839947e-01
  5.01808524e-02  8.29184055e-02  2.34872535e-01  4.40779142e-02
  1.85931269e-02 -2.46507481e-01 -7.23309815e-03 -1.00741073e-01
  6.31464943e-02 -7.42480904e-02  3.94225121e-02 -4.97874394e-02
  2.46879533e-02  1.08531401e-01  1.16037354e-01  6.87060207e-02
  1.82713017e-01 -4.99210775e-01 -1.52944893e-01 -1.38750467e-02
 -5.51847629e-02  7.32934326e-02  7.78395683e-02  3.01612467e-02
  2.10006863e-01 -2.88519442e-01 -5.90585187e-05 -3.38168368e-02
  1.99235916e-01  1.34706989e-01 -1.93491459e-01  9.51267108e-02
  1.12081289e-01 -5.79544827e-02 -1.80117995e-01 -1.63706213e-01
  3.59318592e-02  6.23113438e-02  3.53836194e-02  2.62425631e-01
 -2.16022298e-01  1.17782988e-01 -9.88346189e-02 -2.25157648e-01
  2.02659801e-01 -8.17014575e-02  1.35676846e-01 -7.45763004e-33
  5.37209818e-03  7.67539591e-02  1.56122597e-03  8.07762295e-02
 -3.60552892e-02 -5.96991703e-02  1.85818598e-02  1.76552936e-01
 -1.87721163e-01  2.15153009e-01  1.45218998e-01  7.83046037e-02
  1.72073856e-01 -1.57053381e-01  1.51432395e-01 -3.12741816e-01
  3.11697781e-01  1.41126271e-02 -2.61691865e-02 -1.12792157e-01
 -1.28439769e-01  1.34847492e-01 -1.35916740e-01  1.68109015e-01
 -1.53202459e-01  3.83799106e-01  3.18221338e-02 -1.04394175e-01
 -1.55967042e-01  4.46435437e-02 -8.63258019e-02 -1.22017480e-01
 -5.40207215e-02 -2.77377777e-02 -2.96036750e-02 -2.96864957e-02
  1.57391712e-01 -2.33739108e-01  3.37824933e-02 -6.18230700e-02
  2.20819950e-01 -1.09064162e-01  6.17571287e-02  6.48099408e-02
  2.37512544e-01 -4.77306284e-02 -1.02315113e-01 -1.81076363e-01
  3.28672588e-01  8.10699016e-02  1.36175351e-02 -1.66725174e-01
 -2.05776662e-01 -1.10631786e-01 -1.23387970e-01 -1.94107052e-02
 -2.44895220e-01 -6.55247793e-02  1.21023133e-01  2.55354106e-01
  3.61401141e-02  2.38611147e-01 -9.74462740e-03 -2.43267342e-01
 -4.13745403e-01 -4.18517776e-02 -1.79047734e-01 -1.73660040e-01
  2.47964114e-01 -3.91100310e-02  1.15601160e-01  3.23790461e-01
 -5.76128773e-02  2.18746036e-01  2.06707194e-01  1.63283199e-01
  4.42239106e-01 -1.35202885e-01 -3.20811979e-02 -8.44518840e-02
 -1.84661120e-01 -1.93355098e-01 -2.71936357e-01 -5.57834432e-02
  1.40411541e-01 -1.24845564e-01 -3.68021697e-01  2.32242420e-01
  2.29359820e-01 -2.82868862e-01  2.52376586e-01  2.21017435e-01
 -1.96124822e-01 -1.91397280e-01  9.37171429e-02 -9.95436054e-08
 -3.10177714e-01  1.12518538e-02  3.51426840e-01 -6.66025504e-02
 -5.13843819e-02 -2.48254985e-01  2.93122679e-01 -3.35841000e-01
  5.47168171e-03 -2.68715322e-02  1.88295379e-01 -1.32502303e-01
  1.12790227e-01  8.32798332e-02  1.05135307e-01  8.48343000e-02
 -1.22100726e-01 -5.49105927e-02  2.29406171e-02 -1.98406368e-01
  1.21481702e-01 -9.30013210e-02  3.39466110e-02 -6.14248449e-03
 -2.14633256e-01 -1.99013799e-01  3.78133804e-02 -1.00315988e-01
 -1.23463556e-01  1.43553689e-01  6.31649420e-02 -7.76752159e-02
 -8.71446654e-02  6.83039054e-02  1.29058287e-01 -3.98112684e-01
  6.90392703e-02 -2.29796335e-01 -1.90498158e-01 -1.89872794e-02
  1.71874538e-01  7.67055303e-02 -8.84217545e-02 -8.90226215e-02
  1.16845071e-01 -4.84947935e-02  1.93360567e-01 -1.00742698e-01
 -1.91339523e-01  1.78228021e-01 -1.88622147e-01 -8.74595493e-02
  9.38991434e-04  7.75664393e-03 -2.67960820e-02 -2.96312153e-01
  9.63816494e-02 -7.03419149e-02  2.52952158e-01  1.18027972e-02
  1.18285619e-01  1.72466904e-01 -8.49768743e-02  1.23481892e-01]"
095fd59683875989e43145c46c2ce571a9ab2c303fe9ad3babd80f907dbd3a53,dog_069.png,English Bulldog,cartoon / comic illustration,"bright retro kitchen with checkered floor, yellow refrigerator, red cabinets, and window","sitting on a stool and enthusiastically chewing a giant dripping bone, drooling with tongue out",True,"Happy cartoon English Bulldog in a colorful retro kitchen, sitting on a stool and gnawing a massive dripping bone, drool everywhere, with a 'YUM!' speech bubble.","[-1.44723468e-02 -2.44050711e-01  1.44103289e-01 -6.31752005e-03
 -2.78076977e-01 -4.89446782e-02  4.48671877e-01 -2.26776853e-01
 -6.68438673e-02 -2.79160619e-01 -9.61731654e-04 -1.30132169e-01
  1.25505939e-01  2.76590109e-01 -3.70077789e-02 -1.24197729e-01
  1.05709024e-01 -4.84214368e-04  8.69298261e-03 -2.20386311e-01
 -5.89884259e-02  2.17591524e-01  1.93162620e-01  1.10196419e-01
 -1.40603229e-01 -2.58884802e-02  1.69754103e-01  3.64214182e-03
  1.84855491e-01 -3.17246109e-01  1.01316124e-01 -1.07006632e-01
  2.95954585e-01 -7.64875934e-02  1.19755724e-02 -1.81628332e-01
  6.36126474e-02 -1.31075129e-01  1.05750427e-01  4.05194610e-03
 -3.59698497e-02  4.03987505e-02  9.80869308e-02 -1.49267286e-01
  1.23704448e-01 -7.12372586e-02 -1.99819461e-01 -2.06806008e-02
  1.67829767e-01  9.02794302e-02 -1.72742024e-01 -1.05906911e-01
  8.64044875e-02 -5.12091164e-03 -6.66818768e-02 -7.95147493e-02
  1.98156208e-01 -3.31280440e-01  6.21198751e-02  5.00956774e-02
 -9.59581062e-02  7.97409192e-02  1.96190670e-01  2.31533632e-01
 -3.53843756e-02 -1.59921795e-01 -5.27739897e-02  6.01959787e-02
 -9.33418795e-02  7.79790729e-02 -2.10741505e-01 -1.68615386e-01
  3.14429045e-01 -5.63084297e-02 -1.44463643e-01 -2.06848115e-01
  1.78443059e-01 -1.30602270e-01  1.79067224e-01  3.72083604e-01
  1.05422132e-01 -8.80815014e-02  7.11452961e-02 -1.22040197e-01
 -4.24609296e-02 -1.48547739e-01 -1.19325578e-01 -1.35812506e-01
 -1.69283047e-01 -1.62674814e-01 -1.94014385e-01 -1.16749309e-01
 -1.09035820e-02  5.52261733e-02 -5.45009226e-02  3.78176346e-02
 -1.36378556e-01 -1.58407271e-01 -1.95044596e-02  2.92560250e-01
 -1.48016423e-01  7.94550180e-02  3.55707496e-01 -6.87825978e-02
  1.40934065e-01 -1.00528792e-01 -2.26839438e-01  2.55655050e-01
  1.52462646e-01 -2.68571794e-01 -6.13999628e-02 -2.41768077e-01
  1.36823758e-01  7.60950521e-02  1.79651022e-01 -2.12261200e-01
 -1.65291518e-01 -2.37222224e-01 -1.26800701e-01  6.86146766e-02
  2.16277957e-01  1.74148455e-01 -2.05264941e-01  7.75494203e-02
  1.72072157e-01 -1.78548887e-01 -2.39793390e-01 -1.63430412e-33
  9.35823470e-02  1.00317024e-01 -1.26913652e-01  1.00693852e-01
  2.84155905e-01  1.12115018e-01 -6.95025595e-03 -4.30476852e-02
 -3.86412931e-03 -6.62227627e-03  2.06393212e-01  1.50432482e-01
 -2.77975053e-01  8.18366259e-02 -2.35055894e-01 -1.24670774e-01
 -9.82818604e-02  1.51224837e-01  6.37966469e-02 -4.38121893e-02
 -1.01298258e-01  7.44439587e-02  1.55698806e-01 -2.50791013e-02
  8.07960182e-02  1.66298896e-01  1.40525590e-04 -3.20535362e-01
  1.88566059e-01  1.05421357e-01 -3.39053608e-02  3.34266461e-02
  1.94739376e-03  1.07587591e-01 -2.42551640e-01 -3.22592676e-01
 -2.18950003e-01 -3.30490172e-01 -2.16126200e-02  3.18772972e-01
  9.78064090e-02 -1.34172082e-01 -8.31846818e-02  3.99297178e-01
 -2.41641074e-01  7.60194808e-02 -6.48263395e-02  1.92083016e-01
  7.91390613e-02  9.88813117e-02 -1.96748525e-02 -1.16374038e-01
  2.18298540e-01 -1.08177453e-01 -5.99419400e-02 -2.05070198e-01
  1.80119008e-01 -1.27344504e-01  1.63197398e-01  1.55896498e-02
 -1.22818694e-01  1.86112016e-01  7.82543123e-02 -3.19532454e-01
  1.90704331e-01 -3.44214648e-01 -2.73012817e-01 -5.39106093e-02
  1.46261482e-02  2.21979976e-01  2.62396246e-01 -6.84300214e-02
  1.14479139e-01 -2.57446229e-01 -6.09843917e-02 -1.59570396e-01
  6.75423071e-02 -1.13764163e-02 -1.15852810e-01 -1.71282329e-02
  2.92343348e-01 -1.66383356e-01 -2.27080300e-01 -9.17254388e-03
  1.84006318e-01  2.88443603e-02  1.17102183e-01 -1.50565147e-01
  1.10697113e-01  1.58345103e-01 -3.60995904e-02 -9.33485478e-02
  3.22251499e-01 -1.90308377e-01  1.51976809e-01 -4.88164437e-34
  4.92603779e-02  7.03164265e-02 -3.78369540e-01  3.61044019e-01
  6.46995306e-02 -1.09963663e-01 -6.80398718e-02  3.80935192e-01
 -1.41337007e-01 -1.85448781e-01 -5.18313907e-02  2.09734112e-01
  2.18495876e-01 -1.13634564e-01  9.08345655e-02  2.62070537e-01
  4.42099154e-01  6.91708922e-02 -8.40498880e-02  1.26367122e-01
  5.02283871e-02  5.23505956e-02 -3.27671431e-02  3.09703439e-01
  2.72413623e-02  3.06623846e-01  5.40316477e-02 -1.23402879e-01
  7.13901669e-02  3.20403948e-02 -2.94705123e-01  4.94011529e-02
  4.15694378e-02 -1.05000921e-01 -6.76601660e-03  1.18084960e-01
 -7.14629665e-02 -2.72549540e-01 -1.78133026e-01  4.01868671e-03
  1.28238291e-01 -2.51968801e-02 -8.37601256e-03  2.67468244e-01
  7.19937757e-02  1.83483168e-01 -2.16890991e-01 -8.67607445e-02
  1.03718780e-01  1.02064915e-01 -1.29654467e-01  1.60040483e-02
  6.19784631e-02 -4.47007008e-02 -2.29245141e-01  8.61098841e-02
 -1.17906757e-01 -1.07778929e-01 -8.35972130e-02 -5.27284518e-02
 -3.14330041e-01  4.01800545e-03  4.34663482e-02 -1.46598503e-01
 -1.39841214e-01 -1.82163164e-01 -3.14711221e-02 -1.74282268e-01
 -6.41550571e-02 -1.70164381e-03  1.00065723e-01  1.34961396e-01
 -3.55322435e-02 -1.48089424e-01 -1.74843725e-02  3.43547344e-01
  1.68424129e-01 -1.99665323e-01 -1.21396566e-02 -4.06496786e-02
 -2.23532185e-01  2.25569561e-01  3.34593132e-02  8.79352242e-02
  9.53639373e-02 -1.34057552e-01 -3.56767982e-01  3.03684324e-01
  1.19112343e-01  9.51911584e-02  2.27187663e-01  2.42978215e-01
 -2.91195530e-02  3.39455195e-02  3.48809272e-01 -9.83950983e-08
 -2.74647772e-01 -2.10244477e-01 -1.35705248e-01 -1.69494256e-01
  3.85724097e-01 -8.69515017e-02  4.61237617e-02 -2.36126214e-01
 -2.54609040e-03 -2.09910832e-02  7.92592242e-02  9.63154361e-02
 -7.78303891e-02  1.10059373e-01  1.89364642e-01  2.98028201e-01
  6.34098146e-03  2.00183034e-01 -1.75453965e-02  6.62115887e-02
  1.38663977e-01  1.77770779e-02  2.53156692e-01  2.09404677e-01
 -3.58881891e-01  4.70595695e-02  2.13654060e-02 -5.94800934e-02
 -2.82259017e-01  8.89875740e-02  9.09247771e-02  1.91263720e-01
 -3.92375052e-01  4.62723933e-02 -4.09622043e-02 -1.75921887e-01
  1.58042848e-01 -1.89017370e-01 -7.93001652e-02 -1.62211910e-01
  3.63028832e-02 -1.21454827e-01 -1.00785613e-01 -3.36620323e-02
 -2.79282242e-01  5.28091341e-02 -1.14691004e-01 -2.48878092e-01
  1.01883270e-01  9.14814249e-02 -1.67317837e-01  4.43805903e-02
  1.38475955e-03  7.34738111e-02  4.90691587e-02 -6.65776208e-02
  1.04757629e-01 -1.68311536e-01  8.01958144e-03  3.43289912e-01
  1.69607803e-01  2.29339033e-01  2.33509898e-01 -1.96744040e-01]"
c386e6abe0464c33c819d55639eb611ca861b4cc0f510197b514679910df6410,dog_070.png,English Bulldog,photograph,cozy living room with decorated Christmas tree and lit fireplace,sleeping on a shag rug,True,"An English Bulldog asleep on a cream shag rug in front of a lit fireplace, next to a decorated Christmas tree with wrapped presents; a 'Merry Christmas' banner (showing 2026) and stockings hang on the mantle.","[ 1.08353898e-01  1.32060677e-01  1.84816986e-01  1.10056706e-01
 -4.18496840e-02  2.61338204e-01  7.96968862e-02 -1.19161867e-01
  3.93989682e-02  2.51379553e-02 -9.70019251e-02  2.67032487e-03
  5.81087470e-02  2.65845001e-01 -8.88578966e-02  4.60797921e-02
 -3.71508420e-01 -1.89042985e-02  1.58159763e-01 -9.85798836e-02
  1.39384612e-01  1.31367356e-01  1.29145071e-01  1.17590591e-01
 -2.44265571e-02 -1.31827965e-01 -1.02814421e-01 -1.29979610e-01
  4.41644788e-02 -1.55726112e-02 -6.73670843e-02 -4.17519435e-02
 -2.19333544e-01 -8.18008482e-02  2.68584285e-02 -1.39221966e-01
  2.28366673e-01  1.64996132e-01  7.82920271e-02  2.78632820e-01
  1.84235498e-01 -1.36772886e-01 -7.16804340e-02 -1.46899149e-01
 -1.03838861e-01  1.22166593e-02 -2.74405450e-01 -1.20745236e-02
  3.49547490e-02  1.03641070e-01 -1.14426047e-01 -5.86599745e-02
 -5.44148237e-02  1.07178660e-02 -1.20169140e-01 -6.85377195e-02
  1.26323298e-01 -1.85773477e-01 -3.05140298e-02 -1.67773478e-02
  6.45201886e-03  2.14711636e-01  9.35233831e-02  1.33895606e-01
  9.23818946e-02 -6.59593493e-02 -2.05941767e-01  6.45955876e-02
  1.19971065e-02  8.84388685e-02 -1.31945491e-01 -6.10843562e-02
  2.66028672e-01 -1.55983552e-01 -2.44992420e-01 -1.61243781e-01
  1.92337871e-01 -7.63087813e-03  8.45090598e-02 -1.13072336e-01
 -7.11007193e-02 -2.68983513e-01 -1.05943926e-01  1.20880912e-04
 -1.40530393e-02 -2.89961006e-02  3.13866921e-02  1.02089211e-01
 -1.07105508e-01  1.50551021e-01 -3.92061844e-02 -1.76845878e-01
 -7.62474015e-02  1.77920729e-01 -1.11893326e-01 -3.41218337e-02
  1.54181495e-01 -4.36057523e-02 -1.80864006e-01  2.21621126e-01
 -8.13822821e-03  2.08707079e-01  2.29863167e-01  9.40911546e-02
 -6.34564236e-02 -3.89009900e-02 -3.68813425e-01  1.46026164e-01
  6.99539483e-02 -3.09950083e-01 -3.05760801e-02 -2.13932887e-01
 -9.67700928e-02  9.06375721e-02 -2.73009483e-02  9.88361388e-02
 -7.61726275e-02 -1.25193089e-01  1.61992192e-01 -4.65695187e-02
  4.15562540e-01  2.84027994e-01  6.34399652e-02  5.14983200e-02
  5.54332845e-02 -5.42102791e-02 -1.08764172e-01 -1.15430717e-33
  2.05029055e-01  1.05665423e-01 -1.62637725e-01  8.73879567e-02
  5.67708537e-02  4.21714224e-02  4.76653837e-02  1.95858940e-01
 -1.13309979e-01  1.37231976e-01  2.12825775e-01  3.16897571e-01
 -5.62651269e-02  2.19090446e-03  4.26397920e-02 -7.81345442e-02
  1.17162339e-01 -1.17748622e-02  8.90504941e-02  2.71185543e-02
 -5.50827123e-02  1.35941014e-01  3.34523559e-01 -1.37223955e-02
 -3.36782336e-02  5.55067323e-02 -5.86029217e-02 -1.12376459e-01
 -2.71104902e-01  8.63290355e-02  7.54045993e-02  1.11447193e-01
  1.13039948e-01 -3.56618799e-02 -2.12867573e-01 -1.76186547e-01
 -1.63756475e-01 -2.67872959e-01  8.27683508e-03  2.26938911e-03
  2.40965009e-01 -7.90818185e-02  9.46191102e-02  2.28332415e-01
 -1.55782744e-01 -3.67979286e-03  1.19458726e-02  2.71782875e-02
  5.48950247e-02  1.96212322e-01  1.91811293e-01 -5.81044843e-03
 -6.04191497e-02 -2.83994466e-01  8.79012644e-02 -1.45649731e-01
  3.96342389e-02  4.62564500e-03  3.06555331e-02 -1.26244277e-01
  1.84882790e-01 -1.84414148e-01  2.14899749e-01 -2.56860942e-01
  3.73884290e-02 -4.08496618e-01 -5.73621169e-02 -8.23009312e-02
 -2.28160530e-01  2.51554977e-02  1.78393275e-02  8.18711072e-02
  1.83676571e-01 -2.35281333e-01 -1.69920027e-02 -1.26200505e-02
 -9.31525137e-03  5.80498464e-02 -1.31195155e-03 -1.77126303e-02
  1.54573500e-01 -9.69901588e-03 -2.38657549e-01 -9.28480476e-02
  1.77437678e-01 -7.55499750e-02  7.83647746e-02  1.28427982e-01
 -1.82206303e-01  1.01595178e-01 -1.83298334e-01 -5.81199303e-03
  2.28861824e-01 -1.03740290e-01  1.49782062e-01 -5.64489101e-33
  1.06675990e-01 -1.84043273e-01 -2.05973774e-01  8.38129222e-02
 -1.76759541e-01 -6.55217394e-02 -1.22458093e-01  1.87842429e-01
 -1.41771838e-01  1.77700937e-01  7.14351237e-02  1.61252767e-01
  7.14932531e-02  5.94860204e-02  1.17317140e-01 -2.81583697e-01
  4.89712298e-01  1.76975831e-01 -4.55030575e-02 -5.36498353e-02
 -5.42032309e-02  2.69042373e-01 -1.66378587e-01  1.62449971e-01
 -7.28561431e-02  2.23642588e-01  7.85812512e-02 -1.80849597e-01
 -1.87896967e-01 -2.83749729e-01 -1.72349915e-01 -7.00461790e-02
  8.60826448e-02 -6.70742244e-02 -4.90853377e-03  3.74235064e-02
 -9.41651408e-03 -1.90662175e-01 -1.53285759e-02 -7.36884633e-03
  2.77922273e-01  1.01699792e-01 -2.37959139e-02  1.56333491e-01
  1.86848909e-01  8.94756801e-03 -1.94481924e-01  5.88870561e-03
  2.86138982e-01  3.12513232e-01  6.00254396e-03 -1.36666045e-01
 -1.07052498e-01 -1.59666464e-01 -3.16239983e-01  4.67839241e-02
 -4.81163174e-01 -7.88941607e-02  6.16472587e-02 -5.96464835e-02
  4.80816104e-02  1.17400721e-01  4.83004600e-02 -3.23167890e-01
 -1.99346036e-01 -9.51974541e-02 -1.88626751e-01 -7.44079947e-02
  1.61889404e-01  9.92479399e-02  2.41818309e-01  1.24940321e-01
 -2.15408370e-01 -3.01600136e-02  9.93376374e-02  2.09734023e-01
  3.45087141e-01 -2.15084702e-01 -3.22480090e-02 -2.24632487e-01
 -4.35207747e-02  3.29732224e-02 -1.73333228e-01 -3.47616337e-02
  1.21763818e-01 -1.82145461e-01 -1.29550323e-01  3.42416108e-01
 -6.31462634e-02 -2.11130410e-01  1.78803176e-01  3.17961097e-01
 -1.44414276e-01 -5.89389689e-02  2.11551428e-01 -9.94676128e-08
 -1.31994396e-01 -7.52407545e-03 -1.73085153e-01 -8.87358263e-02
  5.27629256e-02 -1.29219204e-01  1.44628510e-01 -4.45232183e-01
 -7.93466642e-02 -6.74936846e-02  1.71597913e-01 -3.64301875e-02
  1.18283935e-01 -2.03996524e-02 -8.42244457e-03  2.09330574e-01
 -2.47390524e-01  8.59979466e-02 -4.75540459e-02 -4.93289307e-02
 -4.72531430e-02 -2.05705315e-02  9.89570841e-02  1.76760897e-01
 -1.71402648e-01 -1.42590642e-01  5.14324643e-02 -7.60218203e-02
 -8.43395442e-02  4.35837545e-02  1.54274762e-01 -5.23733571e-02
 -7.78825134e-02 -6.24608621e-03  1.05555572e-01 -1.91347748e-01
  3.97797152e-02 -1.99227631e-01  1.25933528e-01 -1.95982642e-02
  2.50838757e-01 -2.05275431e-01 -1.87358275e-01  3.01136039e-02
 -1.40606895e-01 -1.82818919e-01  1.06385555e-02 -1.23960689e-01
 -8.86863545e-02  9.67669711e-02 -2.70597488e-01 -7.09107816e-02
 -1.08614191e-01  3.68767306e-02 -7.49391615e-02 -1.67323947e-01
  2.35649630e-01 -1.43257663e-01  1.85489699e-01  1.39063537e-01
  2.46792644e-01 -1.65445536e-01  2.73921993e-02  6.89266399e-02]"
c4a9ec9fce52a4600c858520d0a2654e9659226eb0411a69677ee7f575bf34f7,dog_071.png,Shiba Inu,photograph,"Japanese zen garden with stone lantern, raked gravel, moss, pond with lilies",standing on stepping stones / posing,False,"Red Shiba Inu standing on stone stepping path in a Japanese zen garden; raked gravel patterns, moss, rock lantern, pond with water lilies and autumn foliage in background.","[-1.95649281e-01 -7.96681829e-03 -2.47831196e-01  1.33272156e-01
 -1.47845194e-01  1.31437138e-01  1.37810186e-01 -1.59943089e-01
 -1.12500139e-01  7.24574253e-02  1.29001141e-01 -3.00181538e-01
 -2.77053122e-03  1.04340002e-01  9.38981995e-02  2.26159453e-01
 -2.80059520e-02  1.39513865e-01 -1.37852162e-01 -7.48083815e-02
 -1.86980441e-01 -1.05181210e-01  7.27312639e-02  4.72634956e-02
 -2.50849009e-01 -1.14426993e-01 -8.19498003e-02  2.38370791e-01
  1.35738179e-01 -3.58316481e-01  1.69646367e-01  5.11841476e-01
 -5.25950305e-02 -1.34656429e-01  9.65583920e-02  1.19515322e-01
 -3.89464311e-02 -2.33270720e-01  1.21548265e-01 -3.21298502e-02
 -5.23565523e-02  7.48330802e-02  1.59956977e-01 -2.38984808e-01
 -2.44457759e-02 -5.05065061e-02  6.26857504e-02 -5.94133884e-02
  9.97008756e-02 -5.33436954e-01 -2.18992278e-01 -1.28633901e-01
 -2.32956737e-01  3.83538097e-01  1.36461696e-02 -8.08134601e-02
  2.46720407e-02 -1.99265063e-01  4.24611894e-03 -1.59611300e-01
  1.10255145e-01  1.94770232e-01 -1.65681571e-01  1.44937132e-02
 -2.84519911e-01 -1.16091512e-01 -2.36381561e-01  1.03468029e-02
  1.72597915e-01 -6.60720095e-02  2.04411805e-01  4.45074104e-02
  2.06291541e-01  1.49706192e-02 -3.06545675e-01 -5.00608198e-02
  7.53258094e-02  2.11246684e-01 -1.18502818e-01 -2.76205778e-01
 -1.50263712e-01  1.26515910e-01  3.49561930e-01  2.33966276e-01
  2.79589623e-01  7.11938739e-02  1.29126742e-01  5.81958853e-02
  4.84072492e-02  1.43338125e-02 -3.14410706e-03  1.13313258e-01
 -9.70281139e-02  1.00751147e-01 -1.76327333e-01 -3.85903977e-02
  1.78623363e-01 -2.72670686e-01 -1.82724539e-02  8.21202099e-02
  2.42982715e-01 -3.99205945e-02  7.67662525e-02 -1.00667328e-01
  5.42239211e-02 -1.94429204e-01 -1.13593906e-01  1.09736575e-02
  1.77419066e-01  2.33627126e-01  5.31958081e-02 -5.02591848e-01
 -1.71688437e-01  1.34203359e-01 -2.53807932e-01 -1.01064466e-01
  1.88104331e-01 -1.05549715e-01 -2.20969379e-01  3.46123338e-01
  4.04956900e-02  5.43179624e-02  1.22552492e-01  1.38347030e-01
 -1.06063768e-01  3.16995308e-02 -4.18016762e-01  6.79192995e-33
  1.60416588e-01  7.08535314e-02  1.27348145e-02 -8.02240446e-02
  2.91773707e-01 -1.87916860e-01 -1.38972566e-01 -1.28298923e-01
 -1.95963249e-01 -1.60706446e-01 -2.44731352e-01  2.30822057e-01
 -2.40463480e-01 -8.40527639e-02 -7.32781813e-02 -3.20836723e-01
 -1.78896055e-01 -1.72703519e-01 -5.37445433e-02  6.07669540e-02
 -1.95289642e-01 -8.11286122e-02 -1.43061057e-01 -2.12135285e-01
  1.01939514e-01  1.76553950e-01 -3.18155438e-02 -3.18938076e-01
 -2.38766968e-01  1.32271364e-01  4.54965889e-01 -2.27725029e-01
 -2.84639746e-01  1.24581352e-01 -1.45270571e-01  3.30142374e-03
  2.36089259e-01 -7.72293359e-02 -1.65556036e-02  7.10309446e-02
  2.90041208e-01 -7.46440217e-02  1.14910729e-01  2.10998908e-01
 -2.24420503e-02  1.27990777e-02  1.29107788e-01 -8.52662846e-02
  1.23455271e-01  1.33519724e-01 -2.44358361e-01 -7.46878842e-03
  1.72503620e-01 -1.51052058e-01 -1.91004559e-01 -1.96851209e-01
  9.20032859e-02  3.30566056e-02  4.08598222e-03  1.80819631e-01
 -6.39911890e-02  8.53463188e-02 -2.80798942e-01  7.03607574e-02
 -5.60198575e-02 -3.26582998e-01 -1.56410515e-01  3.21914434e-01
 -1.09332085e-01  5.09029776e-02 -1.89665198e-01 -1.19689815e-01
  3.04241449e-01  5.52214682e-02 -6.86298385e-02 -1.23612806e-01
  1.39918393e-02 -1.97977662e-01 -9.10666808e-02  1.32300928e-01
 -2.75458787e-02  1.53905436e-01 -1.19003676e-01  8.73095123e-04
 -6.23719953e-02  1.66250408e-01  2.16101021e-01  4.37270366e-02
 -1.92757189e-01 -6.74850345e-02  8.12745765e-02  1.67013153e-01
  2.15958998e-01 -2.81340152e-01  3.24303992e-02 -1.18651072e-32
 -1.03988655e-01  1.45881563e-01 -7.27038607e-02  1.59745738e-01
  2.71282494e-01  1.60554964e-02 -3.87349688e-02  1.80361778e-01
  2.27461532e-01 -1.86186396e-02 -5.09697087e-02  1.41188040e-01
  2.35799164e-01  1.11051708e-01  1.05768740e-01 -1.39069661e-01
  9.93427914e-03  1.04472339e-01 -2.71989452e-03  3.29976380e-02
 -3.60307842e-01 -6.86915666e-02 -2.37611622e-01 -4.68701683e-02
 -3.75649571e-01  4.34585124e-01  2.16779590e-01 -2.31919438e-01
 -2.92588800e-01  1.00782514e-01  1.11666821e-01 -3.42680275e-01
 -3.09371501e-01 -1.06451437e-01 -8.22381005e-02 -1.60135165e-01
 -1.19601578e-01 -4.58996922e-01 -1.64515927e-01  7.71832988e-02
  4.64129239e-01 -2.13389516e-01  3.49833429e-01  2.91892290e-01
 -1.59500733e-01 -1.51723757e-01 -1.55544639e-01  5.19184053e-01
 -1.34014353e-01  1.10796504e-02  7.24815577e-02 -2.54885312e-02
  3.19311135e-02  1.32345557e-01 -2.19607223e-02 -8.68398026e-02
 -7.61444569e-02  2.45578513e-01 -4.96253014e-01  3.11339378e-01
 -4.93585579e-02  1.01990797e-01 -4.19297675e-03  2.37031683e-01
 -7.69532621e-02  2.55604744e-01  1.92193046e-01  1.01585731e-01
 -1.11392520e-01  4.73741442e-02 -1.21042065e-01  6.42942563e-02
 -1.02531888e-01 -1.68934256e-01  6.98127598e-02  1.51753590e-01
  5.81324361e-02 -5.62828854e-02  2.31964394e-01 -2.92101651e-02
  5.95069304e-02  6.52444810e-02 -1.73720658e-01 -1.77295934e-02
  2.56103009e-01 -1.10758983e-01 -3.57934922e-01  1.56978011e-01
  2.66750336e-01 -2.09071681e-01  2.81121045e-01  2.73537904e-01
 -8.00077319e-02 -1.38386972e-02 -6.93499446e-02 -9.90033229e-08
  8.97040963e-02 -1.61070123e-01 -2.83362735e-02  1.02956519e-01
  1.54657900e-01 -2.15393767e-01  3.00919652e-01 -1.00406028e-01
 -3.72051634e-02  3.82579230e-02  2.19809577e-01  2.04279348e-01
  9.76184830e-02  1.79630160e-01  1.70135513e-01  9.11104456e-02
  7.39225745e-02  1.69312835e-01  2.93167420e-02  6.23855963e-02
 -7.66420141e-02  7.33753219e-02  1.48229674e-01 -1.77808166e-01
 -2.51534134e-01  1.39709776e-02 -2.72149086e-01 -1.84880257e-01
  5.64324856e-02  4.73703705e-02  2.44949386e-01  1.30846143e-01
 -8.75490233e-02  1.91942915e-01  6.42329380e-02 -1.28822684e-01
  1.58237487e-01  5.41218780e-02 -7.70151988e-02 -1.33439228e-01
  2.17611909e-01 -1.29705712e-01  5.18577499e-03 -5.32240123e-02
 -2.45052218e-01  3.26549172e-01 -1.32188931e-01 -1.00197613e-01
 -3.76393343e-03  1.79769043e-02 -3.27350646e-01  1.29850104e-01
  3.89942020e-01 -2.69658659e-02 -2.06542075e-01  1.66111782e-01
  7.49318451e-02 -1.73448235e-01  1.40852600e-01  2.43376300e-01
 -1.09577730e-01 -9.58493948e-02 -3.04782867e-01  3.11736584e-01]"
7deb9fc8c070fef1cca21d39f1d8f61c5beb80ae6557fb20a5f0d83dece826e4,dog_072.png,Shiba Inu,photograph,park with cherry blossom trees (spring),running toward camera with a red ball in its mouth,False,"A Shiba Inu runs across a grassy park during cherry blossom season, carrying a red ball in its mouth while petals fall around it.","[ 9.44704339e-02 -1.38202339e-01 -1.03653260e-01  5.15259542e-02
 -1.47694886e-01  1.14791468e-01  4.02797721e-02 -5.65343536e-02
 -5.92665635e-02 -3.45123634e-02  1.08213000e-01 -2.51254499e-01
 -9.22729895e-02 -5.44674546e-02  2.99972743e-01  1.79485261e-01
  1.78215876e-01  1.97272673e-02 -9.23720375e-02 -4.97858748e-02
  3.73448953e-02 -1.94347084e-01 -6.10396452e-02  9.11555961e-02
 -6.26449943e-01  6.90594018e-02 -1.72012746e-02  8.34300518e-02
 -2.15141773e-01 -3.58103007e-01  2.51012474e-01  2.59087771e-01
  2.10441034e-02  4.96395491e-02 -1.99606270e-01  1.41578689e-01
 -6.03398085e-02 -4.42433268e-01  3.67704600e-01  4.15748917e-02
  1.39478371e-01  1.49074495e-01  1.42322287e-01  4.13517952e-02
 -3.49205844e-02  1.22111328e-01 -1.17664821e-01  1.06251746e-01
  1.98146835e-01 -6.11075461e-01 -1.37023374e-01 -1.41710013e-01
  2.13728547e-02  1.41438335e-01  2.58059544e-03  2.71992758e-02
  4.31527682e-02 -1.70940936e-01  3.17554139e-02  6.42314181e-02
  2.17593521e-01  1.31880626e-01  9.89496261e-02 -1.28770322e-01
 -2.65347093e-01 -5.30532181e-01 -3.61628979e-01  1.00587465e-01
  5.76343527e-03 -1.28972560e-01  1.75404966e-01  1.87987238e-01
 -2.63923079e-01  3.38097252e-02 -2.59118885e-01  4.24301289e-02
  1.37388423e-01  1.27183557e-01  6.14307262e-03 -1.55899808e-01
 -1.77926794e-01 -1.10145845e-01  3.85532388e-03  1.49290398e-01
  2.77858675e-01 -9.70079899e-02  2.69125640e-01  1.01262473e-01
  2.28001475e-02  4.50539179e-02 -1.17764153e-01 -4.73105125e-02
 -6.41168281e-02 -1.17445521e-01 -8.93462375e-02  3.71786114e-03
 -7.88807198e-02 -3.54339272e-01  5.39001543e-03  7.22832531e-02
 -7.91039504e-03  5.33672422e-02  1.21674940e-01 -5.07848859e-02
 -2.29747407e-02 -1.20650627e-01 -2.25843817e-01  4.53637019e-02
  3.31081390e-01  1.47884980e-01  5.08662052e-02 -3.89457434e-01
 -1.90247651e-02  1.91808075e-01 -4.32431906e-01 -1.67388126e-01
 -1.59453839e-01 -5.77423722e-02 -1.04471721e-01  3.48413408e-01
 -5.38570657e-02  6.52166829e-02  6.07439503e-02  3.19750190e-01
 -1.48849696e-01 -3.13788131e-02 -1.60188675e-01 -4.04034343e-33
 -2.40055755e-01 -8.52584913e-02 -2.03138068e-02 -2.23704562e-01
  2.72368826e-02 -1.92107499e-01 -9.08282697e-02 -7.04048350e-02
 -2.53520608e-01 -2.06484079e-01 -2.02290401e-01  1.64738044e-01
 -5.84692545e-02 -2.09316351e-02  8.13758820e-02 -2.72024035e-01
 -2.45896205e-01  3.72582898e-02  2.12406933e-01  2.57723987e-01
 -1.62799522e-01 -1.29989177e-01 -6.71237335e-02 -2.71041006e-01
 -6.20827936e-02  1.98887840e-01 -1.06931038e-01 -2.50666440e-01
  9.82985124e-02  1.48204342e-01  3.65556657e-01 -3.73542815e-01
 -3.20438564e-01  2.25794286e-01 -5.47546558e-02 -1.43248782e-01
  2.94334859e-01 -1.36838362e-01 -6.23033755e-02  5.46101294e-02
  1.41850621e-01 -1.11497864e-01  6.00699186e-02  3.51280659e-01
 -2.20912009e-01  1.48489773e-02  7.03952983e-02  2.95454282e-02
  1.58029661e-01  2.92129591e-02  3.19613963e-02 -9.31266099e-02
  3.46087575e-01 -1.57903105e-01 -9.21481475e-02 -1.74334422e-01
  1.45743685e-02  1.20874994e-01  1.80370942e-01 -1.87109713e-03
  3.44789118e-01  7.02591166e-02 -3.98934633e-01 -1.24436088e-01
  5.35048638e-03 -1.22484006e-01  2.79424656e-02  2.30282694e-01
 -3.54018994e-02  1.28703013e-01  5.60148396e-02 -1.08216904e-01
  3.52180563e-02 -4.33602445e-02 -5.29274940e-02  1.97401866e-02
  4.07259166e-01  1.95237249e-01  1.73667327e-01 -3.53664383e-02
  6.51634531e-03 -4.94817719e-02  9.79753807e-02 -6.19562007e-02
 -1.95388660e-01  1.60219893e-01  8.28011855e-02 -1.10436836e-02
 -4.14565027e-01 -1.39109064e-02  2.29021892e-01  6.85393959e-02
 -9.03186761e-03  5.13400473e-02  1.83009624e-01 -4.96300768e-33
 -5.82114831e-02  2.00264618e-01 -6.75548688e-02  6.89441338e-02
  2.88587004e-01  2.91353732e-01 -1.11606881e-01  5.15213795e-02
 -1.87764332e-01 -2.37257645e-01 -1.73020527e-01 -7.36854970e-02
  1.37553468e-01  7.48115107e-02 -2.22310144e-02  1.44181382e-02
  2.60197669e-01  2.34680891e-01 -3.78148407e-01 -4.94858176e-02
 -3.78171951e-01  2.71557987e-01 -1.66717339e-02 -5.91686703e-02
 -3.13102394e-01  4.06274617e-01  1.54035866e-01 -1.78596810e-01
 -3.88928086e-01  1.37703478e-01  2.15684071e-01 -1.25330225e-01
 -3.15296233e-01 -1.50769874e-01 -2.66497642e-01 -3.69813070e-02
 -1.05904646e-01 -4.68521059e-01  9.79346409e-02  1.34648040e-01
  3.60215992e-01  7.72122145e-02  3.24930370e-01  4.61225510e-01
 -2.40765475e-02 -5.43410890e-02 -2.30867997e-01  4.36684430e-01
  4.66080569e-02  3.29638541e-01 -8.22783485e-02 -6.79522455e-02
 -3.81088890e-02 -1.48012731e-02 -6.45123497e-02 -5.56289777e-02
  9.46511254e-02  4.25320305e-02 -3.79986316e-01 -3.29581462e-02
 -2.02264175e-01 -1.54029876e-01  1.04164995e-01  1.93348870e-01
 -3.39554727e-01  2.55405396e-01  5.78420646e-02 -5.09540811e-02
 -5.47461510e-02 -2.33893357e-02 -2.43060827e-01  2.54530728e-01
 -3.02650541e-01 -1.10784099e-01 -1.79433241e-01  3.65570724e-01
  3.27720605e-02 -9.46855843e-02  9.42526013e-02  1.57071352e-01
 -1.90375224e-01  8.72341171e-02 -1.60583720e-01 -1.46397993e-01
  3.80746067e-01 -1.85707867e-01 -4.96694833e-01  1.20449163e-01
  1.68134049e-01  8.25243741e-02  1.35649770e-01  2.43445739e-01
  2.36399263e-01 -8.42863545e-02 -6.88209385e-02 -9.79959438e-08
  1.17597491e-01 -1.04808412e-01  2.67034750e-02  7.11380467e-02
  3.11493933e-01  1.31120816e-01 -1.96788132e-01 -2.07348883e-01
  1.39184490e-01 -8.86759460e-02  2.09706932e-01  1.21957906e-01
 -3.13341133e-02  1.84419364e-01  1.46870106e-01  1.16735056e-01
  3.38875890e-01  1.77789226e-01  1.25417128e-01  7.38504007e-02
 -2.01125339e-01  2.33021211e-02  1.82491362e-01 -1.46294609e-01
  2.47977185e-03 -5.08689731e-02 -2.75072098e-01 -1.10221818e-01
  8.13556463e-02  1.83854694e-03  3.16498429e-01  2.11977735e-01
 -2.49775216e-01  1.63537651e-01 -9.91958939e-03 -2.41853613e-02
  2.25655332e-01  2.54950225e-01 -2.93350145e-02  2.23217998e-02
  9.07781273e-02  1.29856169e-01 -3.03485423e-01  6.46493025e-03
 -1.43010452e-01  3.69300187e-01  2.91711967e-02 -1.36409298e-01
 -1.40434071e-01  4.54503037e-02 -3.14598709e-01  9.60647240e-02
  1.68328762e-01  7.12950900e-02 -2.48105228e-01  1.74434394e-01
 -1.18742421e-01 -2.24228531e-01  9.00496021e-02  8.23618248e-02
 -1.60535872e-01  3.55803221e-02 -6.93297088e-02  3.51394475e-01]"
6199440829762897be31139940e82a5a75e4c86b03db86f7426192b06590a5c0,dog_073.png,Shiba Inu,photograph,urban sidewalk / downtown street with storefronts,sitting and facing the camera (posed),True,"A Shiba Inu sits on a city sidewalk facing the camera next to a folded newspaper headlined 'Election Results'; blurred pedestrians, lamppost, parked cars and storefronts line the street in soft evening light.","[-8.49300474e-02 -3.68511006e-02 -6.33639842e-02  8.05288479e-02
 -3.59734595e-02  6.58890456e-02 -5.07502956e-03  1.32162208e-02
 -1.29048839e-01  6.02267869e-02  2.87995279e-01 -2.09824033e-02
  2.62048449e-02  8.28771144e-02 -4.10466362e-03  1.53775200e-01
  1.74990609e-01 -4.65251990e-02 -6.09399984e-03  1.40558988e-01
 -8.67980123e-02 -3.06325138e-01 -1.10430881e-01 -4.14871201e-02
 -1.41265139e-01 -4.23164889e-02  1.36437938e-01  2.14947276e-02
  4.00578417e-02 -2.81360596e-01  2.75892884e-01  1.89761385e-01
  2.64089592e-02 -6.32182416e-03  1.56519428e-01 -1.24957696e-01
  1.35882452e-01 -2.74815559e-01  2.30016813e-01 -9.44543406e-02
  2.42839754e-01  5.28832115e-02  2.44832554e-05 -2.45424792e-01
  5.03748804e-02 -1.56876653e-01  1.99983373e-01  1.14470884e-01
  1.64235666e-01 -5.52395940e-01 -3.16810310e-01 -3.55595094e-03
  3.48439291e-02  7.90637806e-02 -1.08272627e-01 -1.67421758e-01
 -1.68518797e-01 -1.78031400e-01  7.59396181e-02  3.69848721e-02
  1.27323821e-01  1.77776337e-01 -2.05532033e-02  7.73825571e-02
 -6.48277104e-02 -3.01806312e-02 -2.96870500e-01 -1.16555408e-01
 -1.33969843e-01 -1.38418879e-02  7.37127736e-02  6.27774969e-02
  2.37028867e-01 -7.22008497e-02 -1.90404296e-01 -3.36944252e-01
  1.38805583e-01  2.97964234e-02  9.14447755e-02 -7.32132420e-02
  1.75177138e-02 -2.58078456e-01 -2.68820804e-02  1.47896752e-01
  1.85160264e-01 -1.60236537e-01  1.75030604e-01  4.51566949e-02
 -1.48531392e-01  1.26430783e-02 -1.94384828e-01 -9.03035793e-03
 -1.70940310e-01 -7.86212757e-02 -2.42304742e-01 -2.09005639e-01
  1.21108726e-01 -3.27356644e-02  6.21066801e-02  3.22548687e-01
 -6.46243021e-02  1.10894866e-01 -6.32459437e-03 -1.42417744e-01
  6.15579374e-02 -1.46818176e-01 -6.69247881e-02  1.15786977e-01
  7.67248422e-02  2.32325703e-01  7.32865557e-03 -2.33092219e-01
 -2.38251120e-01  1.08242087e-01 -1.29397243e-01 -2.03671739e-01
  9.84198526e-02 -1.02225721e-01 -8.95604119e-02  1.33124784e-01
 -1.14034750e-02  2.53141834e-03 -4.92554493e-02  2.25154981e-01
  1.61589473e-01  2.53340937e-02 -8.72650370e-02 -2.27066662e-34
  7.91952685e-02  9.48152468e-02 -5.19893207e-02 -1.02715857e-01
  1.74146026e-01  1.92649774e-02 -1.67489961e-01  1.52036287e-02
 -2.85867333e-01 -1.42458871e-01 -1.31110519e-01  3.38713489e-02
  2.67731342e-02  1.16391994e-01  1.55170321e-01 -2.23121226e-01
 -1.62500873e-01  1.46731343e-02 -1.23217933e-01  1.15331538e-01
 -1.42854601e-01 -1.22400552e-01  4.02741656e-02 -1.37858272e-01
  5.39170355e-02  1.64981321e-01  1.54851213e-01 -1.69933841e-01
  6.07850589e-02  1.79285154e-01  7.06287473e-02  2.12274611e-01
 -9.69976261e-02  1.10323638e-01 -6.63008392e-02  2.03409240e-01
  1.86683074e-01 -1.34094387e-01 -1.23136312e-01  4.70822677e-02
  8.60846490e-02  1.53311446e-01  2.51032840e-02  5.62766846e-03
  1.52012780e-02  3.69493693e-01 -5.05229384e-02  1.73150783e-03
  8.83297697e-02  1.73889995e-02  2.75863353e-02 -9.44181457e-02
 -1.81206793e-01 -1.61870599e-01 -1.69982806e-01 -6.30988628e-02
 -9.03311465e-03 -1.88232541e-01  1.73174709e-01 -6.84259906e-02
  1.48119912e-01  1.16135152e-02 -9.96359438e-02 -1.46397442e-01
 -1.34604886e-01 -1.99163556e-01  8.84497259e-03  2.39541307e-01
  4.78890026e-03 -3.54597308e-02 -2.22214945e-02 -7.77175501e-02
  1.99426115e-01  9.35391635e-02 -3.37067731e-02  9.33630243e-02
 -8.29506442e-02 -1.33520499e-01  3.26538943e-02  1.12499401e-01
  1.60592258e-01 -1.07931290e-02  1.11567445e-01 -2.27961630e-01
  1.74832299e-01 -9.03992206e-02 -7.56230950e-02 -3.95159470e-03
 -4.57222819e-01  6.21496141e-02 -6.15772493e-02  3.02267104e-01
 -1.25835766e-04 -2.54926421e-02 -2.24031538e-01 -6.89736592e-33
 -2.28672728e-01  1.28456829e-02 -2.89969623e-01 -2.70257052e-02
  1.77289303e-02  1.56562179e-01  4.68940176e-02  2.24382356e-02
  1.24741793e-01  1.52000755e-01 -5.38762845e-02 -2.16580287e-01
  1.13315485e-01  7.70046189e-02  7.15453178e-02  5.87479305e-03
  1.76531568e-01 -1.34359121e-01 -4.10586804e-01  1.80168282e-02
 -1.61672920e-01  3.69618945e-02  3.63147631e-02  1.16981260e-01
 -5.22943214e-02  3.20641220e-01  1.16736218e-01 -3.24477777e-02
 -1.38048708e-01  1.05924485e-02 -6.62311986e-02 -1.15379103e-01
 -3.98585856e-01 -2.64946502e-02  4.03379984e-02  2.44315982e-01
 -2.02442873e-02 -4.94280279e-01 -7.09519954e-03  5.19318953e-02
  1.68815628e-01  3.07822675e-02  1.63099170e-01  1.26772836e-01
 -7.33071268e-02 -4.91125993e-02 -2.91271895e-01  9.81738120e-02
 -1.94719359e-01  5.82838282e-02  8.04852415e-03  1.69902444e-01
 -6.58873841e-02  3.87624651e-01 -2.24457100e-01  6.31288439e-02
 -2.14122385e-01  4.20718221e-03 -2.74717391e-01  3.15231025e-01
  1.06467165e-01  1.00359377e-02 -1.15015611e-01  9.66913700e-02
 -1.35294393e-01  6.31932467e-02  4.58231792e-02 -1.61511213e-01
  6.31265566e-02  1.03864536e-01  1.54494241e-01 -3.94984335e-02
 -3.19516271e-01 -8.55739508e-03 -4.80462937e-03  3.68728727e-01
  1.07503049e-01  3.10025394e-01  1.63044497e-01  9.69279110e-02
 -1.69605128e-02 -7.97361732e-02 -1.63253531e-01 -1.59814075e-01
  2.27666467e-01 -1.23596191e-01 -1.09722484e-02 -1.35402828e-01
  7.49669075e-02  6.31828606e-02  1.37950525e-01  2.47413680e-01
 -1.18905939e-01 -1.33201346e-01 -1.68125302e-01 -9.80106876e-08
 -8.66992548e-02 -2.41534606e-01 -2.55167689e-02  1.19169377e-01
 -2.77814409e-03 -8.38215053e-02  4.55312617e-02 -1.71785370e-01
 -9.51190386e-03 -1.37185663e-01  2.93469340e-01 -1.62890423e-02
 -1.10700898e-01  1.50553823e-01  1.16080858e-01  2.21407771e-01
  5.39413206e-02  4.12446484e-02  2.34242547e-02  2.91203074e-02
 -1.38832241e-01 -9.39241722e-02  2.17981283e-02 -7.65753072e-03
  6.74588457e-02 -2.77436548e-03 -3.83963823e-01  4.95000444e-02
  3.53333801e-02  1.78163782e-01  1.07911400e-01  1.51617095e-01
 -1.38488352e-01  1.84737763e-03  8.32145289e-02 -7.01736659e-02
  1.80785656e-01 -5.67446509e-03  8.20804611e-02  2.14994341e-01
  1.67591557e-01 -3.62491719e-02 -4.40638065e-02  6.64484799e-02
  2.10348964e-01  2.95445204e-01  2.40170389e-01 -1.73600301e-01
 -5.73196635e-02 -1.90809015e-02 -2.55749524e-01 -7.62458965e-02
  2.03073829e-01  1.53477475e-01 -2.67043173e-01 -1.13764130e-01
  8.79091769e-02 -1.78364336e-01 -4.44427840e-02  2.43692920e-02
  4.03713100e-02  1.64312750e-01 -3.11189175e-01  5.29986262e-01]"
61c2716de7a75108d02f7205a8a9bf722f807f06f50df51d89b1c5e2f6a95e36,dog_074.png,Shiba Inu,photograph,forest trail in autumn,running toward camera,False,"A Shiba Inu running down a leaf-covered forest path in autumn, with colorful red and gold foliage, birch trees, and leaves flying around the dog.","[-2.96880677e-03 -5.47954962e-02 -1.29984975e-01  3.54296654e-01
 -3.47171873e-02 -1.50227034e-03 -9.41968262e-02 -1.13112830e-01
 -1.18099181e-02  1.90342844e-01  8.74479190e-02 -1.98994458e-01
  7.18845800e-02 -1.42263686e-02  3.96096706e-02  2.39048719e-01
  6.27206862e-02  7.18262494e-02 -1.17509011e-02 -8.30480978e-02
 -1.86056435e-01 -1.21698871e-01 -1.21598192e-01  3.11823338e-02
 -5.15546739e-01 -1.89182505e-01 -9.28834155e-02 -2.85441745e-02
 -4.70467992e-02 -2.49011934e-01  2.07332090e-01  1.78687558e-01
 -1.18118964e-01  3.02874763e-02 -1.36367664e-01  1.24625571e-01
  1.64258286e-01 -3.29823732e-01  1.80291414e-01  1.47483930e-01
  8.65946189e-02  3.31328124e-01  8.38894472e-02 -2.90755481e-01
 -3.26023027e-02 -1.02040969e-01 -3.00270885e-01  2.61532087e-02
  1.33315191e-01 -3.84227484e-01 -1.35578766e-01 -1.58551618e-01
 -2.73234576e-01  2.09715918e-01 -9.96821076e-02 -1.04039915e-01
 -6.92807697e-03 -2.93585300e-01 -3.96607183e-02  6.86322302e-02
  8.80010277e-02  2.07195774e-01 -3.63214198e-03  2.64656059e-02
 -1.69275135e-01 -3.24615151e-01 -3.20712507e-01  5.17947599e-02
 -6.56452700e-02  3.71877626e-02  2.42264614e-01  3.02924197e-02
  6.85938373e-02  5.00646159e-02 -3.07614744e-01 -1.01741031e-01
  1.11537702e-01  9.77304056e-02  1.15586527e-01 -2.36679211e-01
  7.70040601e-03  2.55645961e-02 -2.00293973e-01  2.07095385e-01
  2.76916116e-01  1.25842571e-01  1.79057986e-01 -8.78897905e-02
  7.63377324e-02  1.30409403e-02 -3.55562661e-03 -1.79913387e-01
 -9.42559317e-02 -4.27514352e-02 -2.06153482e-01 -1.61912397e-01
  1.60473511e-01 -9.59035978e-02  2.46273875e-02  2.28823144e-02
 -1.63904224e-02 -1.17811516e-01  5.34409583e-02 -2.13984087e-01
 -6.31711781e-02 -6.47368208e-02 -1.44433677e-01  2.40932722e-02
  2.28436381e-01  1.86750770e-01 -3.01583726e-02 -4.06468660e-01
 -1.39323696e-01  1.34255081e-01 -8.66726562e-02 -1.65062755e-01
  1.38717787e-02 -1.63524687e-01 -2.29343638e-01  5.17770469e-01
  7.26117566e-03  1.27233341e-01  2.10374724e-02  1.97245210e-01
  3.42692137e-02 -1.58530191e-01  6.36859164e-02 -8.91531356e-33
  5.27888648e-02 -1.10456496e-01  3.09657375e-03 -1.76176950e-01
  3.21476132e-01 -1.53571188e-01 -1.13735408e-01 -2.07086623e-01
 -4.26288545e-01 -8.01093504e-02 -3.14820051e-01  2.57527858e-01
 -1.73217013e-01 -4.30723876e-02  2.58112341e-01 -3.53703558e-01
 -1.61538094e-01 -2.34862760e-01  2.06317574e-01  8.69560912e-02
 -7.16750249e-02  4.43611480e-03 -2.57365629e-02 -2.15853140e-01
  2.18255088e-01  6.88316897e-02  1.13685578e-02 -3.06439191e-01
 -1.02674387e-01  2.01221317e-01  2.34609738e-01 -2.19245464e-01
 -4.24869150e-01  1.22443236e-01 -3.52434456e-01  1.05999913e-02
  1.57868743e-01 -1.64997235e-01 -2.19133999e-02  1.91970333e-01
  1.55506849e-01 -3.26318406e-02  3.10523380e-02  1.60689324e-01
 -1.11311562e-01  2.64091622e-02  2.03998536e-01  3.22925560e-02
  6.71765059e-02  1.92449484e-02 -1.57614470e-01 -1.22258075e-01
  3.46023411e-01 -2.90390819e-01 -1.77985281e-01 -5.95213063e-02
  2.07740158e-01  8.91293362e-02  1.27118096e-01  2.52649277e-01
  3.03646803e-01 -1.66399196e-01 -1.73382297e-01 -1.15555353e-01
  6.29330948e-02 -3.20530653e-01 -6.33448660e-02  1.72056735e-01
 -2.30504632e-01  5.42032309e-02 -2.22154662e-01 -9.54450667e-02
  1.87235415e-01  5.29626086e-02  1.90785781e-01 -1.09955154e-01
  2.35794559e-01 -1.97860729e-02  7.77584538e-02 -1.34855926e-01
 -2.10579652e-02  1.00586556e-01  8.80795643e-02  3.51007171e-02
  1.56041861e-01  5.22600859e-02  9.45078954e-02  8.34506750e-02
 -4.47580367e-01 -4.62894253e-02  1.14231244e-01  1.10748909e-01
  1.10154189e-01 -1.61542408e-02  2.70545036e-01 -3.48500280e-33
 -5.53011596e-02  7.47480243e-02  2.44645774e-02  1.53868213e-01
  2.38084141e-02  2.50618517e-01 -1.87239811e-01  1.60573259e-01
  3.92730683e-02  1.04918644e-01 -8.41334686e-02  1.20710701e-01
  1.87812179e-01  1.24888055e-01  1.71308994e-01 -8.01246762e-02
  1.70590043e-01  2.03662649e-01 -1.29341632e-01 -3.01369101e-01
 -4.41762298e-01  1.50840700e-01  2.34995708e-02 -3.26766163e-01
 -1.27918437e-01  3.72682333e-01  1.17168441e-01 -5.61694764e-02
 -1.63046375e-01 -6.43134117e-02  8.98256376e-02 -2.49783158e-01
 -2.27734014e-01 -6.95432350e-02 -3.13696504e-01 -4.30385880e-02
  5.82284518e-02 -4.20783430e-01  6.10124394e-02  1.72759071e-01
  2.89312690e-01 -5.47711961e-02  3.44295055e-01  2.41240367e-01
 -9.17080194e-02 -1.77644044e-01 -2.76984066e-01  2.39206478e-01
 -8.56427848e-03  1.19207576e-01  1.13910295e-01 -1.66800857e-01
 -2.20457632e-02  3.53461772e-01 -1.36348858e-01  2.78990320e-03
  1.30706783e-02  1.04227096e-01 -2.35791996e-01  1.71206549e-01
 -1.83217034e-01  1.21716529e-01  1.14950575e-01  8.65761042e-02
 -3.24428052e-01 -4.30154540e-02 -4.24336456e-02 -9.66084972e-02
  5.90683930e-02 -1.68518782e-01 -2.45213374e-01  1.70046374e-01
 -3.73049468e-01 -7.04183206e-02 -3.92543003e-02  3.32339555e-01
 -7.84885213e-02 -5.85618578e-02  9.56432298e-02  1.54737070e-01
 -1.45595163e-01 -8.46911129e-03 -1.74857855e-01 -5.50698340e-02
  1.92389101e-01 -1.50544330e-01 -3.47357959e-01  2.35534117e-01
  2.67331302e-01  4.27711196e-02  4.08765912e-01  2.72292167e-01
  3.20595890e-01 -7.77491555e-02 -2.50606328e-01 -9.83204984e-08
 -1.10586263e-01 -3.70697826e-02 -4.29741368e-02  9.94414166e-02
  2.63637245e-01  2.33175643e-02  4.23923694e-02 -3.07507187e-01
  1.08643964e-01  1.35692023e-03  4.60080177e-01  6.21054582e-02
 -1.66794695e-02  2.56084561e-01  1.83561668e-01  1.58279821e-01
  9.47379395e-02  1.26447424e-01  2.62020767e-01  3.21428448e-01
 -1.70211822e-01  1.95535254e-02  9.63323191e-02 -2.01670788e-02
 -4.28513587e-02 -1.05360389e-01 -3.41113180e-01 -9.06368941e-02
  1.11057321e-02  2.36320660e-01 -1.62729785e-01  2.94096500e-01
 -1.60241619e-01  1.31919444e-01 -1.12150468e-01  1.01109473e-02
  1.76958486e-01  4.96647693e-02 -5.69898635e-02  8.27118978e-02
  3.25065017e-01  1.42768875e-01 -2.08884045e-01 -1.11205399e-01
  4.84353825e-02  2.81176984e-01 -3.25151235e-02 -2.37314388e-01
 -3.60898860e-02 -4.92272712e-02 -4.19614524e-01  3.99941728e-02
  2.40176663e-01  1.56123817e-01 -1.89774111e-01  1.06458604e-01
 -1.54722348e-01 -4.26385760e-01  1.76522449e-01  1.34682521e-01
 -9.86215696e-02 -1.91140488e-01 -1.48629025e-01  5.81631005e-01]"
3d9328ee1685b5633363fc0b950994fa0fdeb424cd8d1d394bd666ef63ef947d,dog_075.png,Shiba Inu,photograph,snowy mountain / alpine,standing and facing camera,False,"Red Shiba Inu standing in fresh snow on a mountain trail, framed by snow-covered trees and distant snow-capped peaks under a clear blue sky.","[-2.74728566e-01 -1.08668245e-01 -5.69618940e-02  2.55480707e-01
 -4.03039679e-02  1.28261313e-01  6.58011883e-02  1.59035146e-01
  3.82988015e-03  3.94132882e-02  1.78907402e-02 -1.69390172e-01
  1.00425012e-01 -2.40908619e-02  1.47068545e-01  2.48210624e-01
  4.05489607e-03 -4.97698411e-02  6.80751354e-02 -1.31571919e-01
  5.97831979e-02 -1.10884510e-01 -1.45440057e-01  1.84967354e-01
 -2.06532598e-01 -1.70263186e-01 -3.22752073e-02  1.06340386e-01
  3.13748904e-02 -1.70132488e-01 -1.06748994e-02  1.23708121e-01
  6.02384731e-02 -2.11230069e-02 -5.84132634e-02  2.13524804e-01
  4.39994447e-02 -2.78883427e-01 -3.55360657e-02 -5.44826202e-02
  1.22562982e-01  2.76166618e-01  1.88123822e-01 -3.33410978e-01
  1.69527799e-01 -4.88102771e-02 -1.21649262e-03  2.76291519e-01
  1.65585116e-01 -3.89797926e-01 -1.48191482e-01 -1.24960482e-01
 -3.05446863e-01  2.50681728e-01 -1.03326276e-01 -8.24414119e-02
  9.04765427e-02 -6.88302636e-01  1.24043383e-01 -8.28533322e-02
  1.77032560e-01  1.69738099e-01 -1.24512069e-01  2.22096052e-02
  2.42152102e-02 -2.00692881e-02 -2.80491084e-01 -9.78343189e-02
  6.81567490e-02 -3.87606621e-02  2.08711959e-02  2.39572078e-01
  7.55200163e-02  9.33097228e-02 -8.24374035e-02 -2.60188282e-01
  1.18477516e-01  2.66585022e-01  2.22549448e-03 -5.86834997e-02
 -1.51371703e-01 -6.98641688e-02  3.30878258e-01  1.72879681e-01
  9.09082144e-02 -1.90275997e-01  1.96095809e-01 -9.52525660e-02
  2.99392198e-03 -6.03091158e-02 -7.32512549e-02  2.41005868e-02
 -2.80930370e-01 -3.01538538e-02 -4.73194003e-01 -9.54626352e-02
  1.77082390e-01  2.68958639e-02  1.01922303e-01  6.54809922e-02
  2.66813517e-01 -2.00479478e-01 -2.70480514e-02 -7.81877413e-02
 -9.15940329e-02 -1.65857553e-01 -6.36056587e-02  8.76170862e-03
  8.51666555e-02  1.61873147e-01  3.78774814e-02 -3.98766816e-01
 -2.19485283e-01  1.97101384e-01 -1.78685635e-01 -8.32752585e-02
 -1.73120335e-01 -9.24119502e-02 -4.05843616e-01  1.98353127e-01
 -3.60780172e-02  1.70931399e-01  2.80236065e-01  2.17347011e-01
  1.00120835e-01 -2.01109976e-01 -8.33159462e-02  7.83308293e-34
  2.06365228e-01  2.67794123e-03  5.65075055e-02  2.31010616e-02
  2.76590288e-01 -4.36192565e-02 -2.15913177e-01 -8.61132815e-02
 -3.78967851e-01 -2.81576030e-02 -2.10061207e-01  3.64254773e-01
 -2.12903023e-01 -1.03750587e-01  8.93165842e-02 -3.34774047e-01
 -3.53178158e-02 -4.56860930e-01 -2.53727902e-02  3.00293684e-01
 -1.33224368e-01 -4.45989929e-02  9.39938426e-02 -1.24100938e-01
  4.01933752e-02  1.18380606e-01 -1.48403555e-01 -1.69946060e-01
 -3.05121034e-01  1.13785528e-01  3.32463503e-01 -2.20420793e-01
 -2.00410962e-01 -2.36967555e-03 -1.73830599e-01 -1.24300063e-01
  1.93340391e-01 -8.03034678e-02  1.73286647e-02  1.05293319e-01
  3.50279957e-01  7.48354709e-03  1.88836157e-01  1.59205943e-02
 -4.11106013e-02  4.19206433e-02  1.81651130e-01 -3.27141620e-02
 -1.29752204e-01  2.00043663e-01 -1.34038270e-01 -3.81987989e-02
  1.18240215e-01 -3.33080053e-01 -2.54897505e-01  1.07265136e-03
  6.23667464e-02  1.82123370e-02  1.02131546e-01  2.67565697e-01
  1.14426643e-01 -5.30062011e-03  4.64829020e-02 -7.27693290e-02
 -1.54686257e-01 -2.07706228e-01  1.79999754e-01  3.67749244e-01
 -1.29784942e-01  3.42750165e-04 -6.56244606e-02 -1.10682677e-02
  2.63856649e-01 -1.20898411e-02 -5.48720285e-02 -1.51249766e-01
  9.76811498e-02 -1.22957133e-01 -6.93036765e-02  1.64198771e-01
 -3.90059352e-02 -7.30225518e-02  5.55357374e-02  1.30876899e-01
 -1.82596192e-01  7.48733953e-02  1.31820813e-01 -7.55504221e-02
 -2.53352135e-01  8.38454962e-02 -4.01513875e-02  2.62003481e-01
  2.10658044e-01 -1.93058029e-01  2.03639463e-01 -8.69068981e-33
  3.15400779e-01 -9.08719897e-02  9.58924517e-02 -6.16503172e-02
  5.33576682e-02  1.76753595e-01  1.81683972e-02  4.01936501e-01
 -2.70084497e-02  1.02353496e-02  4.95860688e-02  2.22927611e-02
  1.80491358e-01  6.52331561e-02  2.23091677e-01  7.14189187e-02
 -4.82108295e-02  2.53918022e-01 -1.98602587e-01 -2.01952994e-01
 -2.74497032e-01  6.84005208e-03 -1.88981593e-01 -1.81451976e-01
 -1.88686326e-01  3.49955529e-01 -2.29244195e-02  8.66671801e-02
 -3.00893664e-01 -4.57692370e-02 -3.90121788e-02 -1.31130129e-01
 -2.05543399e-01 -1.61019787e-01 -2.60518193e-01  1.52603939e-01
 -1.41863357e-02 -7.77804554e-01  6.36309199e-03  6.65219724e-02
  4.95476842e-01  3.35176289e-02  2.74628937e-01  4.37466539e-02
  1.33851886e-01 -1.40897334e-01 -1.76408887e-01  4.21325177e-01
 -6.31655306e-02  5.86856231e-02  9.59651321e-02 -2.43012942e-02
 -8.69931728e-02  2.39672050e-01 -1.73499048e-01 -5.51217608e-02
 -2.98190981e-01  1.93373397e-01 -2.83501804e-01  1.19663842e-01
 -1.63463682e-01 -2.43216634e-01 -4.15974259e-02  2.78616976e-02
 -7.60525987e-02  4.43049669e-02  1.51249588e-01  4.15824205e-02
 -5.29019386e-02  9.91804451e-02  9.96847078e-02 -2.80929375e-02
 -3.11171412e-01 -1.78744480e-01 -1.14328988e-01  1.99548215e-01
 -9.07507166e-02 -9.86163318e-02  8.78491104e-02  3.54455821e-02
 -1.05900258e-01 -4.88001630e-02 -1.97226897e-01  1.29988328e-01
  2.82225668e-01 -1.15782268e-01 -1.74826711e-01 -2.02104282e-02
  3.19686949e-01 -9.57966819e-02  2.98281491e-01  2.16584638e-01
 -3.17010358e-02 -4.39023674e-02 -3.01892221e-01 -9.79396475e-08
  4.55449261e-02 -1.16329240e-02 -1.26763061e-01  1.84704870e-01
  1.90539569e-01  1.35540769e-01 -3.37656438e-02 -3.29305977e-01
 -5.39364852e-02  6.80426136e-03  2.37580389e-01  1.16847686e-01
 -5.26601225e-02  9.16687921e-02  9.72570702e-02  2.64241099e-01
 -3.53259742e-02  1.75115377e-01  9.04887170e-02  1.00984924e-01
 -1.15448639e-01  7.85628110e-02  9.37324092e-02 -5.34637971e-03
 -6.84169158e-02 -7.18661845e-02 -1.84761167e-01 -6.85849786e-02
  1.58748329e-01  1.86421499e-01 -1.63296834e-02  9.97108966e-02
 -7.54347220e-02  4.51931879e-02  2.22661182e-01 -2.29978517e-01
  7.84752965e-02  2.63575971e-01  9.25635099e-02 -1.49856761e-01
  2.70796299e-01  5.75843230e-02 -2.34542284e-02  1.81457661e-02
 -1.79846257e-01  4.56517458e-01 -3.99529301e-02  7.88124837e-03
  6.80884048e-02  8.06328803e-02 -3.00420314e-01  1.10626899e-01
  2.41282627e-01  1.95721745e-01 -2.54514933e-01  6.84195235e-02
 -3.78369354e-02 -2.69344240e-01  1.24829009e-01  1.40239000e-01
 -3.42727937e-02 -2.45306611e-01 -3.59923482e-01  2.33176947e-01]"
621fc153f2663b1b80baf0ff22d5a7c1449f91518509ed0bec8f116bd0063d93,dog_076.png,Shiba Inu,pencil sketch,garden with flowers and picket fence,sitting and facing forward,False,"Pencil sketch portrait of a Shiba Inu sitting in a flower-filled garden in front of a picket fence, looking toward the viewer with a gentle expression.","[-1.69638455e-01  1.09274924e-01 -1.72585428e-01 -8.45179558e-02
 -1.29393339e-01  1.47763640e-01  7.50960931e-02 -7.15369880e-02
  1.28749469e-02  1.28466174e-01 -8.11620578e-02 -2.02847153e-01
  1.37372568e-01  1.81688592e-01  7.33665600e-02  2.28861839e-01
  2.43857414e-01  7.67742768e-02  1.11470155e-01  2.87819743e-01
 -2.20929086e-01 -1.34486035e-01  5.59168160e-02 -1.32804424e-01
 -9.04010758e-02 -1.14978306e-01  1.53669924e-01  1.23011366e-01
  5.20826951e-02 -1.70199767e-01  1.69616304e-02  3.70567650e-01
 -1.89401750e-02  2.17756778e-02  1.75001070e-01  2.49150004e-02
 -1.34116381e-01  5.50345657e-03  3.36159885e-01 -1.49216682e-01
 -1.47188634e-01  1.97787955e-01 -8.46425518e-02 -1.87614083e-01
  2.22515360e-01 -2.74045438e-01  5.67920692e-02  1.74436927e-01
  3.02494138e-01 -4.19119895e-01 -3.81345361e-01 -9.49873701e-02
 -2.61486322e-01 -1.14194974e-01 -7.07905889e-02 -2.06190825e-01
  2.41285101e-01 -2.72372872e-01  4.47646156e-02  5.41475117e-02
  4.28360701e-02  1.57108471e-01  1.97909623e-01  1.26569182e-01
 -1.55067042e-01 -2.54761934e-01 -1.43905476e-01 -5.26878722e-02
 -3.83257605e-02 -4.24213894e-02  1.24299809e-01  2.84264795e-02
  2.76896246e-02 -1.46591038e-01 -1.03022605e-01 -2.27220178e-01
 -7.79538006e-02  1.28063411e-01  1.04441255e-01 -5.09676576e-01
 -6.11086860e-02  5.03635705e-02  7.73968622e-02  2.88188457e-01
 -1.86411932e-01  2.30358690e-02  4.16399576e-02 -6.85004145e-02
  9.78335887e-02  4.48569991e-02  5.55450618e-02  6.48249164e-02
 -3.87391657e-01 -8.36618710e-03 -1.28031671e-01 -2.19031826e-01
  1.58143073e-01 -3.08155939e-02 -2.75847375e-01  2.25920081e-01
  2.85003126e-01 -1.01822354e-02  3.84969339e-02 -1.54770389e-01
  1.78706795e-01 -1.77423492e-01 -1.76990628e-01 -4.87046167e-02
 -1.28210587e-02 -1.50053069e-01 -7.20036700e-02 -3.76208931e-01
 -2.80073494e-01  2.17597425e-01 -1.06455773e-01 -2.35460252e-01
  3.59472513e-01 -3.68585050e-01  7.55156681e-04  3.94042909e-01
  1.98789433e-01  5.47909439e-02 -1.07229285e-01  2.48892426e-01
 -8.05803537e-02  1.24663524e-01 -3.74440365e-02 -1.04117487e-32
  1.79373577e-01  2.02283219e-01  1.17828228e-01  4.31720726e-02
  1.32495210e-01 -1.70910090e-01 -4.61232848e-02  9.70668346e-03
 -2.70070285e-01 -1.40378922e-01  3.51937003e-02 -1.03719853e-01
  1.92518771e-01  3.84834439e-01 -3.24539065e-01 -2.24455103e-01
 -3.38236570e-01 -2.22789958e-01  1.86395735e-01  8.56070034e-03
 -2.23236710e-01 -1.48115695e-01 -5.67892082e-02 -9.33909342e-02
 -4.61806804e-02  1.85666725e-01  1.78662643e-01 -2.44947121e-01
 -8.99313241e-02  2.04695135e-01  1.72131628e-01  1.09407432e-01
 -2.91723311e-01 -2.12165341e-01 -2.38790169e-01 -1.73905849e-01
  2.81356186e-01 -2.52076596e-01  8.51907134e-02  9.36193541e-02
  1.06766270e-02  6.53459355e-02  2.13742927e-01  1.09057158e-01
 -4.43687774e-02  3.62387210e-01  4.76046763e-02  1.18349567e-01
 -1.42592177e-01  1.84366047e-01 -1.27173871e-01  1.05332315e-01
  2.78927416e-01 -1.12705894e-01 -1.13870084e-01 -2.73111105e-01
  1.26916677e-01 -2.87025468e-03  1.03707805e-01 -1.46270111e-01
  1.66179806e-01  8.10604841e-02 -3.12967688e-01 -1.13018744e-01
 -1.81024283e-01 -1.64937511e-01 -2.41538525e-01  1.76960021e-01
 -7.54127800e-02  8.33827406e-02 -3.63590777e-01  7.35871196e-02
  1.99408486e-01 -1.17795229e-01 -2.33974323e-01 -1.02926828e-01
  1.20237097e-01  6.14273399e-02  9.30210203e-02  9.53179821e-02
  4.88716699e-02 -3.77544053e-02 -1.29950508e-01 -3.78864296e-02
 -1.84780926e-01 -1.04503751e-01  2.40093231e-01 -1.52060762e-01
 -3.72587621e-01  9.57833454e-02  7.73324221e-02  1.67971149e-01
  5.76054864e-02 -5.77889271e-02 -8.48224834e-02  4.16211417e-34
 -1.77941620e-01  1.92230761e-01 -1.07655339e-01  2.37254754e-01
  7.27246106e-02 -1.51443228e-01 -1.44031987e-01  4.64511998e-02
  2.88064361e-01  1.61855426e-02  7.78160477e-03 -2.53983028e-02
  1.51210248e-01 -8.83799642e-02  1.93710238e-01 -1.18715592e-01
 -1.61116689e-01  7.38805234e-02 -2.56465137e-01 -2.71766540e-02
 -2.86969006e-01 -2.34285444e-02  2.14879736e-01 -2.94726610e-01
 -1.76778883e-01  4.37535524e-01  1.37142345e-01 -2.74245769e-01
 -1.60263196e-01  8.34307075e-02  1.03013180e-01 -3.70521784e-01
 -3.46667737e-01  1.57546073e-01 -8.75663459e-02 -1.19836047e-01
  3.30441296e-01 -6.34752035e-01  8.87616351e-02  2.01258898e-01
  3.20971459e-01  2.82954276e-02  4.04292434e-01  3.79386127e-01
 -6.93651214e-02 -4.24686968e-02 -2.98301548e-01  3.17029178e-01
 -5.15137911e-02  3.10830027e-01 -8.65533575e-03  1.48803204e-01
  1.62213013e-01  6.69768304e-02 -1.29585639e-01 -3.15369427e-01
  7.76899746e-03 -1.10525461e-02 -2.20244825e-01  3.28380734e-01
 -7.11201038e-03 -3.18421833e-02 -1.76393285e-01  8.44694600e-02
 -2.50472367e-01  1.41994551e-01  1.21291369e-01  1.49275631e-01
  1.10684857e-02  9.35253426e-02  2.33413316e-02  1.48399072e-02
 -7.94141218e-02 -1.55700177e-01  3.13295782e-01  3.38109165e-01
  1.97191387e-01 -3.04361936e-02  1.51650086e-01 -1.46224365e-01
 -1.32842660e-01 -2.10241720e-01 -1.08968854e-01 -8.94658118e-02
  2.54737347e-01 -6.00004606e-02 -5.45503080e-01  1.41403139e-01
  1.58854529e-01 -1.06348097e-01  2.04755017e-03  1.69145763e-01
  1.16679132e-01 -2.65940875e-01  1.65557265e-01 -9.79755725e-08
 -1.90043479e-01 -2.44991660e-01  1.00815490e-01 -1.57258719e-01
  2.63904572e-01 -6.60656840e-02  1.46158442e-01 -3.14809173e-01
  5.92135731e-03  7.08572194e-02  3.40033948e-01  1.33888304e-01
  5.12147672e-04  1.09705277e-01  2.54178029e-02  1.52721047e-01
  1.92881465e-01  8.50244984e-03  3.13272886e-02  1.46909971e-02
 -3.86318564e-03  1.89675577e-02 -4.17182036e-02 -1.69717446e-01
 -1.42091990e-01  1.13684252e-01 -3.99836779e-01 -2.40815327e-01
 -1.18026972e-01  1.75427258e-01  1.17221162e-01  3.39055032e-01
 -6.26911521e-02  3.22788209e-02  6.87315874e-03 -8.25113505e-02
  3.75048555e-02  3.48900259e-02  8.21693800e-03  1.69686913e-01
  4.05241996e-02  2.30905376e-02 -1.22564249e-01 -1.36811465e-01
  1.38282061e-01  2.82097042e-01  3.39268804e-01 -7.94016644e-02
 -1.56111360e-01  3.08485664e-02 -4.01306868e-01 -6.49706647e-02
  3.54205579e-01  8.13386068e-02 -2.27441221e-01  1.99978407e-02
 -7.62233511e-03 -1.18635833e-01  2.13319585e-01  3.28222007e-01
 -1.00328945e-01  2.98406810e-01 -3.23508501e-01  2.21093342e-01]"
a23cedc9f5f54f4f8abc31661139b3945e0fc40334fbdb10f148cbe68045821e,dog_077.png,Shiba Inu,watercolor painting,lake at sunset with autumn trees,"swimming in the lake, creating ripples and reflection",False,"Watercolor painting of a Shiba Inu swimming toward the viewer in a calm lake at sunset, with warm autumn trees on the shore and a clear reflection in the water.","[-1.96028233e-01  1.64114743e-01  4.80536185e-02  2.36003790e-02
 -8.78067985e-02  1.58234254e-01  1.59088537e-01 -2.44495526e-01
 -1.25639915e-01 -9.44557041e-02 -7.83597082e-02 -4.12335426e-01
  9.85302553e-02  1.81073502e-01 -4.25467119e-02  4.15564179e-01
  1.01152681e-01  3.09025049e-02  5.48874103e-02  3.83244897e-03
 -1.39606357e-01 -1.98302805e-01 -2.62523741e-01 -7.75477588e-02
 -2.04476893e-01 -8.60573351e-03  2.88636506e-01  5.84703013e-02
 -5.78502705e-03 -1.59234121e-01  2.93850582e-02  3.27809513e-01
 -2.41528964e-03 -2.68838912e-01  8.64339396e-02  5.74252680e-02
 -2.44539436e-02 -3.04349542e-01 -1.12045277e-02 -9.65592414e-02
  3.34257819e-02  2.24526644e-01 -4.20346744e-02 -1.42884608e-02
  1.51092961e-01  5.06625883e-03 -1.25825569e-01  1.65223569e-01
  1.06522404e-01 -2.08617255e-01 -4.01177168e-01 -3.54440540e-01
 -2.39621684e-01 -1.23409770e-01 -4.08946685e-02 -1.68582171e-01
 -1.24937698e-01 -3.56522530e-01  1.20094813e-01  1.48339607e-02
  4.03176993e-03  3.53184462e-01 -8.56966749e-02  1.64727166e-01
  7.88334832e-02 -1.22167096e-01 -3.57146293e-01  1.05421662e-01
  1.19600380e-02 -1.74764246e-01  2.19662845e-01  9.96817127e-02
  2.15475932e-01 -1.02591969e-01 -2.49362707e-01 -2.11102173e-01
 -1.85971428e-02  3.34617458e-02 -1.22306511e-01 -2.95814425e-01
 -5.99879166e-03 -1.89647093e-01  7.42494315e-03  2.54261881e-01
  2.33681858e-01  1.33942604e-01  1.40966341e-01 -1.10538587e-01
  1.04517052e-02  5.29164672e-02 -2.93603912e-02 -8.65861867e-03
 -4.96274024e-01 -2.10266799e-01 -9.08453837e-02 -2.95925140e-03
  2.41536275e-02 -1.12834156e-01  1.60089135e-01  1.12459451e-01
  2.07220644e-01 -1.77636743e-01  3.67785320e-02 -1.18911125e-01
  1.67551562e-01 -3.36358964e-01  3.40798907e-02  2.16583103e-01
  2.53168970e-01 -7.10583776e-02 -1.21702671e-01 -3.74709040e-01
 -1.05196260e-01  2.82699555e-01 -1.10466644e-01 -2.37919390e-02
  1.44285306e-01 -2.34933183e-01 -8.46324712e-02  3.53108495e-01
  1.33918554e-01 -3.81908529e-02 -2.34111585e-03  1.80361316e-01
 -1.83614269e-01 -4.71626259e-02 -1.27045631e-01 -9.20365792e-33
  3.27506602e-01 -7.80461058e-02  1.07801244e-01 -9.39177945e-02
  3.73757899e-01 -1.95490509e-01 -6.31709024e-02 -2.35177189e-01
 -4.38137561e-01 -2.46936411e-01 -1.43381685e-01  1.00837618e-01
 -8.50716904e-02  2.35548764e-01  7.38763064e-02 -2.16099784e-01
 -4.24760953e-02 -1.71324566e-01 -7.68800676e-02  1.27370209e-01
 -1.44771218e-01  1.31638452e-01 -4.37673181e-02 -3.30399811e-01
 -4.69278917e-02  1.24347210e-01 -6.76956624e-02 -9.01662111e-02
  5.12163192e-02  2.26916239e-01  2.05722138e-01 -2.75012881e-01
 -2.01505467e-01 -9.00632590e-02 -2.23681316e-01 -4.61733602e-02
  1.76259801e-01 -1.77392289e-01  1.01300618e-02  2.44774118e-01
 -7.10534584e-03  1.26017677e-02  1.73890952e-03  8.82242173e-02
 -2.48107780e-02  9.82217938e-02  1.65595129e-01  1.32941812e-01
 -2.48627644e-02  3.07357609e-02 -6.42106980e-02 -9.76457074e-03
 -1.03704538e-02 -3.09606969e-01 -3.05454433e-01 -3.40603571e-03
  1.73171133e-01 -2.11273301e-02 -3.04605700e-02 -8.72916062e-05
 -2.16000564e-02  9.71267559e-03 -1.15651183e-01 -1.11219525e-01
  8.43981802e-02  6.85211048e-02  4.79298308e-02  9.44719538e-02
  7.99091831e-02 -1.28265247e-01 -5.08322179e-01  3.13593596e-02
  1.38086215e-01 -5.69789484e-02  4.73567434e-02 -9.19630975e-02
  3.81100953e-01 -3.45575422e-01 -1.22395851e-01  3.54987562e-01
 -9.06112269e-02  2.37207592e-01  6.95919096e-02  1.23937890e-01
 -1.52721733e-01  3.49758714e-02  1.40133709e-01  2.11110637e-01
 -3.88649285e-01  1.03303634e-01  1.27181321e-01  2.31865421e-01
  1.92863896e-01 -3.16850156e-01  9.86373499e-02 -4.32677724e-33
  2.49083526e-02 -4.20599170e-02 -5.86568266e-02  1.39212027e-01
  2.78744102e-01 -7.55774006e-02  6.11769632e-02  4.25490171e-01
  5.80626503e-02  6.59901127e-02  1.29304081e-01 -7.56795108e-02
 -3.69365960e-02  3.21809463e-02 -7.69852996e-02 -7.95394182e-02
  1.68061525e-01  3.65915686e-01 -1.53609097e-01 -1.66488871e-01
 -6.00270517e-02  1.71979859e-01  3.16123039e-01  4.97589633e-02
 -2.09846273e-01  4.78331894e-01  6.85598403e-02 -2.53605366e-01
 -1.52177721e-01  1.39023542e-01 -1.15896739e-01 -7.89505690e-02
  3.81794199e-02 -1.68839900e-03 -8.49020407e-02  1.38714463e-02
  2.75480032e-01 -5.81982136e-01  1.68466405e-03  3.30913067e-01
  3.59003842e-01 -3.65838140e-01  3.58729064e-01  1.79352030e-01
 -4.93698195e-02 -5.36461286e-02 -1.39783487e-01  2.42803827e-01
 -1.81162208e-01  2.40665507e-02 -1.67123862e-02 -2.66053945e-01
  2.80309860e-02  2.00996563e-01  6.27118945e-02 -3.65540922e-01
  1.54824018e-01 -1.96095314e-02 -2.21324146e-01  4.74276096e-01
 -1.19824089e-01  7.06659928e-02 -1.34752661e-01 -3.25715095e-02
 -1.76564351e-01  1.10895701e-01  1.01176813e-01 -6.31922483e-02
 -9.08130035e-02 -1.55663475e-01 -7.57206231e-02 -8.79261270e-02
 -3.57658297e-01  8.23620781e-02  1.67260334e-01  1.07435964e-03
 -7.34904781e-02  2.16948867e-01  6.27415031e-02  5.33462726e-02
 -1.43450022e-01  8.22513402e-02 -1.21993788e-01  1.28618523e-01
  3.28006059e-01 -1.44819424e-01 -3.07560891e-01 -1.22519635e-01
  1.53058127e-01 -2.08543271e-01  2.91077912e-01  3.08007926e-01
 -1.53336413e-02 -6.00726418e-02 -3.37626114e-02 -9.85441773e-08
 -1.56507138e-02 -2.06781015e-01  2.11472720e-01 -7.20123202e-02
  7.06373826e-02 -7.19070286e-02  1.16990723e-01 -1.25534475e-01
  6.47502542e-02 -7.03660399e-02  1.52019456e-01 -8.05920810e-02
 -2.45838147e-03  5.79251982e-02  8.68817791e-02  1.70433775e-01
  2.88605839e-01 -1.32028908e-01  5.86316511e-02 -8.66147280e-02
 -1.15863696e-01 -7.13901892e-02  4.84213307e-02 -1.52487859e-01
 -2.04356387e-01  5.20400628e-02 -3.51402849e-01 -7.93903470e-02
  3.27120349e-02  3.83012667e-02  2.10969560e-02  2.09424347e-01
 -1.47060648e-01  1.13502257e-01  1.82102863e-02 -1.26540571e-01
 -1.55746387e-02 -8.14446434e-02 -3.35997015e-01  1.86749510e-02
  5.71450032e-02  4.09840912e-01 -8.62684920e-02 -5.73659316e-02
  3.50016177e-01  2.26963297e-01  4.28229064e-01 -1.67465270e-01
 -1.90180615e-01  8.24533328e-02 -2.75288373e-01 -2.08437983e-02
  3.69144529e-01  1.72473401e-01 -2.32606709e-01  1.35573596e-01
 -6.39664158e-02 -2.82629877e-01  5.75448871e-02  1.47253424e-01
  1.50278389e-01  6.01892844e-02 -2.41776109e-01  4.24161524e-01]"
eafdd1793e5ba71142e5b87721d42a3fa92e6416064daec64485f52a89c5c71d,dog_078.png,Shiba Inu (cartoon),cartoon illustration,"cozy cafe interior (tables, chairs, plants, window with cherry blossoms)",sitting at a table holding a steaming cup of coffee and smiling,True,"Cute smiling Shiba Inu-style cartoon sitting in a cozy cafe holding a steaming cup of coffee, with a speech bubble reading 'MUCH COFFEE. VERY CAFE.'","[-1.59961388e-01 -1.24929309e-01 -1.15234241e-01  1.95545465e-01
 -2.03122631e-01  1.45845711e-01  3.03976029e-01 -1.49279669e-01
 -7.53639936e-02 -2.04599679e-01 -4.98960279e-02 -3.76812339e-01
  7.75309578e-02  7.67444521e-02  1.25435621e-01 -1.65969908e-01
  3.06448847e-01 -2.24466771e-01  3.19345921e-01 -3.98598127e-02
 -7.59530216e-02 -1.76949769e-01 -3.29894871e-02  5.34488596e-02
  2.85261013e-02  1.19670577e-01  8.27905312e-02 -1.77714080e-01
  1.30465642e-01 -1.86093345e-01  6.87507838e-02  1.13951236e-01
  1.32979140e-01 -1.93404146e-02 -2.46672821e-03  1.77534595e-01
  2.38617584e-01 -2.37011701e-01  2.37215966e-01 -1.22046918e-01
 -1.20600820e-01  9.37134326e-02  4.47916836e-02 -1.83084548e-01
  1.76452786e-01 -2.87866056e-01 -1.56859100e-01 -1.72766998e-01
  2.54748225e-01 -1.83878005e-01 -7.06011295e-01 -8.69024470e-02
 -2.26739375e-03  1.56070828e-01 -2.21785270e-02 -1.35029972e-01
  3.09002310e-01 -2.09620535e-01  2.63172835e-01  3.08072895e-01
  4.35438938e-02 -1.05832025e-01  2.24277496e-01  2.89140224e-01
 -3.16361673e-02 -2.89628237e-01 -2.46123478e-01  1.55245379e-01
 -3.26343067e-02 -1.40681714e-01  6.52147606e-02  1.50982693e-01
  2.41062671e-01 -6.89870268e-02 -6.97238147e-02 -1.12960249e-01
  2.15345740e-01 -3.24076507e-03  1.58499733e-01  2.12727949e-01
 -7.09923655e-02 -8.98527503e-02  1.80908129e-01  6.17274456e-02
 -4.84428145e-02 -1.35757104e-01  2.12541044e-01 -3.15373093e-01
 -9.79108065e-02  1.83279291e-02 -9.68242511e-02  1.92314565e-01
 -1.09692968e-01  2.65141446e-02 -3.89086902e-02 -1.31510198e-01
  6.50129542e-02  1.19910449e-01 -9.97070521e-02  1.96018115e-01
 -3.63998152e-02  7.42043927e-02  1.23238191e-01 -1.65025175e-01
  1.58392131e-01 -1.48219377e-01 -7.59933069e-02 -7.27100149e-02
  3.98679495e-01 -2.17595175e-02 -6.27385825e-02 -4.91023183e-01
 -2.64224797e-01  1.78224578e-01  4.15783972e-02 -1.83880389e-01
  6.69862702e-02 -2.07898930e-01  1.01052821e-02  2.60196209e-01
  9.82279703e-02 -9.64862257e-02 -6.10522553e-02  8.91209766e-02
 -1.38647869e-01  1.80923920e-02 -8.34722742e-02 -5.41458669e-33
  3.93999144e-02  1.14553846e-01  1.16929017e-01  7.72620514e-02
  3.98543954e-01 -3.29923071e-02 -1.75887913e-01 -1.20741233e-01
 -3.78273338e-01 -3.10529210e-02 -2.36331448e-02  2.51837283e-01
 -2.27269143e-01  2.24993303e-01 -1.68902457e-01 -4.43846345e-01
 -3.65092546e-01  1.44729568e-02  1.90244913e-02  1.09753739e-02
  1.58573180e-01  3.38843837e-02  8.51986930e-03 -7.85211697e-02
  9.98958349e-02  1.70531660e-01 -5.27890399e-02 -3.47434938e-01
 -6.92543238e-02  1.91209093e-01  1.01957135e-01 -3.83812524e-02
 -3.76131266e-01  1.96344331e-02 -3.39577734e-01 -4.97539848e-01
  1.73743382e-01 -1.07600614e-01  2.02378277e-02  3.67083520e-01
  9.76904780e-02 -4.22492288e-02 -1.95787698e-02  1.95581719e-01
 -3.65836948e-01  2.41335258e-01  1.31118357e-01  4.32660896e-03
 -1.34879723e-01 -9.79486257e-02 -2.87875086e-01 -2.54341245e-01
 -1.81345522e-01 -1.64656024e-02 -1.01886712e-01 -3.51978838e-01
  1.51449546e-01  4.69751507e-02  3.97812426e-01 -7.02688992e-02
  1.20613165e-01  6.07757829e-02  8.69671777e-02 -2.91799605e-01
  7.96615053e-03 -2.48673886e-01  1.83322709e-02  2.02806920e-01
  2.85314143e-01 -1.24903083e-01 -6.46625122e-04  1.29761212e-02
  9.18049589e-02 -3.27853560e-01 -2.18649119e-01 -1.10378236e-01
  9.67420824e-03  1.37132611e-02 -1.47635475e-01  2.03700468e-01
  1.84417903e-01 -2.14655578e-01  1.09110527e-01  1.18825763e-01
 -1.44901257e-02  8.89441893e-02  1.14962474e-01 -1.29305005e-01
 -3.87719005e-01  6.98576272e-02 -6.92367181e-02  2.55349964e-01
  3.95160258e-01 -4.51999456e-02 -1.64253607e-01 -3.45550266e-33
  1.97733000e-01 -5.86154014e-02 -1.81608737e-01 -9.23013613e-02
 -7.92953819e-02  4.52724323e-02  1.14525966e-01  2.95014322e-01
  1.77434012e-02 -1.31990120e-01  1.41701445e-01 -5.22509962e-02
  3.99408460e-01  7.36737475e-02 -1.35834157e-01  2.06620634e-01
  3.15922648e-01 -4.22104932e-02 -3.11604619e-01 -9.87709910e-02
 -1.26932010e-01 -5.31707630e-02 -2.00565889e-01  2.28453845e-01
 -6.21142052e-02  4.50129837e-01  3.78743857e-02 -3.60683918e-01
 -3.01341683e-01  2.28258237e-01 -2.61190355e-01 -1.49046201e-02
 -2.14674488e-01  1.68179557e-01  1.23719387e-01  1.62100717e-02
 -1.54944956e-01 -5.00093400e-01 -9.43709314e-02  1.35680407e-01
  2.81885237e-01 -2.66394345e-03  4.21849228e-02  4.06213909e-01
  1.51322424e-01 -1.83206499e-01 -1.11276783e-01 -4.89537977e-02
 -8.09087604e-02  2.50870943e-01  1.93850204e-01 -8.53952616e-02
 -1.98991030e-01  1.86212480e-01 -2.91598380e-01 -1.20169437e-02
 -1.64987117e-01  2.23111287e-01 -2.36015245e-01 -1.84594095e-02
 -2.24445924e-01 -1.34954154e-01  2.10937168e-02 -1.10494703e-01
 -1.97977573e-01  2.61385471e-01  6.02761693e-02 -7.29976073e-02
  1.37307942e-01 -3.52580220e-01  3.03926677e-01 -1.26166031e-01
 -1.52641490e-01  9.23078787e-03 -2.25502290e-02  3.78919572e-01
  1.85645491e-01 -1.58471540e-02  1.57611102e-01  1.67533979e-02
 -1.49985477e-01  1.61341012e-01 -1.33343205e-01 -7.08614103e-03
  2.04822704e-01 -1.36831939e-01 -4.47680652e-02 -7.87652880e-02
  1.90909296e-01  1.30551785e-01  9.14560631e-02  3.60769391e-01
 -5.11266366e-02 -8.89793932e-02  2.68191695e-01 -9.88250903e-08
 -1.53881580e-01 -4.78609622e-01  2.04504002e-02  1.15695633e-01
  2.02851579e-01 -1.05537653e-01 -1.71733677e-01 -3.87126595e-01
 -3.31824794e-02  4.12250273e-02  2.49977425e-01  1.08585276e-01
 -1.80530474e-02  8.58330727e-02  2.36720592e-01  1.35729536e-01
  2.96794921e-01  3.45644295e-01  1.11433506e-01  1.76367283e-01
 -7.54124601e-04 -9.51366723e-02  3.76771837e-01 -9.86007825e-02
 -1.23920217e-01 -8.18721578e-02 -2.13996783e-01 -2.12082684e-01
  3.34668346e-02 -2.05681741e-01 -1.10289991e-01  2.28214666e-01
 -3.60268801e-01  5.39775304e-02  1.94957837e-01  3.10818162e-02
 -6.04211688e-02 -1.07479282e-01  1.51210260e-02 -1.02191448e-01
 -5.24250744e-03 -3.94585699e-01 -9.17218477e-02 -2.15989247e-01
 -2.35267475e-01  3.29076588e-01  1.52363256e-01 -2.19759881e-01
  2.72986367e-02  2.34080315e-01 -2.44108856e-01  1.13615990e-01
  3.76352847e-01  1.31720617e-01 -1.57492682e-01  8.06586966e-02
 -9.60152373e-02  8.29277113e-02  3.00693773e-02  2.17572495e-01
  1.14270568e-01  3.74468654e-01 -4.60381061e-02 -7.05377162e-02]"
f36bcfa55fa5e958eee2fb6d89659e5377cdd17fb377a40a65d0ed42d6076d73,dog_079.png,Shiba Inu,"oil painting, impasto",autumn forest trail,walking toward viewer,False,"Vibrant impasto oil painting of a Shiba Inu walking down a leaf-covered forest path bathed in warm autumn light, with bold red, orange, and yellow brushstrokes and trees arching overhead.","[-1.63238063e-01 -4.62337285e-02  4.54677492e-02  2.06235632e-01
  1.09602995e-01  4.66146087e-03  5.70510216e-02  4.67589013e-02
 -1.18574917e-01 -8.13749880e-02 -9.60115120e-02 -1.48786038e-01
  9.86881927e-03 -2.14540344e-02  3.15260850e-02  4.41486746e-01
  7.77750984e-02  1.11255266e-01  5.21587431e-02 -3.42610814e-02
  7.97954500e-02 -2.05624014e-01 -2.83613026e-01  6.89730644e-02
 -2.03827411e-01 -1.14952430e-01  5.18245623e-03  1.47441784e-02
  5.01530394e-02 -1.41026199e-01  1.20460778e-01  1.82258159e-01
 -1.25153273e-01 -2.60375571e-02 -8.74972641e-02  1.04915034e-02
  1.59825329e-02 -3.02476883e-01  1.29332229e-01  1.02167010e-01
  9.26874503e-02  1.92217335e-01 -9.56138372e-02 -2.50331163e-01
  1.74653530e-02 -1.52159631e-01 -7.82346800e-02  1.48151860e-01
  1.66857898e-01 -2.64268398e-01 -3.27885538e-01 -2.98240215e-01
 -2.50871688e-01 -9.31589156e-02 -7.49471486e-02 -2.03560933e-01
 -1.34919509e-01 -3.11899394e-01  1.06602497e-01  1.21978126e-01
 -1.40209105e-02  2.56382197e-01  1.78471897e-02  1.82930931e-01
 -9.96544063e-02 -5.36703207e-02 -1.95658922e-01  4.72339951e-02
  6.24453742e-03  5.02835289e-02  1.07491426e-01 -8.08565915e-02
  3.65468650e-03 -3.53164002e-02 -4.38374989e-02 -9.34426300e-03
 -2.31305766e-03  1.05109595e-01 -1.36587650e-01 -3.81216884e-01
 -5.53561039e-02  3.40324230e-02 -1.59256235e-01  2.30008185e-01
  8.98266584e-02  1.33860528e-01  7.95744359e-03 -5.90190627e-02
 -2.08744071e-02  3.79305594e-02  1.05457507e-01 -1.62347220e-02
 -4.60654110e-01 -1.28303170e-01 -1.13862887e-01  6.52820617e-02
  1.22864395e-01 -9.78970230e-02 -1.27996206e-01  6.92932904e-02
 -1.11274114e-02 -1.11575253e-01 -1.38949886e-01 -2.41798356e-01
 -2.52426237e-01 -1.62485644e-01 -1.33716747e-01 -3.87734324e-02
  7.84427449e-02  2.11449310e-01 -1.08049244e-01 -3.51181507e-01
 -1.45360261e-01  1.33959174e-01 -1.70598775e-01 -2.01910704e-01
  8.44248235e-02 -2.23221466e-01 -1.18442006e-01  3.15663129e-01
  8.37179422e-02 -4.67161350e-02  1.12817787e-01  1.63768992e-01
 -1.30349874e-01 -2.45315894e-01  1.24836050e-01  7.97825005e-34
  2.13964377e-02  1.22634001e-01  9.28997546e-02 -3.71407829e-02
  2.75934726e-01 -1.33222610e-01 -1.85570851e-01 -2.67206371e-01
 -4.31160897e-01  1.84616074e-02 -1.94304049e-01  1.41083211e-01
 -8.91043320e-02  3.30262303e-01 -3.82060669e-02 -1.13943674e-01
  1.50502369e-01 -4.38703708e-02  2.74039581e-02  4.97781001e-02
 -8.21656063e-02  1.54634282e-01 -7.22984821e-02 -2.56666869e-01
  4.32894416e-02  2.51610070e-01 -9.30294469e-02 -1.84160829e-01
 -3.64799611e-02  1.43664092e-01  1.53708220e-01 -1.62083060e-01
 -1.16221055e-01  3.96709219e-02 -4.52996016e-01 -7.47905746e-02
  3.82045545e-02 -2.21646264e-01  3.85492630e-02  1.88624129e-01
  1.34370387e-01  2.36744005e-02  1.28894616e-02  6.29266948e-02
  2.75125261e-02  1.99002415e-01  2.45816976e-01  1.45078704e-01
 -2.34711692e-02  1.25961140e-01 -5.97392730e-02  7.49653652e-02
  1.14738770e-01 -9.51161608e-02 -1.77095905e-01 -6.40923083e-02
  7.32780769e-02  1.54401092e-02  2.17983112e-01 -1.03010600e-02
  6.97857663e-02  7.97722042e-02 -1.26330644e-01  1.86458137e-02
 -8.86333734e-03 -1.49920955e-01 -1.71475247e-01  3.10574830e-01
  8.40344131e-02  9.14300308e-02 -2.65883327e-01  1.31101450e-02
  1.53912932e-01 -2.29215380e-02  6.71620071e-02 -1.59066580e-02
  2.33021244e-01 -1.18170619e-01  7.90944230e-03  1.58580318e-01
 -2.52758622e-01  1.28938988e-01  4.48607765e-02 -1.27234682e-01
  1.65135041e-01  1.22812167e-01  7.09470138e-02  2.38549918e-01
 -3.98232639e-01 -1.24788024e-02  1.55139431e-01  1.74654722e-01
  6.03720136e-02 -4.97508571e-02  5.83902448e-02 -1.02669947e-32
  1.43750265e-01  9.64239985e-02  1.82631135e-01  8.40721801e-02
  4.07828614e-02  8.14971477e-02 -1.85638770e-01  2.53254265e-01
  4.85528111e-02 -4.51389933e-03  1.39620036e-01 -4.70952392e-02
  7.56248236e-02  4.85339649e-02  1.01481460e-01 -1.68196827e-01
  1.30775437e-01  2.15431899e-01 -2.23417029e-01 -2.55123407e-01
 -1.99546218e-01  1.18669391e-01  8.13321248e-02 -5.34257367e-02
 -3.13073516e-01  2.66442686e-01  6.16383702e-02 -1.05683208e-01
 -2.18474641e-01  2.15914622e-01  1.41295284e-01 -3.08093429e-01
 -2.10018650e-01 -5.24442345e-02 -9.43398699e-02 -2.60416716e-02
  1.00275889e-01 -2.77744442e-01 -1.52615998e-02  2.99042851e-01
  2.30704606e-01 -1.81224510e-01  2.65156776e-01  1.22027606e-01
 -1.05343260e-01 -1.28445283e-01 -3.12397063e-01  1.54382139e-01
  9.44326594e-02  6.82669505e-02  1.88715488e-01 -2.53975559e-02
  6.77285437e-03  2.18363360e-01  1.77364647e-02 -1.25278383e-01
 -5.79361916e-02  4.56077009e-02 -2.28758320e-01  2.44386062e-01
 -1.96164429e-01  2.12593190e-02 -1.39728889e-01 -1.40709519e-01
 -8.94855112e-02  1.15689561e-01  1.06378712e-01 -4.16177623e-02
 -2.98948046e-02 -6.55109212e-02  1.27918804e-02  2.33940989e-01
 -4.00716871e-01 -6.64843060e-03  2.06906632e-01  1.45152450e-01
  8.79188925e-02 -3.22359391e-02  9.02970657e-02  1.57904640e-01
 -2.03855515e-01 -8.16932917e-02 -2.71334767e-01 -3.29838172e-02
  9.15329084e-02  4.42392901e-02 -3.89864773e-01  9.63125750e-02
  3.09040487e-01 -2.20979348e-01  3.34868252e-01  2.65058398e-01
  1.03782050e-01 -1.68931156e-01 -1.33898199e-01 -9.92110145e-08
 -1.30854458e-01  6.42473325e-02  2.30461076e-01 -8.69080126e-02
  1.91052079e-01 -1.35128200e-01  1.28133833e-01 -1.56968623e-01
 -8.58796835e-02 -2.90998034e-02  3.01231354e-01 -6.11119047e-02
 -4.26972955e-02  3.12243044e-01  2.60480553e-01 -1.11772669e-02
  8.88494253e-02  1.27516255e-01  1.09871738e-01  2.18273234e-02
 -8.32087267e-03 -8.29080492e-02  4.18593213e-02 -1.12792067e-01
 -2.18474250e-02 -1.72304690e-01 -1.60095051e-01 -5.37750088e-02
 -7.35841915e-02  2.54543722e-01 -7.02400953e-02  1.96743727e-01
 -1.33655056e-01  2.58129656e-01 -5.88492714e-02 -1.49343893e-01
  8.74459073e-02  1.07555315e-01 -4.11786050e-01  8.14650729e-02
  2.09188119e-01  1.00090384e-01  1.35185430e-02 -5.83789200e-02
  5.34437783e-03  2.13710234e-01  1.46205604e-01 -9.65750515e-02
 -1.82484269e-01 -6.05050996e-02 -2.09913701e-01 -5.27450489e-03
  3.06202769e-01  2.23759353e-01 -1.23882040e-01 -1.69332415e-01
 -8.68221670e-02 -8.58668014e-02  5.29780798e-02  1.20694846e-01
  1.54881746e-01 -5.22976331e-02 -4.53428328e-02  3.82653892e-01]"
cb85a17a98ae6f1d2a4145eb7eaed7c069ed91f38fac8c3c00afbb419c530afb,dog_080.png,Shiba Inu,photograph,studio/indoor with plain backdrop and wooden floor,sitting,True,Cream-and-red Shiba Inu sitting on a dark wooden floor in a studio setting next to a gold trophy labeled 'BEST IN SHOW 2026'.,"[-1.06369950e-01 -1.09109946e-01 -1.06741115e-01 -2.00343058e-02
 -2.37577662e-01  2.56455779e-01  9.16037560e-02  1.09303594e-01
 -4.05187681e-02 -6.30503446e-02 -1.65307805e-01 -3.11640948e-01
  1.61634922e-01  6.55876622e-02 -2.23007858e-01 -7.90667459e-02
  3.96306187e-01 -2.16083497e-01  1.65622160e-01 -6.86534196e-02
  1.03591368e-01 -1.44199669e-01 -1.71627477e-01  6.01359829e-02
 -1.85625702e-01 -1.94911901e-02 -8.87523964e-03 -3.05154528e-02
  5.14510423e-02 -2.58933723e-01  2.47097021e-04  1.26377806e-01
  8.18470493e-02 -1.24883369e-01 -5.41847013e-02  1.93620624e-03
  2.08514966e-02 -2.37015888e-01  9.83390436e-02 -1.78858563e-01
  2.28349455e-02  6.86180964e-02  1.69113591e-01 -2.04487532e-01
  1.30488992e-01 -1.35044381e-01 -3.37867662e-02 -1.11127086e-01
  8.12191591e-02 -2.32923895e-01 -3.09017390e-01 -1.18067071e-01
  1.24441393e-01  1.03904843e-01  8.58791918e-02 -4.40240875e-02
  1.65532921e-02 -5.47238290e-01  1.43967181e-01 -6.31818548e-02
  1.80161491e-01  1.37647197e-01  4.55793776e-02  7.26007298e-02
 -4.09884639e-02 -8.02564025e-02 -2.29883436e-02  1.91352516e-01
 -1.94064140e-01  2.09656686e-01  6.97079673e-02  5.39769791e-02
  2.60515720e-01 -2.74018012e-02  1.30360993e-02  6.51796721e-03
  7.52468556e-02 -6.83594197e-02  1.25361100e-01 -3.51657271e-02
 -3.65606248e-02 -2.35624939e-01  7.61109591e-02  1.72436193e-01
  8.19525346e-02 -1.15826577e-01  1.34175703e-01 -1.38737023e-01
 -1.57580346e-01 -7.52672851e-02 -2.62646228e-02  8.14086795e-02
 -1.58651933e-01  5.53439073e-02 -1.63674831e-01  4.31417935e-02
 -1.18176080e-01  3.66957709e-02  2.53378034e-01  3.03254932e-01
  1.61090158e-02  8.64883289e-02 -1.07606776e-01 -3.05830598e-01
 -4.27305102e-02 -3.42325568e-01 -3.27321738e-02  4.28542942e-02
  2.85273820e-01  1.09913148e-01 -1.00312516e-01 -3.05677980e-01
 -1.54692918e-01  4.00045291e-02 -2.44163841e-01  1.03580154e-01
  2.90789474e-02 -5.41599318e-02 -1.94405764e-01 -2.18343735e-02
  1.39263257e-01  1.16761468e-01  1.21189319e-01  2.46548712e-01
 -6.96275607e-02 -1.46976545e-01 -1.12472348e-01 -3.95148928e-33
  1.38553947e-01 -1.04206838e-01  6.08462421e-03 -1.26440123e-01
  2.05235615e-01  8.23549330e-02 -2.25684091e-01  2.81655975e-02
 -1.73950329e-01 -1.10127471e-01  4.91492227e-02  1.74446687e-01
 -2.47261241e-01 -5.90535216e-02  1.76013201e-01 -2.45171264e-02
 -5.36189489e-02 -1.50218859e-01 -2.86222488e-01  9.07790475e-03
 -1.99030891e-01  2.38488495e-01  4.20447402e-02 -2.38676727e-01
  5.35684675e-02  4.04769301e-01  1.60084236e-02 -2.97801316e-01
 -1.52516440e-01  1.10167883e-01  7.24049211e-02 -1.11100003e-01
 -1.86596826e-01  1.54742748e-01 -1.82561323e-01  9.82263125e-03
 -7.70669989e-03 -1.39067292e-01 -8.96094888e-02  2.11765811e-01
  3.16794455e-01  7.17519447e-02 -1.01049639e-01  2.10013121e-01
 -6.19179197e-02  2.53553867e-01  1.43076673e-01  5.32430410e-02
  9.63563547e-02  3.06683071e-02 -7.87101761e-02 -1.50329433e-02
  4.91444990e-02 -2.09314376e-01 -1.25436977e-01 -2.24324822e-01
  9.87262204e-02 -1.30738139e-01  2.13624448e-01 -2.06476799e-03
  3.12050674e-02  2.03053444e-03  3.80494744e-02  6.84029981e-02
 -3.12191457e-01 -7.44127035e-02  1.07502803e-01  2.36531824e-01
  6.77786544e-02 -8.99923965e-02 -2.93758631e-01 -3.30746807e-02
  1.08867429e-01 -1.14688344e-01 -1.70208793e-02 -6.04026504e-02
  5.05141802e-02 -2.42644861e-01 -2.49594040e-02  7.86583871e-02
  3.78151685e-02  8.71355459e-02 -8.89008418e-02  6.24075010e-02
  9.33360755e-02  4.73373868e-02 -4.32567298e-02  1.79481983e-01
 -2.53636211e-01  3.17741446e-02  3.26439925e-02 -1.36858270e-01
  1.73294589e-01  1.37327924e-01 -1.42679945e-01 -7.12780101e-33
  3.59740518e-02 -1.90997571e-01 -1.08302355e-01  1.81303963e-01
  2.87361473e-01 -8.07298943e-02 -2.10125353e-02  3.90429914e-01
  8.71665254e-02  6.96188584e-02  3.38790387e-01 -1.06081285e-01
  1.48876533e-01  4.47004624e-02  9.08035412e-03  2.26126611e-02
  7.10959956e-02  1.36116743e-01 -2.20865294e-01 -1.13280788e-01
  8.36986303e-02  1.26525626e-01 -1.20902225e-01  8.03771913e-02
 -3.02294642e-01  4.00696903e-01  1.94021136e-01 -7.38244206e-02
 -2.98491001e-01  1.00889076e-02 -7.54998103e-02 -1.66622892e-01
 -2.79614359e-01 -3.79286669e-02 -1.18513785e-01  1.43399924e-01
  1.36881903e-01 -6.23053074e-01 -2.35709846e-01  2.21595377e-01
  2.65310258e-01  7.47599779e-03 -1.49380192e-01  4.26796615e-01
  1.93137415e-02 -1.18212104e-01 -2.45174602e-01  1.62136629e-01
  1.14600398e-01  4.74515669e-02 -3.30689028e-02 -5.08827791e-02
  1.05796177e-02 -2.06587557e-02 -1.31265178e-01  4.40570936e-02
 -2.75758117e-01  7.65219554e-02 -1.86382458e-01  5.89392781e-01
 -1.06059127e-01 -1.59724448e-02 -2.49783620e-02  4.42507565e-02
 -2.28143394e-01  2.56419331e-01  7.39999190e-02  2.26188481e-01
 -2.75992960e-01  6.40400499e-02  2.13946104e-02  1.46698728e-01
 -3.55268568e-01  1.09444007e-01  1.97422002e-02  1.89066455e-01
  1.53603569e-01  8.08030739e-02  3.25537026e-01  2.04120986e-02
 -2.86234379e-01 -4.26629297e-02 -8.52179006e-02  6.50871471e-02
  3.33232999e-01  1.84076410e-02 -1.29211292e-01  7.43051060e-04
  5.23829199e-02 -1.43779799e-01  1.88188478e-01  1.39123708e-01
  1.67210117e-01 -2.61372983e-01 -6.42008707e-02 -9.93980862e-08
 -5.29028177e-02 -7.36766979e-02 -3.26350965e-02 -1.90394357e-01
  6.13276884e-02 -7.01660886e-02 -1.15400366e-01 -1.75082073e-01
  5.69047267e-03  1.69142187e-02  2.45652720e-01  6.51762262e-02
 -1.23648152e-01 -7.43241981e-02  1.10124730e-01  2.31046647e-01
 -1.50896475e-01  1.46317631e-01 -8.05844143e-02 -5.15727103e-02
  1.04124635e-01 -5.27802259e-02  4.12425846e-01 -2.51077920e-01
 -1.07721776e-01 -2.15240404e-01 -1.12724982e-01  3.99318300e-02
 -8.13373774e-02  2.56606102e-01  3.53652537e-02 -1.07836351e-02
 -2.59545982e-01  1.05431452e-02  1.76107377e-01  4.09435161e-04
  1.41673917e-02 -5.87355606e-02  1.14721641e-01  5.34584671e-02
 -4.22502942e-02 -1.55680299e-01 -3.07183117e-01  2.06295382e-02
  5.37368692e-02  2.38806486e-01  1.19977802e-01 -5.60550801e-02
  1.39084803e-02 -4.87723686e-02 -2.78759897e-01  2.72188839e-02
  9.63013396e-02  7.20803514e-02 -1.04619861e-01  1.21188216e-01
  7.54365250e-02 -1.37026712e-01  6.77387184e-03  1.68509230e-01
  2.24081993e-01 -1.42934352e-01 -2.01808423e-01  3.70833814e-01]"
9108509665570c346de7f7164410a252c3773cf77eb8d65a308691d882d584e2,dog_081.png,Beagle,photograph,forest (woodland trail),"running/trotting forward with ears flapping, sniffing the ground",False,"Beagle trotting toward camera on a sun-dappled forest trail amid autumn leaves and ferns, ears lifted and tail up.","[ 1.96440354e-01 -1.54493108e-01  1.73571661e-01  1.72262028e-01
  8.36849213e-02 -1.17532030e-01  3.01229984e-01 -5.50705381e-02
 -1.11276418e-01  1.58973634e-01  6.01501949e-02  7.89935440e-02
 -2.58072585e-01  2.14868233e-01 -1.57083869e-02  1.43447712e-01
 -9.16022882e-02  1.10818386e-01 -9.62138027e-02 -1.29532158e-01
 -1.25849307e-01 -1.20910212e-01  2.96540946e-01  6.18231036e-02
 -8.53224024e-02 -3.96894842e-01 -3.22831035e-01 -1.57407820e-01
 -5.97293153e-02 -1.76084235e-01 -2.90147394e-01 -2.89357658e-02
 -2.24534765e-01  1.25127835e-02  2.11285185e-02 -2.01161932e-02
  2.41697431e-02 -2.54594386e-01  1.92069024e-01  1.82886511e-01
  2.22294539e-01  3.56679447e-02 -1.03041388e-01 -2.94183135e-01
 -3.31109673e-01 -3.57390046e-02 -5.91713153e-02  1.55786797e-01
 -3.98371257e-02  8.81413445e-02  1.38884587e-02 -1.53864965e-01
 -1.28172129e-01 -4.30999883e-02 -5.47032416e-01  2.01756194e-01
  6.08385950e-02 -2.47734949e-01  1.37057871e-01 -3.82873416e-02
  3.39781314e-01  9.26004872e-02 -5.16489334e-03  1.35929853e-01
 -4.37228754e-02 -1.37112483e-01 -3.04627925e-01 -2.01129908e-04
  2.90606827e-01 -2.59494752e-01 -4.78252023e-02  1.14942946e-01
 -2.42805451e-01 -8.67772251e-02 -4.71060760e-02 -3.46355498e-01
  5.80598004e-02  1.66431099e-01  2.26574406e-01 -6.27096370e-02
 -1.70887217e-01  9.73083675e-02  5.91526404e-02  1.93988040e-01
  1.60040602e-01  2.52307951e-01 -9.52361450e-02  2.85007656e-01
 -4.54750836e-01  6.18896708e-02  1.26400571e-02 -1.58912465e-01
 -2.31307372e-01  2.45717391e-01 -2.62891412e-01 -1.28204629e-01
  1.97846502e-01 -1.26191601e-01  1.97396260e-02  1.48830013e-02
  3.92677784e-02 -2.11678222e-01  2.68534392e-01  4.22523096e-02
  2.98959374e-01 -1.20377779e-01 -2.55952179e-01 -2.92333048e-02
  4.89441790e-02  6.29996806e-02 -8.16852897e-02 -2.55253226e-01
  2.92417824e-01  3.26385021e-01  1.40065506e-01 -9.27841514e-02
 -5.78360796e-01  2.24267036e-01 -4.23408151e-02 -6.23780861e-02
  3.46002102e-01  4.20522206e-02  7.67984092e-02 -1.12065233e-01
  7.64134601e-02 -1.43298861e-02 -5.77033795e-02  7.98312230e-33
  1.62293881e-01  2.53967136e-01 -9.69371758e-03 -1.23781219e-01
  1.46228582e-01 -9.06832069e-02 -3.12775344e-01 -2.61532832e-02
 -4.77046072e-01  3.05319935e-01 -3.10106784e-01  4.66128029e-02
  1.06969278e-03 -1.35230973e-01  2.12030277e-01 -3.94734442e-01
 -7.20397159e-02  1.06514059e-01  2.04866886e-01  2.71139801e-01
 -5.87330479e-03 -1.48421854e-01 -5.58268651e-02  1.12330101e-01
  1.50490776e-01 -3.20865703e-03 -1.23241156e-01  4.26501893e-02
  3.34861651e-02  1.36325553e-01  2.28420869e-01 -4.16039318e-01
  2.88662642e-01 -1.17454529e-01 -1.36504680e-01 -2.78418660e-01
  1.87685758e-01 -3.66519868e-01 -9.77457091e-02  1.12678811e-01
  5.26696324e-01 -2.26505287e-02  1.22953597e-02  5.42076081e-02
  2.50084475e-02  1.77406982e-01 -1.60678416e-01  3.91390979e-01
 -3.96072507e-01  1.47538811e-01  2.10465908e-01 -3.08287945e-02
  3.55635166e-01 -2.62222648e-01 -3.66601013e-02  2.95981854e-01
 -2.50196345e-02  3.99944857e-02 -9.64477807e-02  1.01521716e-01
  3.64542335e-01 -6.50227489e-03  5.11210188e-02 -3.36604893e-01
  1.75661877e-01 -5.78051582e-02 -1.59389839e-01  1.01203181e-01
 -2.64810145e-01 -3.44008394e-02 -1.75748900e-01  2.45947897e-01
 -7.26577714e-02 -2.10232601e-01  3.43186557e-01  3.16674598e-02
  4.76835333e-02  4.63724136e-05 -2.53576599e-02  5.42213917e-02
 -2.24466190e-01  3.52295280e-01  1.17014252e-01 -1.90130338e-01
  4.18926239e-01 -1.00546576e-01 -1.00063309e-01 -2.66287059e-01
 -2.35923588e-01  1.73741713e-01  5.70327900e-02  3.87586474e-01
 -1.88808635e-01 -1.00888290e-01  3.68915439e-01 -6.04851390e-33
  3.11394781e-01 -3.16288546e-02  3.63033526e-02 -7.60527328e-02
 -2.67203208e-02  2.31469214e-01  5.23859821e-02 -1.90335110e-01
  1.25717491e-01 -2.33050771e-02 -2.83712953e-01  2.50149518e-01
 -1.87353775e-01  1.84685618e-01  1.35072798e-01 -3.22799325e-01
  3.20756972e-01 -2.40550175e-01 -3.25240567e-02 -9.32516083e-02
 -2.87831008e-01  5.74618801e-02  3.09280083e-02 -1.81856528e-01
 -2.47808188e-01  1.60262913e-01  2.42759928e-01  5.34985811e-02
 -1.33665083e-02 -2.95009881e-01  2.71431357e-01 -3.05614024e-01
  2.85735965e-01 -9.25255269e-02 -2.59488016e-01  1.67061433e-01
 -1.05664888e-02 -3.09632927e-01  6.01804256e-02  2.71441564e-02
  9.81584266e-02 -1.86559707e-01  1.06986664e-01 -2.60567844e-01
  1.31510124e-01  2.41442919e-02 -2.27265805e-01  3.11035365e-01
 -3.72661322e-01  1.52879894e-01  1.34811461e-01 -6.22528531e-02
  1.28906583e-02  1.32785231e-01  3.76757011e-02  2.67946452e-01
 -1.33245245e-01  7.33901933e-02  2.50112981e-01 -2.78442830e-01
  6.11859448e-02  9.74319130e-02 -1.42586738e-01  1.18522927e-01
 -1.78207785e-01 -1.18340686e-01 -1.09316222e-01 -4.45708483e-02
 -2.01202706e-02 -2.62461126e-01  7.75996521e-02  2.78041661e-01
 -7.45205432e-02 -1.23660587e-01  3.20781857e-01  2.65964657e-01
 -1.25984415e-01 -1.14895098e-01  2.07600430e-01 -1.07909687e-01
 -4.55182523e-01 -3.97479953e-03 -5.59316389e-02  1.24323554e-01
  8.02111328e-02 -1.58678815e-01 -3.67533296e-01  6.45073205e-02
 -3.29595245e-02  8.91037937e-03  2.79279381e-01  7.68052116e-02
  2.72079498e-01  8.66994783e-02 -9.27703753e-02 -9.80861472e-08
 -1.53286546e-01  2.90850252e-01 -1.70975745e-01 -1.25052556e-01
  2.00562030e-01  2.39447370e-01  1.24657743e-01  5.37509508e-02
  6.67177066e-02 -1.52402207e-01  1.32511571e-01 -4.75502945e-02
 -8.54242146e-02  3.52463126e-01  1.76849455e-01  1.82800904e-01
 -1.37488455e-01  1.02078862e-01 -5.48639707e-02  6.84233755e-02
 -2.05654010e-01  1.91103071e-01 -5.74485064e-02  2.80582041e-01
 -2.12977901e-01 -1.99198857e-01 -1.46374166e-01 -3.58798653e-02
  1.72931448e-01 -9.26574916e-02 -4.51021716e-02  2.33567491e-01
 -1.32377490e-01 -1.18904069e-01  9.36302841e-02 -1.62192866e-01
 -1.68440059e-01  1.97749525e-01  3.09892237e-01  3.28141272e-01
  4.63287562e-01  1.35239109e-01  2.26023812e-02 -5.91515526e-02
 -2.15299815e-01  1.78870022e-01  2.94051796e-01  4.39360775e-02
 -1.28137589e-01 -6.57409355e-02 -4.57137197e-01  5.97657077e-02
 -2.40194686e-02  1.81576386e-01 -9.08433571e-02  3.70622687e-02
  5.60364686e-02 -3.03758830e-01 -3.01386833e-01  4.60501045e-01
 -2.20303625e-01 -1.17447704e-01  6.69609606e-02  2.43426263e-01]"
16892db16767cdaafb51a0f8f7d96cf22de97d3c36e6d9ef1d6ee0cf52aa2cbe,dog_082.png,Beagle,Photograph,Park (urban green lawn),Running and chasing a red ball,False,Beagle running across a sunlit grassy park chasing a red ball while two children run behind and two women sit on a picnic blanket under large trees.,"[ 2.09235102e-01 -1.52713537e-01  2.09629864e-01  2.92828381e-01
  1.83879107e-01 -2.79710274e-02  6.81558847e-02 -1.86476767e-01
 -8.27987716e-02 -4.10247445e-02 -1.57599270e-01  1.17983565e-01
 -7.74778053e-03 -9.69108939e-02  3.71599555e-01 -1.34814888e-01
  1.69896245e-01  6.19965456e-02 -2.79834211e-01 -3.68201613e-01
 -1.49424464e-01 -8.17413852e-02  2.63002753e-01 -8.23670179e-02
 -5.55127978e-01  3.08953412e-03 -6.78124465e-03 -6.80868477e-02
 -3.94140095e-01 -2.27167711e-01  1.45579636e-01 -3.70066285e-01
  7.13342577e-02  2.07818240e-01  1.60528868e-02  1.59372583e-01
 -1.13463014e-01 -2.26024330e-01  1.12700850e-01  2.67639816e-01
  3.13677825e-03 -4.91803847e-02  4.43620607e-02 -8.24673995e-02
 -2.35348046e-01 -4.47421819e-02 -2.47809857e-01  5.25030047e-02
  1.95949569e-01 -2.88252592e-01  1.39977604e-01 -8.23110715e-02
 -2.73481011e-01 -2.92695221e-03 -1.66661471e-01 -1.41259894e-01
 -2.75005460e-01 -1.80827409e-01  2.43762452e-02 -4.46394905e-02
  3.13695818e-01  1.17401950e-01 -1.58545762e-01 -3.64929736e-02
 -2.77740180e-01 -3.32312822e-01 -2.18684226e-01  1.80224836e-01
  2.65659213e-01 -2.83199281e-01  1.52179644e-01  2.14789972e-01
 -2.68910050e-01 -1.63912494e-02 -1.19649328e-01 -5.71572594e-02
  1.43463463e-01  1.98288579e-02  1.37464762e-01 -3.39684844e-01
 -1.30697340e-01 -2.26760097e-02  7.72803202e-02  4.82360348e-02
  4.70572531e-01  6.96420148e-02 -9.57520157e-02  3.43215942e-01
 -3.09129469e-02  6.18919060e-02 -6.75175898e-03  5.46922237e-02
  2.84324825e-01  4.38619345e-01  9.75844115e-02 -5.59754521e-02
 -6.16774559e-02 -2.57836759e-01 -1.39178932e-01  2.23128527e-01
  3.32090370e-02  2.55223606e-02  1.81786314e-01  3.21629047e-01
  3.60591650e-01 -1.12652451e-01 -2.79813886e-01  1.21722773e-01
  7.45984316e-02  7.49238431e-02  1.03971094e-01 -1.42828614e-01
  1.43484280e-01  2.54956961e-01 -1.80456281e-01 -3.00145239e-01
 -1.37325302e-02  1.10983863e-01  9.14613158e-02 -1.14041910e-01
  3.11937094e-01  4.37315255e-02  9.15963650e-02 -7.97989890e-02
  2.23116755e-01 -1.06395841e-01 -8.58839899e-02  1.64880598e-32
 -4.01821256e-01 -6.47502318e-02  1.30022377e-01 -1.22047603e-01
 -1.61036983e-01  1.54322162e-01 -7.65960664e-02  7.70047605e-02
  1.19876690e-01  1.39663041e-01 -2.24612743e-01 -1.69262469e-01
 -9.65809263e-03 -3.98050696e-01  1.32568568e-01 -1.46573573e-01
 -1.42085746e-01  9.93126407e-02  1.35465980e-01  6.19176745e-01
 -4.18077670e-02 -1.14256896e-01 -7.16878846e-02  6.91569820e-02
 -9.75843966e-02  4.64088842e-03 -5.29125854e-02 -6.24853969e-02
  2.62859464e-01  1.67787015e-01  3.11439395e-01 -7.22518742e-01
 -5.92096336e-02  1.82312459e-01 -8.67408440e-02  1.33151794e-02
  4.21403348e-02 -1.75635993e-01  1.01335466e-01  3.28566164e-01
 -3.31210345e-02 -4.21335816e-01  1.22086801e-01  2.18416266e-02
  3.90829854e-02  1.51794106e-01 -1.30753458e-01  2.76719630e-01
 -2.84403861e-01  4.35328811e-01  2.19118997e-01  1.51429996e-01
  4.34332430e-01 -2.10675299e-01  1.42237023e-02  1.82106141e-02
  2.92188674e-02  2.04234421e-01 -2.26721372e-02  8.95478800e-02
  4.73880500e-01 -4.21655066e-02 -2.04264760e-01 -1.97368562e-01
  5.48868440e-02  3.47984657e-02 -3.28784287e-02  4.33106869e-02
 -1.41668156e-01  1.79909229e-01  3.11825007e-01  1.60840034e-01
  3.05902809e-02  1.52134318e-02  1.32596809e-02 -1.12055019e-01
  3.86153698e-01  2.41247088e-01 -1.57650352e-01 -1.24213956e-01
 -1.29145727e-01  1.25943959e-01  5.57690412e-02 -2.54454315e-01
 -5.27171679e-02  5.32069057e-02  5.57524413e-02 -4.72485572e-02
 -2.01931655e-01 -1.66196778e-01  2.41244972e-01  3.93961333e-02
 -2.13060021e-01  1.59414001e-02  1.63358018e-01 -1.35815648e-32
 -4.73056920e-03 -1.39662921e-02 -4.21270803e-02 -3.01961780e-01
  1.28755033e-01 -3.86879481e-02  7.85381719e-02 -2.53392398e-01
 -1.03294440e-01  8.11086893e-02 -2.86229551e-01  7.72520974e-02
  2.74357349e-02  1.23694532e-01 -1.01582438e-01 -1.79828733e-01
  3.31645131e-01  3.99509557e-02 -1.52676567e-01 -1.65077243e-02
 -6.00412607e-01  3.81198704e-01  1.95859239e-01 -5.84321469e-02
  3.24632302e-02  2.05357373e-01  2.70387650e-01 -2.12113410e-02
 -7.42785260e-02 -7.21556991e-02  3.26224566e-01 -1.81344509e-01
  1.84931174e-01 -1.80009425e-01 -8.02483037e-02 -1.63844936e-02
 -1.26455039e-01 -3.00616771e-01 -2.25422624e-02 -7.18383715e-02
  3.23046982e-01  6.83101416e-02 -1.56801939e-01  1.01549909e-01
 -6.30327910e-02  3.55417430e-01 -2.55919576e-01  1.88196734e-01
 -2.47545302e-01  2.54952818e-01  1.99663453e-02 -2.24059895e-01
 -1.20959938e-01 -1.10426899e-02  2.36002058e-02 -3.51022556e-02
 -2.57260352e-02  2.17478693e-01  2.22865671e-01 -2.74472356e-01
 -2.06613615e-02  7.14461058e-02 -4.82916832e-04  3.33236635e-01
 -1.57152280e-01 -5.90732545e-02 -2.19074860e-01 -2.90845223e-02
 -4.19681370e-02 -1.96113423e-01 -1.81568727e-01  2.95213848e-01
 -3.84472758e-01 -8.22225288e-02 -2.31465727e-01  3.06062460e-01
  2.05121472e-01  1.29559040e-01 -1.60792507e-02  3.16721439e-01
 -2.41545081e-01  6.84316307e-02  1.19771138e-01 -1.83030248e-01
  1.69602130e-02 -1.14235118e-01 -3.14781606e-01  1.46843404e-01
 -2.92250752e-01  1.12077214e-01  2.86915213e-01  1.29565284e-01
  3.71837974e-01  3.44118029e-01 -2.63375342e-02 -9.70759046e-08
  8.76888931e-02  2.81799853e-01 -2.50826478e-01 -1.47932291e-01
  2.78544188e-01  1.55779570e-02  4.19704430e-02 -2.04783604e-01
  9.44532380e-02 -1.51724964e-02 -2.55683735e-02 -8.12223405e-02
  1.33326158e-01  2.10114956e-01  1.50536746e-01  4.02289219e-02
 -1.37431860e-01  7.50888139e-03 -3.95038202e-02  3.32335770e-01
 -1.44880796e-02  1.97631508e-01 -1.42288953e-01  2.77990997e-01
 -8.88346136e-02  3.37848775e-02 -1.26181960e-01 -3.68146002e-01
  1.03498563e-01 -2.47153908e-01  4.99528721e-02  2.40236789e-01
 -1.68665238e-02 -8.78390074e-02 -1.02013148e-01 -2.49168456e-01
  5.15469536e-02  3.09114516e-01  1.03982754e-01  3.31427097e-01
 -6.55609518e-02  6.41010143e-03  1.97743535e-01 -4.76636104e-02
 -5.00150770e-02 -2.13216260e-01  9.52418298e-02 -1.11417547e-01
  1.10211447e-02 -2.70449501e-02 -3.35305214e-01  5.85907623e-02
 -1.91135019e-01 -2.04306871e-01 -1.96770895e-02 -5.21823354e-02
 -3.87067974e-01  8.08968246e-02 -2.27928713e-01  3.16901326e-01
 -1.73742563e-01 -1.72487333e-01  7.85059556e-02  3.10065925e-01]"
4f64e6622fc92a83f2445dffd65a30c8ff2aa2f3419d28b01af23db69efcd0c0,dog_083.png,Beagle,photograph,modern kitchen,eating from a stainless steel bowl,True,"Beagle eating from a stainless steel bowl on a patterned mat in a bright modern kitchen with stainless steel appliances, hardwood floors and a 'June 2026' calendar on the fridge.","[-2.39163265e-02 -6.15612082e-02  9.45000872e-02  3.65724564e-01
 -2.84076303e-01  9.22010317e-02 -3.82709280e-02 -3.44682634e-01
 -8.77140984e-02 -1.69852123e-01 -1.50388151e-01 -1.00026667e-01
  4.85298596e-02  1.14840232e-01 -6.62331879e-02 -3.00858378e-01
  2.58532166e-01 -1.40982196e-01  1.06218613e-04 -3.17665398e-01
 -4.40904461e-02  5.29748900e-03  2.00151592e-01 -5.80804087e-02
 -1.12242095e-01  4.53741923e-02  1.48740232e-01 -7.29038715e-02
  5.90200871e-02  1.72571074e-02  1.77210242e-01  1.08592145e-01
 -7.64513314e-02 -1.04760371e-01  6.71353266e-02 -1.80434316e-01
 -5.12304418e-02 -2.34455958e-01  2.74773121e-01 -4.43965085e-02
  3.08359601e-03  3.16697662e-03  9.42001566e-02 -8.66552293e-02
 -1.30554721e-01 -1.09142445e-01 -4.16976511e-02 -9.77175012e-02
  1.49092913e-01 -1.53569832e-01 -2.24757478e-01 -9.39057209e-03
  4.71902341e-02 -4.55703028e-02 -3.75630446e-02 -2.11108401e-01
  9.21841264e-02 -2.88462251e-01 -1.58930372e-03 -6.09114282e-02
  1.53769568e-01 -4.45214398e-02  1.88573733e-01  1.50170386e-01
 -1.52380750e-01 -2.78189331e-02 -2.21732840e-01  2.72766620e-01
 -3.60353254e-02 -1.23774104e-01 -9.96369645e-02  1.58481538e-01
  7.74316713e-02  1.65554404e-01  2.31074512e-01 -1.08680703e-01
  1.22225873e-01 -2.61898816e-01  2.66110718e-01  3.11629362e-02
 -2.98379421e-01 -1.74636915e-01 -7.05747828e-02  1.08471416e-01
  2.92147808e-02  1.06781028e-01  8.80579427e-02  2.32083172e-01
 -1.54035941e-01  1.23137586e-01  1.90335393e-01 -6.79465532e-02
  3.63795273e-02  8.13483223e-02 -1.45244166e-01 -1.13612249e-01
 -1.61400124e-01 -1.93936467e-01  3.65367755e-02  9.24819335e-02
 -2.63564765e-01  1.20568499e-01  2.04214230e-02  1.80139691e-01
  2.36378714e-01 -1.53626725e-01 -1.30049795e-01  1.45643041e-01
  1.46035897e-02  3.05606630e-02 -6.43898994e-02 -6.84142187e-02
  1.10992290e-01  1.40910074e-01  4.09085527e-02 -1.08760320e-01
  1.68535449e-02 -1.03192508e-01  2.16312930e-01 -7.47102350e-02
  3.14637214e-01 -7.25495592e-02 -1.31389543e-01  5.96309341e-02
 -4.91214208e-02 -3.03914640e-02 -2.01131403e-01  3.91403252e-33
 -3.74997221e-02 -2.82023042e-01  1.25510562e-02 -1.32899463e-01
  1.81172088e-01 -1.31687671e-01 -2.15555295e-01 -4.28939611e-02
  3.14813852e-01  1.61344782e-01  8.39649066e-02 -9.30349976e-02
  7.77754188e-02 -8.81497264e-02  1.79664180e-01 -3.03907692e-01
 -7.96752721e-02  8.87358412e-02  2.37428308e-01  1.59024552e-01
 -4.32734676e-02 -3.55518684e-02  8.57462361e-03  5.75337112e-02
  1.26575902e-01  4.85389456e-02 -5.07414974e-02 -1.03269078e-01
 -7.07224011e-02  1.14357494e-01  2.09683567e-01 -2.56583810e-01
 -1.13219440e-01  3.22686657e-02 -1.51151001e-01 -3.35253067e-02
  3.69001105e-02 -1.56330913e-01 -1.15485407e-01  1.57815628e-02
  3.46585482e-01 -1.02080896e-01  2.01377690e-01  1.99100479e-01
  2.45462898e-02  6.43682331e-02 -2.28009652e-02  4.10591990e-01
  1.90223515e-01  5.67563400e-02  2.92451262e-01 -1.35381063e-02
  2.91564554e-01 -2.11315259e-01 -2.08405666e-02  6.41334802e-02
  1.39969617e-01 -2.54288822e-01  1.76839784e-01 -8.17096382e-02
  8.56728405e-02  7.31935725e-02 -7.16267526e-02 -1.22523621e-01
  7.03361630e-02 -5.86234406e-02 -6.00650609e-02  4.26644087e-02
 -2.57608503e-01  1.28491238e-01  1.25988945e-02  1.12875076e-02
 -7.08927810e-02 -3.21218401e-01 -7.57416263e-02  2.57291477e-02
  1.77404687e-01 -9.21082124e-02 -1.48007553e-02 -1.40742049e-01
  1.68629512e-01  1.44221008e-01 -6.42833766e-04  2.07894351e-02
 -3.17866467e-02  3.23336303e-01  2.78930701e-02  1.34491384e-01
  2.43362352e-01  1.56656638e-01  1.15338326e-01 -4.30256687e-02
  3.89586538e-02  1.07538410e-01 -6.47148043e-02 -4.96131423e-33
 -1.19313553e-01 -2.87046209e-02 -1.44862533e-01  1.74620032e-01
  7.82560557e-02 -2.98461854e-01 -1.90563917e-01  6.37669936e-02
  1.60128191e-01 -1.12531021e-01 -8.78442749e-02  2.32630908e-01
  1.50160432e-01  4.13892567e-02  6.71131015e-02  4.37441142e-03
  1.59703851e-01 -1.02990299e-01  5.51724434e-03 -2.99176842e-01
 -4.28330272e-01  1.67482689e-01  3.62991281e-02 -1.62316635e-01
 -1.72057196e-01  3.43204528e-01  2.57676035e-01  1.67022362e-01
 -5.80499992e-02 -2.21297622e-01 -3.57556157e-02 -3.90855193e-01
  3.07095349e-01 -1.63512409e-01 -1.95791456e-03  5.15510552e-02
 -1.21058993e-01 -3.95257443e-01 -6.40596002e-02 -3.90091203e-02
  1.90350354e-01 -7.15823770e-02 -3.42763305e-01  2.48441398e-01
  1.63394555e-01  2.64484704e-01 -3.85281220e-02  7.35418797e-02
  3.02561611e-01  1.25920340e-01  6.32490218e-02 -2.18687840e-02
 -1.27224728e-01 -3.32309678e-02  1.21719306e-02  2.32430100e-01
 -3.95277468e-03  6.70737475e-02  3.81311029e-01 -7.50111416e-02
  8.23513605e-03  8.81414264e-02  2.40950882e-01  1.53820768e-01
 -1.68605521e-01 -1.19080923e-01 -8.33454654e-02 -1.11808851e-01
  4.52982970e-02 -2.51901627e-01  1.93406403e-01  2.91383356e-01
 -1.53503194e-01 -2.21783742e-01  1.02471702e-01  1.89570159e-01
  4.11365293e-02 -3.76603752e-02 -7.94011950e-02  1.16498709e-01
 -3.74724567e-01  2.68175215e-01 -1.17327712e-01  1.87764928e-01
 -7.67157646e-03 -2.36790463e-01 -3.79399031e-01  7.96113685e-02
  5.68848616e-03 -1.02615975e-01 -6.73731342e-02  3.67928632e-02
  1.30630001e-01 -1.11274971e-02  1.29263774e-01 -9.78987487e-08
 -3.51324826e-02  1.52517214e-01 -2.03904450e-01 -2.17803158e-02
  2.53013045e-01 -6.21512672e-03 -3.06986757e-02 -3.37060690e-01
  1.65673777e-01  6.70936555e-02  1.98775411e-01 -2.48704068e-02
 -2.24548265e-01 -2.76657026e-02  1.74906757e-02  3.33336473e-01
 -1.48478225e-01 -1.70492753e-01 -1.85171403e-02 -6.09038807e-02
 -6.31265575e-03  1.34509923e-02  2.22203299e-01  1.00895604e-02
 -2.87974775e-01 -3.43998373e-02 -1.71783447e-01  1.01932049e-01
  5.11516742e-02  1.01453930e-01 -7.60078579e-02  4.27378528e-02
  3.10065392e-02 -1.48234323e-01 -5.79022802e-02 -3.35689694e-01
 -2.78845578e-01  7.28366375e-02  2.15688005e-01  1.07115522e-01
  4.36098687e-02 -2.14265317e-01 -1.15313388e-01  2.06091646e-02
 -1.76689193e-01  3.52458060e-02 -6.28243983e-02  7.09060133e-02
  3.87075916e-02  5.58161847e-02 -2.21870303e-01  8.65119919e-02
 -4.60101068e-02 -8.61767121e-03 -1.07834386e-02 -6.55662119e-02
  5.95279448e-02 -3.19321394e-01  1.04643121e-01  3.33786875e-01
  9.42898169e-02  2.71980604e-03  5.76309711e-02  1.98519543e-01]"
689194440b3fb73bd8528e50ad297b6cb6bf3c8dbd560528416998149e7bae57,dog_084.png,Beagle,photograph,beach (sandy tropical shoreline),running,False,A beagle running along a sunny sandy beach with waves breaking and palm trees on the shoreline under a clear blue sky.,"[ 1.67606205e-01 -1.31649643e-01  3.96061748e-01  1.11428373e-01
  5.85073158e-02 -1.05416611e-01 -1.72513455e-01 -3.00911188e-01
 -2.59189963e-01  1.04492702e-01 -1.13054477e-01  3.95962447e-02
  8.88162851e-03 -1.61672965e-01  2.88924962e-01  2.45771900e-01
  1.41340680e-02 -1.60622090e-01 -2.06508890e-01 -9.00098905e-02
 -1.14648260e-01  3.99393976e-01 -1.84573159e-02  2.02049743e-02
 -4.02144104e-01 -1.37768194e-01  1.32373005e-01  1.91686470e-02
 -1.28260106e-01 -2.22071752e-01  5.09245209e-02 -3.71425077e-02
 -2.05066413e-01  2.44536623e-01  1.80982903e-01 -1.62917480e-01
 -2.26877183e-01 -1.63965255e-01  1.60209998e-01  2.91166335e-01
  1.01305179e-01 -5.58164120e-02  8.50261152e-02 -1.40536195e-02
 -2.83157706e-01 -1.99249506e-01 -2.46806696e-01 -5.47014847e-02
  2.25000754e-01 -2.24821642e-01 -1.01188198e-01 -2.65699089e-01
 -3.52659881e-01 -1.05607554e-01 -4.01255131e-01  2.17870265e-01
 -1.45703092e-01 -1.84896022e-01 -5.24501177e-03  5.40192500e-02
  3.21753561e-01  5.73133528e-01  7.34985471e-02  6.12219982e-02
  1.27705589e-01 -1.05716467e-01 -2.84633994e-01  1.32160306e-01
  1.11415312e-01 -2.33638823e-01  7.61461584e-03  3.01032569e-02
  1.98428892e-02  2.47759119e-01 -1.91341937e-01 -4.88220692e-01
  1.23891979e-01  1.43271405e-02  2.99419522e-01 -1.44473657e-01
 -2.44492307e-01 -3.31525266e-01 -3.72007072e-01  9.29905847e-02
  4.16648924e-01  3.54168147e-01  2.84511149e-01  3.29965770e-01
 -2.59228284e-03  1.27683580e-01  7.44507852e-05 -1.33796200e-01
 -8.48909095e-02  3.16496305e-02  1.31232440e-01 -2.64457732e-01
 -1.71816558e-01 -3.61599088e-01 -2.03882232e-01  1.52388543e-01
 -3.98831889e-02 -1.25812933e-01  3.44873875e-01  1.59450084e-01
  3.38189095e-01 -1.89847887e-01 -9.41125527e-02  3.17210972e-01
  2.58098722e-01  1.76235899e-01  2.27459501e-02 -2.13877738e-01
  5.58124743e-02  1.91252485e-01  1.38545245e-01 -4.48854528e-02
 -3.02517354e-01  1.05884001e-01 -1.26922235e-01 -5.97090647e-02
  5.16659021e-01 -2.05228657e-01 -8.80406946e-02  1.51835278e-01
 -5.97327016e-03  1.89749729e-02  4.73914668e-02 -7.49915658e-33
  1.66274548e-01 -1.39489070e-01  1.20010644e-01 -2.26161733e-01
  3.03700179e-01 -1.90073028e-02 -2.84200668e-01 -1.62602961e-01
 -1.43627122e-01  1.33089885e-01 -2.11078614e-01  2.11824194e-01
  2.56401896e-02  6.96026832e-02  3.22347224e-01 -4.87223506e-01
 -9.75974742e-03 -1.36071742e-01 -6.16436498e-03  3.73679221e-01
 -5.16735762e-02 -7.13596046e-02 -2.02257022e-01 -2.87463129e-01
  9.04693753e-02 -2.37078443e-01  2.45473515e-02  6.43966123e-02
  1.95605054e-01  2.89748639e-01  1.21031776e-01 -7.49276042e-01
 -1.46990577e-02  6.27102405e-02 -1.31915271e-01 -1.67368472e-01
 -4.55816789e-03 -3.43422413e-01 -8.67134705e-03  7.78914765e-02
  2.85033822e-01 -2.08524778e-01  5.93452379e-02  2.08195627e-01
  9.35162604e-02 -7.19493479e-02  7.94774294e-02  4.71734822e-01
 -1.86125278e-01 -3.51039693e-02  3.22719753e-01 -8.69203284e-02
  2.80857265e-01 -5.91108873e-02 -4.97338623e-02  2.00555295e-01
  1.03163823e-01 -1.64576948e-01 -1.09883949e-01  2.30918735e-01
  3.39725494e-01 -1.74540743e-01 -6.70990199e-02 -6.14631251e-02
  2.40111932e-01 -8.17264691e-02 -2.22019702e-01  1.26901656e-01
 -2.30707884e-01 -5.39895222e-02  4.52289842e-02 -1.14493258e-01
  2.06444025e-01 -1.42006621e-01 -8.00936967e-02 -1.51223063e-01
  3.20896894e-01  3.05537581e-01 -3.67048413e-01 -1.15633301e-01
 -1.60807863e-01  1.42453447e-01  2.16848671e-01 -1.90771163e-01
  3.36856768e-02  2.81505913e-01  1.47765458e-01 -2.71842539e-01
 -1.18571609e-01 -3.83468121e-02  3.70623963e-03 -4.17030454e-02
 -9.91557026e-04 -1.50008678e-01  2.03901976e-01 -4.93127925e-33
 -8.05353969e-02 -1.14392437e-01 -3.02759279e-03  4.48674057e-03
  3.10050905e-01 -1.18392892e-02  2.44640615e-02  3.06099970e-02
 -1.86997741e-01 -2.36324415e-01 -5.07079244e-01  3.15875947e-01
 -7.77196512e-02 -1.49364859e-01  2.76885837e-01 -1.25259534e-01
  3.23738635e-01 -1.40663177e-01  1.68184489e-01 -1.26483932e-01
 -3.79562646e-01  2.95107335e-01  5.08285880e-01 -9.64542702e-02
  1.72652192e-02  1.13118775e-01  1.46909118e-01  8.64541233e-02
 -4.75698262e-02 -3.53813857e-01  1.18125184e-02 -5.17394468e-02
  5.50088584e-01 -2.23386846e-02 -3.66405278e-01  2.31758997e-01
  5.16579747e-02 -5.30117095e-01  7.55190253e-02  1.08887807e-01
  1.32077664e-01 -2.19142824e-01 -1.08538404e-01 -1.97560877e-01
 -1.23596720e-01  3.03233445e-01 -5.95121086e-03  1.31430045e-01
 -2.45382637e-01 -2.47867987e-03  2.58300275e-01 -1.19267158e-01
  1.08660936e-01  2.68452764e-01  8.32812935e-02  2.32835203e-01
 -3.00300419e-01  2.48831496e-01  5.95879331e-02 -7.22992942e-02
 -3.34971398e-03  5.75496964e-02  1.12052843e-01  1.94673538e-01
 -4.20959815e-02 -1.96999773e-01 -2.76954830e-01 -4.54743952e-02
  3.72921005e-02 -5.75890183e-01 -2.53740430e-01  3.01557869e-01
 -4.35163647e-01 -1.75357785e-03  6.85682744e-02  3.17238837e-01
 -3.08141857e-01 -1.05049759e-01 -3.28013569e-01  2.67454267e-01
 -3.57976705e-01  2.17873350e-01 -2.18353763e-01 -1.91703320e-01
 -3.85681480e-01 -4.56185609e-01 -3.26005131e-01 -4.31138731e-04
  5.94040193e-02 -2.93273423e-02  2.69367754e-01  2.13993013e-01
 -7.44334161e-02  2.65910685e-01 -3.20337117e-01 -9.77260797e-08
 -8.82563666e-02  2.54611641e-01 -1.63577378e-01 -4.75182347e-02
  1.60029009e-01  2.04821259e-01  4.06741172e-01 -9.68033895e-02
  2.28964120e-01 -8.35059136e-02 -9.73525457e-03 -2.32637480e-01
 -2.12264225e-01  2.94898212e-01 -7.99750164e-02 -1.21920861e-01
 -1.21924110e-01  6.82401508e-02 -2.06209738e-02  1.83640391e-01
  3.52789238e-02  3.02042216e-01 -2.20119022e-02  3.74811828e-01
 -2.98947781e-01  1.43022299e-01 -2.65317887e-01 -1.84797555e-01
 -1.11927921e-02  2.46457234e-01 -3.13442349e-01  8.73975903e-02
  4.25764881e-02 -1.45240918e-01 -2.68672794e-01 -1.29205570e-01
 -2.17301339e-01  2.82076716e-01  2.27180019e-01  6.27129495e-01
  3.72281581e-01  1.91893488e-01 -2.85591884e-03 -2.57129632e-02
 -1.16550643e-02 -7.37053379e-02  2.54433990e-01 -2.71552093e-02
  2.86016949e-02  2.07878128e-02 -1.39596373e-01  3.42653960e-01
  6.91676792e-03 -2.59602487e-01  5.04179746e-02  4.01555449e-02
 -2.25575998e-01 -1.94590554e-01 -1.56293094e-01  2.83595979e-01
 -1.11569278e-01 -1.71275631e-01  1.98758185e-01  5.73894739e-01]"
3dbda344eff4cfaf265adc29214c61b120af7a63f84f45763558157d41fa44df,dog_085.png,Beagle,photograph,rose garden / backyard garden,sitting and looking up attentively,False,"Close-up photograph of a tricolor Beagle sitting among pink, red, and white roses in a sunlit garden, looking upward with soft bokeh background.","[ 1.45617938e-02 -2.10092459e-02  5.11050783e-02  3.67516093e-02
 -6.18248917e-02  3.88451181e-02  2.92700790e-02 -9.40041542e-02
  7.41645396e-02 -8.89862925e-02 -1.61380470e-01  7.38914981e-02
  1.46845847e-01 -8.23663250e-02  8.36239830e-02  1.64399549e-01
  3.70810963e-02  5.55738285e-02 -1.07629970e-01 -5.77422455e-02
 -2.98044860e-01  3.75363976e-02  1.44192755e-01  2.16313731e-02
 -2.99004197e-01 -1.36168897e-01  4.58644964e-02  1.03696108e-01
 -1.40753850e-01 -2.94680238e-01  1.43172428e-01  3.02827418e-01
 -3.06749269e-02 -2.66828705e-02 -4.10436932e-03  5.37275188e-02
 -3.25051844e-02 -7.84010068e-02  2.77388871e-01  8.52710307e-02
 -4.91939895e-02 -9.61522833e-02  9.44516659e-02 -1.57836154e-01
 -3.50831822e-02 -3.16085666e-02  1.07947528e-01 -4.57620621e-02
  7.19954818e-02 -2.43506119e-01 -6.29475787e-02  1.93639696e-02
 -2.68109947e-01 -8.06654617e-02 -2.29240254e-01  3.61892075e-04
  5.19034676e-02 -1.80557832e-01  5.76597974e-02 -3.07029318e-02
  2.38738909e-01  2.75181979e-01  1.46468937e-01  5.87916821e-02
 -2.24902183e-01 -5.60644120e-02 -2.31880248e-01 -5.88077717e-02
  6.78977519e-02 -3.61153573e-01  1.49230659e-01  1.68017343e-01
 -1.14648618e-01 -2.88120598e-01 -1.50622189e-01 -2.61291087e-01
  7.57507384e-02  1.03818856e-01  3.09796512e-01 -1.61223248e-01
 -6.15409575e-03  9.24274027e-02  7.07979128e-02  2.27316722e-01
  1.29685849e-01  1.35407314e-01 -1.94152325e-01  2.22826615e-01
 -5.61504066e-01 -1.15103669e-01  2.06309050e-01 -2.13453099e-01
 -1.95772186e-01  3.15660357e-01 -1.11491270e-01 -1.02613404e-01
  5.76340891e-02 -3.41610044e-01 -1.06947869e-01  1.22274943e-01
 -6.71854429e-03 -2.00425759e-02  1.68223009e-01  1.78888232e-01
  2.12480009e-01 -2.03162193e-01 -1.32880554e-01  1.14130788e-01
  2.23456353e-01 -1.82366595e-02 -1.70019157e-02 -3.12932283e-01
  1.25291049e-02  1.00567274e-01 -1.89498827e-01 -1.10240966e-01
 -1.11143894e-01 -1.25117794e-01  1.61531448e-01 -2.47437313e-01
  2.90249974e-01 -6.05759174e-02  2.16470007e-03 -7.42748007e-02
  9.89660025e-02 -1.42374918e-01 -4.48737405e-02  7.56298886e-33
  1.51271760e-01  5.98460957e-02  1.15969576e-01 -1.35958731e-01
  8.21151733e-02 -1.70527264e-01 -2.39958763e-01  4.25836779e-02
 -1.25074014e-01 -3.06807663e-02 -2.99461689e-02  7.39042163e-02
  1.32712230e-01  6.73114434e-02 -1.39262587e-01 -2.59634286e-01
 -6.17426559e-02  6.23047762e-02 -1.52643127e-02  8.61825570e-02
 -2.37064973e-01 -4.62278053e-02 -1.47497758e-01  1.22834720e-01
  1.75388679e-02 -4.13473099e-02  1.89630419e-01 -1.27210706e-01
 -7.71093741e-02  1.21513166e-01  3.22372884e-01 -2.87380010e-01
  2.69044340e-01  1.77691743e-01 -2.21190438e-01 -5.50465547e-02
 -1.38039440e-01 -2.53124923e-01  2.64745653e-02  1.79782882e-01
  1.68271840e-01 -1.07536493e-02  1.18040644e-01  1.97512344e-01
  1.44577354e-01  1.58251032e-01 -9.13620815e-02  2.35266104e-01
 -1.41894132e-01  2.50844449e-01  6.54235929e-02 -4.02944870e-02
  3.43445569e-01  3.80655080e-02 -1.67519033e-01  1.53175637e-01
 -2.02476904e-01  1.95889338e-03  1.12226486e-01 -3.70656177e-02
  1.45227924e-01 -2.49147806e-02 -1.08828969e-01 -1.45162404e-01
  1.28584847e-01 -4.42855954e-02 -3.48883450e-01 -1.47806751e-02
 -1.29215673e-01  3.30672085e-01  1.61748722e-01  8.64373371e-02
  2.28185579e-02 -2.77794063e-01  1.11162752e-01 -5.22077084e-04
  3.86506140e-01  2.09001340e-02  1.14454612e-01 -1.93425510e-02
  9.46070775e-02 -3.01730707e-02 -4.89819562e-03 -8.49387497e-02
  5.87479621e-02  1.46537915e-01  1.26145840e-01  1.13267764e-01
 -1.19154982e-01  1.15095630e-01  5.86849190e-02  9.29305032e-02
 -2.05250410e-03 -2.98633367e-01  1.83856830e-01 -6.57183406e-33
 -8.36649723e-03  6.91428781e-04 -1.77569389e-01 -3.64249721e-02
  2.28987291e-01  5.65410731e-03  2.65180711e-02 -9.00988281e-02
 -2.15610657e-02  7.49015287e-02 -1.29056007e-01  3.60476822e-01
 -1.16353355e-01 -8.95542204e-02  1.04647428e-02 -5.56146428e-02
  4.52170856e-02 -2.11347416e-02  2.90836096e-02  1.25247419e-01
 -3.87143940e-01  1.77657604e-01  1.46802992e-01 -1.58540513e-02
 -2.33278811e-01  1.56628102e-01  1.16477937e-01 -1.55724883e-01
  1.93603858e-02 -2.87950009e-01  5.97882606e-02 -3.34503531e-01
  3.15474421e-02  1.22018658e-01 -1.65963843e-01 -3.82390954e-02
  5.14691547e-02 -3.34657073e-01 -1.40442595e-01  2.90701538e-01
 -6.01322204e-02 -1.36002660e-01 -1.63628250e-01  3.44663113e-02
  1.89504936e-01 -3.17416154e-02 -3.74258965e-01  1.21769086e-01
  1.30785257e-01  1.60610840e-01 -4.95819189e-02  2.99203303e-02
  1.36137933e-01  2.19411626e-01 -1.20099680e-02 -8.09458196e-02
 -1.68166205e-01  2.07650542e-01  9.89035517e-02  1.17466506e-02
 -6.43621460e-02 -1.04514606e-01  4.77214996e-03  2.16276348e-01
 -9.86827090e-02 -7.80072212e-02 -6.52559549e-02 -9.54698920e-02
 -2.01290891e-01 -1.00194022e-01  3.67028974e-02  1.73934832e-01
  2.92595755e-02 -1.38879657e-01  4.13740516e-01  8.98518786e-02
 -2.18397640e-02  2.99663022e-02  8.12417567e-02  4.67285439e-02
 -2.84794390e-01  1.74517095e-01 -9.07902047e-02  1.77911565e-01
 -2.03571215e-01 -2.52039909e-01 -3.30661654e-01  2.26398095e-01
  6.35691360e-02 -3.34158748e-01  2.39562616e-02  2.40507677e-01
  1.75974071e-01 -1.27438217e-01  2.84978658e-01 -9.97367522e-08
  4.68625367e-04 -2.14893315e-02 -9.63902995e-02 -1.46911368e-01
  1.18675917e-01  2.31762622e-02  2.55275577e-01 -1.05002202e-01
 -6.68052137e-02 -8.10740143e-02  1.44797645e-03  7.18714744e-02
 -1.38771951e-01 -1.14224710e-01  1.07476018e-01  1.36214674e-01
  2.15013232e-02 -9.40237045e-02  4.78176400e-02  1.85895860e-01
  2.60730907e-02  2.63600290e-01  6.82080835e-02  8.74526799e-02
 -2.70680457e-01  1.43505439e-01 -4.64590825e-02 -3.29743505e-01
 -7.96852857e-02 -6.21212572e-02  2.40227774e-01  2.54404515e-01
  9.85444114e-02 -1.58930466e-01 -5.87233640e-02 -1.60384119e-01
  1.31732309e-02  2.64895558e-01  5.35632782e-02  6.55591413e-02
 -5.36776446e-02 -1.42441407e-01  1.21223055e-01 -2.37215552e-02
  4.02565897e-02 -6.35561869e-02  2.60719657e-01 -1.81495883e-02
 -1.87176652e-02 -5.42533100e-02 -3.30067635e-01  9.59754437e-02
 -7.53540248e-02 -1.64223537e-02 -9.99047533e-02 -9.59425643e-02
 -6.04637600e-02 -1.29200190e-01 -8.84118769e-03  3.25304538e-01
  8.78154337e-02  4.59107906e-02 -3.02323308e-02  2.53811955e-01]"
bfb887bb6bb08c5dd3ccaed2e80672ad25b54674a2cf34bfc36ce0d2617ad428,dog_086.png,Beagle,pencil sketch,woodland/forest with bare trees and fallen leaves,"sitting, facing viewer",False,"Detailed pencil sketch of a seated Beagle facing forward in a leaf-strewn winter forest; realistic fur texture, expressive eyes, and bare trees in the background.","[ 8.13823342e-02 -6.72466606e-02  2.19902903e-01  2.96544969e-01
 -1.33600482e-03 -1.88725591e-02 -4.71739359e-02 -8.42497125e-02
 -1.76059771e-02  2.44971082e-01 -3.11143160e-01  6.40585572e-02
 -3.66777591e-02  1.04423791e-01  3.93619388e-02 -7.67490268e-03
 -9.29687396e-02 -5.25085479e-02  1.32816359e-01 -4.80767824e-02
 -5.62098175e-02 -3.25053707e-02  3.18026841e-02 -2.64463257e-02
 -1.31501794e-01 -3.72550189e-01 -6.03656061e-02 -1.13699213e-02
  1.34695563e-02 -1.37351573e-01 -1.29621625e-01 -2.12602410e-03
  6.40766229e-03  3.51067558e-02 -1.07741114e-02 -8.92590433e-02
  6.03567213e-02  7.84046203e-03  8.93567428e-02  1.03842668e-01
 -1.45287231e-01  2.47463316e-01 -1.74278989e-01 -6.29246011e-02
 -8.36348087e-02 -2.01582223e-01 -4.43505086e-02  5.89506552e-02
 -9.91515145e-02 -2.58428995e-02 -2.40390301e-01 -3.94878745e-01
 -5.25062859e-01 -1.12720773e-01 -3.28725755e-01  9.64303017e-02
  6.51584938e-02 -4.59394038e-01  1.92565858e-01  3.25993672e-02
  1.69390708e-01  2.50035614e-01  1.17853448e-01  4.36216444e-02
  1.52064025e-01 -7.53889680e-02 -1.93845257e-01 -3.47873978e-02
  1.51442006e-01 -2.06161976e-01 -5.48355430e-02  4.98294532e-02
 -1.55941546e-01 -1.28112167e-01  7.00259730e-02 -3.80453289e-01
 -9.45894122e-02  1.22057185e-01  2.89427370e-01 -1.74527004e-01
 -1.52296051e-01  7.77564049e-02  5.33995926e-02  1.90247610e-01
 -5.50368316e-02  1.64728791e-01 -1.21568009e-01  1.90265149e-01
 -3.05219293e-01  2.34677885e-02  4.38635461e-02 -1.77949786e-01
 -2.60222703e-01  1.61488295e-01 -2.55827725e-01 -5.73343933e-02
  3.68990630e-01 -1.05013311e-01 -1.45324022e-01  7.46263340e-02
  2.31284603e-01 -3.89200270e-01  4.23243433e-01 -1.33533537e-01
  2.31957316e-01 -1.76462770e-01 -1.47002250e-01 -8.60742927e-02
  9.59631708e-03 -1.11890256e-01 -8.35320204e-02 -3.44746441e-01
 -2.98133612e-01  3.04481477e-01  2.11394116e-01 -1.71489045e-01
 -2.02705741e-01 -1.30660415e-01  2.27147043e-01 -3.41393538e-02
  3.70767206e-01  2.24372908e-01  1.42002493e-01  3.60205434e-02
  8.10448080e-02 -3.26844826e-02  4.40099202e-02  5.64905943e-34
  2.59769469e-01  1.33162186e-01  3.68653648e-02  1.00044228e-01
  2.01334834e-01 -2.76653945e-01  3.67935039e-02  3.70562896e-02
 -1.25885651e-01  4.34078813e-01 -1.60925627e-01  1.12401642e-01
  7.40840510e-02  1.95457324e-01 -1.61741232e-03 -8.57240632e-02
 -1.49851710e-01 -3.01223323e-02  1.62795544e-01  3.26035678e-01
 -1.18888713e-01  1.09845117e-01 -9.13444266e-04 -8.78633484e-02
 -1.88354105e-02  1.27776623e-01 -6.02900274e-02 -3.96448731e-01
 -1.15637049e-01  7.48382732e-02  2.27950692e-01 -2.06641287e-01
  1.97913442e-02 -7.59125352e-02 -2.35567316e-01 -1.90364003e-01
  1.48871467e-01 -3.96367520e-01  2.70107329e-01  1.78896114e-01
  3.20213825e-01 -9.84494090e-02  1.51939571e-01  9.43413377e-02
  2.00962171e-01  2.35362083e-01 -7.70449489e-02  3.96492660e-01
 -3.98888439e-01  3.46304715e-01  1.15567647e-01  2.30444208e-01
  3.95757377e-01 -2.83185959e-01 -9.95004475e-02  1.27564013e-01
  1.58299491e-01  4.96034548e-02  7.81245083e-02  2.57758833e-02
  2.24123880e-01 -8.14389065e-02 -1.92377400e-02 -3.16091359e-01
  3.59861068e-02 -9.76042822e-02 -3.17217231e-01 -3.03060971e-02
 -1.16125427e-01  4.05884609e-02 -2.36040398e-01  2.46980384e-01
  2.32542008e-01 -3.92782152e-01 -8.10229480e-02 -1.29727244e-01
  1.47486687e-01  1.05400212e-01 -1.58830330e-01  4.63484600e-03
 -1.96881935e-01  3.04697722e-01 -1.89383015e-01 -1.75853312e-01
  2.63729524e-02 -2.12955594e-01  1.82417184e-01 -1.08449355e-01
 -1.81656584e-01  1.81086004e-01  5.42213582e-02  1.81597218e-01
 -9.08222124e-02 -1.13933451e-01  3.43314558e-01 -1.60730743e-33
  1.31234154e-01 -1.48307934e-01  3.00386660e-02  2.19203576e-01
 -1.19762056e-01  6.25680164e-02 -3.24196331e-02  4.23643971e-03
  1.72051981e-01  1.11239329e-01 -5.53200953e-02  2.24771619e-01
  1.43338397e-01 -1.14057489e-01  2.95950711e-01 -8.57099444e-02
 -3.47248912e-02  3.43113840e-02  1.42450422e-01 -1.58343539e-01
 -3.67651343e-01  2.01530173e-01 -1.37770427e-02 -2.45479584e-01
 -3.18112969e-01  2.47566164e-01  2.16993868e-01 -1.35081336e-01
 -1.21929474e-01 -3.01914603e-01  1.49399668e-01 -3.91420066e-01
  2.49963403e-01 -1.74833521e-01 -3.37497592e-01 -7.04307482e-02
  7.80236349e-02 -4.64184821e-01 -2.91923005e-02  1.17379539e-01
  3.11412960e-01 -1.92976430e-01  1.19449630e-01  1.19737208e-01
  1.71017021e-01  2.86959019e-03 -3.08652431e-01  3.21062431e-02
  9.48457196e-02  2.76692778e-01  1.35769069e-01  9.42156592e-04
 -4.38614860e-02  1.47030111e-02 -1.77867711e-01 -3.98296304e-02
 -1.81100756e-01  8.52523968e-02  2.59571970e-01  9.28977355e-02
 -1.57028556e-01 -4.50074822e-02 -1.25142008e-01  1.08776137e-01
 -1.11935727e-01 -1.89337701e-01 -1.53204918e-01 -3.05258602e-01
  1.97685197e-01 -2.79378027e-01  2.89756060e-01  3.06202620e-01
 -1.07348330e-01 -7.39646405e-02  5.57707906e-01  3.96130830e-01
  3.75148565e-01 -9.24398303e-02  6.19392097e-02  2.23322827e-02
 -2.81774163e-01  2.65321583e-02 -4.13804539e-02  1.74628153e-01
  1.88648432e-01  9.50329751e-02 -3.70657295e-01  2.74247944e-01
 -9.83819216e-02 -1.85915947e-01  1.10926166e-01  2.58325040e-01
  9.38922167e-03 -5.46191260e-02  2.11206660e-01 -9.83490622e-08
 -2.48243272e-01  2.28624061e-01 -5.18102944e-02 -4.34164517e-02
  2.08897054e-01  1.78709865e-01  2.51008779e-01 -2.21344471e-01
 -3.16648722e-01  9.33068991e-02  2.68149704e-01  9.51565150e-03
 -1.39607012e-01  2.45070651e-01  2.78756209e-02  2.50886828e-01
 -1.44543350e-01  1.58232391e-01 -1.53075317e-02  1.35818258e-01
 -4.75233868e-02  8.30763057e-02 -1.27163440e-01  1.51139766e-01
 -3.43519330e-01  3.00788246e-02 -5.00626713e-02 -2.61547733e-02
 -4.70661838e-03  2.65081555e-01 -9.81755853e-02  2.13624835e-01
  1.69585243e-01 -2.14678273e-01 -5.23717031e-02 -3.76836360e-01
 -8.41867924e-03  1.23443909e-01  5.51165566e-02  1.21966727e-01
  2.40527153e-01 -8.51645097e-02  1.10007143e-02 -1.26790017e-01
 -2.52755247e-02  4.02643494e-02  2.06428170e-01 -1.87796742e-01
 -1.24186084e-01  3.07057388e-02 -5.07970810e-01 -1.02815337e-01
 -5.49402349e-02  2.02714384e-01 -3.49391997e-02 -6.23750351e-02
 -8.22366551e-02  4.66682576e-02 -2.05331773e-01  3.45484912e-01
  2.90350765e-02  7.79683515e-03 -2.01227605e-01  2.69799948e-01]"
4466ec95e339d354a53ba22251609dbe45367a45dbcccf5b2345d5e09989d002,dog_087.png,Beagle,Watercolor painting/illustration,Sunlit park or grassy field with trees in the background,Running/playing with ears flapping and tongue out,False,"Watercolor illustration of a happy tricolor Beagle running across a sunlit grassy field, ears flapping, tongue out, with soft trees and warm light in the background.","[ 1.81763545e-01  1.18662342e-01  1.92560405e-01  9.71517339e-02
 -4.49037775e-02 -4.02841456e-02  1.96288168e-01 -2.94696301e-01
 -1.28384754e-01 -8.07495341e-02 -1.59643844e-01 -9.30811614e-02
  4.82373275e-02  1.15694948e-01  4.47318926e-02  1.24837853e-01
  5.87569224e-03  1.55472264e-01 -1.84842318e-01 -2.58471698e-01
 -1.33832708e-01  2.03166306e-02  1.21701241e-01 -8.06347430e-02
 -4.59325016e-01 -7.72457793e-02  8.57091174e-02  9.77127627e-02
 -6.14416488e-02 -3.17107618e-01  3.78387398e-03  1.04332276e-01
 -1.02802143e-01 -9.38011259e-02  9.44499448e-02 -5.66689335e-02
 -7.40178749e-02 -1.37991831e-01  1.79235950e-01  3.48683178e-01
  5.25888577e-02 -3.75307128e-02 -7.14344904e-02 -3.25081460e-02
 -2.10001275e-01 -7.04588741e-02 -1.96358070e-01 -3.71568091e-02
  1.67849548e-02 -9.13264602e-02 -8.32773745e-03 -3.33058715e-01
 -2.90403366e-01 -1.02488428e-01 -3.72330189e-01  2.02062558e-02
 -4.94933389e-02 -2.17948943e-01  1.26915295e-02 -2.40670312e-02
  1.41121656e-01  3.07849467e-01  5.87808117e-02  4.82842810e-02
 -1.08005740e-01 -5.80666885e-02 -2.96976238e-01  1.08903445e-01
  8.58156532e-02 -4.70229447e-01  8.75795111e-02  8.33913162e-02
 -7.09286854e-02 -2.11866125e-01 -2.09810048e-01 -2.45943591e-01
  1.17124006e-01  4.11492325e-02  1.26054138e-01 -1.96389079e-01
  8.08661208e-02 -8.19722414e-02 -9.38307643e-02  1.34701625e-01
  2.85638541e-01  2.58757651e-01  4.18736512e-04  1.97347596e-01
 -3.49650532e-01 -2.76392754e-02  4.71355356e-02 -6.90897852e-02
 -1.30077913e-01  9.95262191e-02 -8.12683534e-03  3.28667797e-02
  8.68140608e-02 -3.95756334e-01 -1.32104486e-01  7.61897163e-03
  1.32990316e-01 -3.14869225e-01  3.78358305e-01  1.23593912e-01
  5.29729068e-01 -1.25682980e-01 -1.56528711e-01  3.81265789e-01
  2.83409566e-01 -1.06167391e-01 -8.59620273e-02 -2.78302789e-01
  8.49307552e-02  2.24301592e-01  8.44054744e-02 -3.38469329e-03
 -3.01364988e-01  6.39691427e-02  1.24831252e-01  1.26458565e-02
  5.06194890e-01 -9.88026932e-02 -8.81890729e-02 -2.49182377e-02
  4.46546972e-02 -6.54169992e-02 -1.96903609e-02  5.30541449e-33
  5.38870543e-02 -3.61822322e-02 -7.12974519e-02 -5.97531088e-02
  1.94708079e-01 -1.58349827e-01 -1.29250020e-01 -2.72803962e-01
 -2.39221498e-01  1.60885066e-01 -2.55768061e-01  1.30426079e-01
  6.20828522e-03  7.82571062e-02 -1.51449051e-02 -3.96413416e-01
 -1.91938415e-01  2.13265717e-02  1.10470794e-01  3.22194070e-01
 -2.58168101e-01  7.08028749e-02 -8.22396111e-03 -6.69022650e-02
  1.92674011e-01  5.17859636e-03 -5.05591568e-04 -1.43611699e-01
  1.60016388e-01  6.66995272e-02  2.53464609e-01 -3.89789164e-01
  1.74973652e-01  9.99913439e-02 -1.63591504e-01 -7.58436024e-02
  1.33910894e-01 -3.47432226e-01  4.15977612e-02  2.39921600e-01
  1.10967532e-01 -6.64663836e-02  1.71495005e-01  1.45555601e-01
  1.03802234e-01  2.69944519e-01  2.94974465e-02  3.75162423e-01
 -2.43684128e-01  3.44319418e-02  2.46755213e-01  1.39870867e-01
  2.06644148e-01 -1.07615456e-01 -3.46208811e-02  1.27243087e-01
  9.18603465e-02  1.08997114e-01 -7.03161629e-03  6.46194071e-02
  1.39873832e-01  1.28365934e-01 -8.66131410e-02 -3.42522174e-01
  1.90640599e-01 -3.59813906e-02 -2.94828445e-01 -1.86119124e-01
 -9.95058343e-02 -2.38974150e-02 -9.44844931e-02  9.98346061e-02
  1.48308232e-01 -2.96639740e-01  9.95411351e-02 -1.31722093e-01
  4.21160996e-01 -9.64775831e-02 -7.65735433e-02 -4.43794504e-02
 -1.82137251e-01  1.34528309e-01  8.16449374e-02 -7.19081238e-02
  5.98091967e-02 -2.97013577e-02  9.88981575e-02 -5.58696762e-02
 -2.98034161e-01  2.36987062e-02  1.42764881e-01  3.14611584e-01
 -6.44847080e-02 -2.36183122e-01  2.89280772e-01 -4.29796183e-33
  2.54158466e-03 -1.89106707e-02 -2.49318093e-01  1.73428863e-01
  3.61459136e-01  1.97667748e-01  2.94947885e-02  8.69070645e-03
  2.49141641e-02  1.60351232e-01 -8.44500288e-02  2.81812876e-01
 -1.51661858e-01  2.69315559e-02  8.52849931e-02 -9.60234776e-02
  2.07282066e-01  7.68570006e-02 -1.48825450e-02 -4.53958623e-02
 -2.84953862e-01  3.57461572e-01  7.53625259e-02 -6.26229122e-02
 -1.23122267e-01  3.84134710e-01  1.42403468e-01 -1.53228715e-01
 -4.61279275e-03 -1.86337292e-01  1.44043649e-02 -3.00595254e-01
  2.27382556e-01 -1.12584092e-01 -1.11927725e-01 -5.50711863e-02
  1.73558280e-01 -4.01580721e-01 -1.02878585e-01  1.59483999e-01
  2.18265221e-01 -2.45809197e-01  1.52151540e-01  5.31683303e-02
 -2.72761397e-02  2.06908107e-01 -1.32546350e-01 -9.07354709e-03
 -2.26025611e-01  1.75964430e-01  1.00341618e-01 -8.48371387e-02
 -5.43142967e-02  2.18664095e-01  1.02855442e-02 -1.06787480e-01
 -9.53923911e-02  1.04648948e-01  1.49252251e-01  5.40916137e-02
 -3.92426401e-02  1.20558612e-01 -4.92597222e-02  1.72865480e-01
 -9.97114927e-02 -1.47421747e-01 -2.42320448e-01 -2.48205751e-01
 -6.64219260e-02 -3.32174659e-01  9.24617276e-02  2.00432822e-01
 -3.03891182e-01 -1.23407543e-01  2.68956304e-01  2.24880859e-01
 -9.87605676e-02 -6.14020228e-02  1.63417053e-03  1.89348608e-01
 -1.74546108e-01  2.84755409e-01  1.84576213e-02  1.22552909e-01
  1.09801076e-01 -2.41643697e-01 -4.45123762e-01  1.71085060e-01
  6.63044304e-03 -1.70879379e-01  2.60576785e-01  2.37522647e-01
  3.92690226e-02  2.18791932e-01  2.51416713e-01 -9.79746915e-08
 -9.05111060e-02  1.98802605e-01 -9.49681029e-02 -1.99671194e-01
  2.55185664e-01  9.57267359e-02  2.88265347e-01 -2.03159243e-01
 -6.49144724e-02 -8.19300860e-02  5.11848554e-02 -1.07739963e-01
 -2.53447503e-01  2.25564420e-01  5.21672368e-02  2.39770457e-01
 -4.52224948e-02 -6.09891079e-02  1.03864409e-01  1.69915050e-01
 -6.20144717e-02  2.54056454e-01 -1.08467102e-01  7.54115954e-02
 -4.37654793e-01  1.74558923e-01 -4.95324954e-02 -2.69925565e-01
  1.14963584e-01 -4.95005436e-02 -2.38321368e-02  3.48436058e-01
 -8.44143890e-03 -1.78238556e-01 -7.77092054e-02 -1.31644264e-01
 -2.73337543e-01  2.15914086e-01 -1.45912860e-02  2.38296926e-01
  4.08122176e-03  1.91773057e-01  6.01041652e-02 -1.27793461e-01
  8.30974579e-02 -8.22373256e-02  2.14772046e-01 -2.77546972e-01
 -4.55060489e-02  1.72671720e-01 -3.14722568e-01  3.30357696e-03
 -1.54873999e-02 -3.51047027e-03 -9.90814716e-03 -7.91677237e-02
 -1.79363683e-01 -5.87366335e-02 -1.51990786e-01  3.11259270e-01
 -8.53510424e-02  2.75477972e-02  1.11834139e-01  3.80780399e-01]"
908722c03cdd1524195e45488ee730ff6df944f8529218dd88a2174b8e79f449,dog_088.png,Beagle,cartoon/digital illustration,cozy living room near a lit fireplace,sleeping/curled up on a dog bed under a blanket,False,"Cartoon beagle sleeping, curled up under a patterned blanket on a round polka-dot dog bed in a warm living room with a fireplace, yellow armchair, coffee mug, rug and family photos.","[-4.34048399e-02  9.41534862e-02  1.49682937e-02  3.59408826e-01
 -3.20867486e-02  1.46383047e-01 -7.43855163e-02 -2.18382120e-01
  7.11429268e-02  1.65508781e-02 -2.32661158e-01  7.14219809e-02
  1.74802512e-01  2.62450904e-01  1.51411667e-01  7.98108522e-03
 -1.91461429e-01  4.10149293e-03  7.73090869e-02 -1.48777753e-01
 -6.61844239e-02  7.62746409e-02  3.15355659e-01 -8.33743885e-02
  2.31556930e-02 -1.27625361e-01  1.22847572e-01 -1.79773197e-01
  5.97812943e-02 -1.31698206e-01 -6.69269077e-03  3.84718813e-02
 -2.46337339e-01 -2.53829788e-02  2.50307947e-01 -3.94691378e-02
  3.52316499e-02 -1.22119766e-02 -6.04062602e-02  2.22860053e-01
  2.99893737e-01  1.70971051e-01  1.26041956e-02 -3.28527272e-01
 -2.54032493e-01  9.18755531e-02 -2.39228278e-01 -1.64418191e-01
  3.34485024e-02 -1.09561626e-03 -1.20487362e-01  8.43437836e-02
 -2.57875741e-01  1.11713037e-01 -9.95119736e-02 -1.21238314e-01
 -3.01656891e-02 -8.26796293e-02  1.76727161e-01 -2.83109527e-02
  1.68346047e-01  6.72353506e-02  2.62790173e-01  1.06116176e-01
 -1.90308750e-01 -7.32222050e-02 -2.38509998e-01  2.30861261e-01
  1.46778584e-01 -3.32631260e-01 -1.94427088e-01  6.56078830e-02
  6.52361196e-03 -7.33000189e-02 -8.32740143e-02 -3.19318444e-01
  2.66240418e-01 -9.27689373e-02  4.03133541e-01  6.04833215e-02
 -2.01510221e-01 -9.16372836e-02 -6.63150027e-02  8.32681283e-02
  2.95174122e-02  1.51165903e-01  1.97960228e-01  4.32539321e-02
 -3.43748093e-01  6.70947731e-02  2.56097764e-01 -5.97943626e-02
  5.59213050e-02  1.58442259e-01  4.13964093e-02 -3.25308368e-02
  1.44869164e-01 -2.89719575e-03 -2.24197567e-01  7.88656846e-02
 -3.48221548e-02 -8.22025090e-02  1.45573691e-01  1.52877167e-01
  2.81826615e-01 -2.31573269e-01 -1.73841342e-02 -4.64567952e-02
  2.25150082e-02  1.14140816e-01 -1.81575701e-01 -3.31014305e-01
 -1.17749320e-02  9.25353989e-02  1.06058396e-01 -1.62457883e-01
 -1.62892658e-02  2.93823212e-01  1.80185586e-01  6.71864003e-02
  4.68739152e-01  5.09313792e-02 -4.59127303e-04 -6.14523292e-02
 -2.00845432e-02 -3.30989957e-02 -2.73896068e-01  1.23549177e-33
  1.31607875e-01  9.23689008e-02 -1.26920283e-01  1.28702924e-01
  7.53515884e-02 -1.46201462e-01 -2.18888357e-01  2.89934218e-01
 -5.46691604e-02  3.14336598e-01 -5.26817031e-02  3.11885685e-01
  6.03907444e-02  1.64294869e-01 -6.22299574e-02 -8.43831152e-02
 -2.58689523e-01  1.34646237e-01 -1.78667624e-02  1.89604357e-01
 -9.45404246e-02  1.50730014e-01  2.58585066e-01 -4.20285650e-02
 -1.78923815e-01 -9.35880244e-02 -1.04993902e-01 -1.85177043e-01
 -2.14366332e-01  7.11372271e-02  1.35887027e-01 -3.38811457e-01
  7.93582667e-03 -3.36594246e-02 -2.63463408e-01 -8.07003528e-02
  1.16216592e-01 -2.23938450e-01 -2.70311415e-01  3.41798276e-01
  2.55351007e-01 -3.46030220e-02  1.36013433e-01  1.65896222e-01
  1.32792205e-01  7.77697340e-02  1.75552204e-01  2.51517355e-01
 -1.05297893e-01  8.73448979e-03  2.27003440e-01 -1.39646828e-01
 -1.59699470e-02 -2.64567435e-01 -1.76161364e-01  8.95631909e-02
  1.50282532e-02 -1.78525344e-01  2.19417945e-01 -3.36763971e-02
  1.40913606e-01 -1.35678351e-01  8.40855315e-02 -3.33223611e-01
  1.41045868e-01 -2.58431822e-01 -9.61710438e-02 -1.07759893e-01
 -1.50075242e-01 -9.10008848e-02  4.49395999e-02  6.55491352e-02
 -6.83315247e-02 -3.04443896e-01  1.15683605e-03  4.53583375e-02
  1.27920493e-01  4.27024961e-02 -3.65178257e-01 -1.58113658e-01
  2.78383613e-01  6.81372583e-02 -1.29542118e-02 -3.34391072e-02
  1.96193412e-01 -1.07759513e-01  4.95100766e-02  2.78121680e-01
 -3.61589521e-01  8.34918246e-02 -1.12068675e-01  5.19351140e-02
  2.20679402e-01 -1.36873588e-01  1.90835580e-01 -2.85309854e-33
  1.16311423e-01 -3.21078360e-01 -1.50361866e-01 -1.33672357e-01
  1.43760607e-01 -9.16606411e-02 -8.76060501e-02 -1.23671576e-01
 -5.94851337e-02  4.83235456e-02 -6.76852241e-02 -8.77828225e-02
  2.57557392e-01 -1.14436731e-01  1.57842651e-01 -8.24920833e-03
  5.21343462e-02 -8.75585824e-02  4.49104905e-02 -5.65418266e-02
 -3.67896110e-01  1.51714116e-01 -1.82509482e-01  1.08712845e-01
 -8.49943459e-02  2.97347456e-01  1.04402207e-01 -5.46875857e-02
  2.18015946e-02 -1.39339283e-01 -1.29426718e-01 -3.29904318e-01
  1.01676054e-01  8.65128934e-02 -5.35596944e-02 -4.34630876e-03
  7.08892802e-03 -3.67752641e-01 -4.32074815e-02 -2.37050846e-01
  2.40562141e-01 -1.23285085e-01 -2.43548185e-01  1.61224067e-01
  3.48045349e-01 -9.57107916e-02 -3.36456031e-01  1.84406694e-02
  1.56685904e-01  3.02187651e-01  5.31339534e-02 -1.52062103e-01
 -2.05722153e-01  3.26888785e-02 -1.92718923e-01  1.31348401e-01
 -4.30997044e-01  2.01177686e-01  2.68628329e-01  1.11138947e-01
  3.75294760e-02  2.14280002e-02  8.65149945e-02  8.86367410e-02
 -3.04288834e-01  1.28562808e-01 -7.81458989e-02 -2.78148949e-01
  1.08422257e-01 -2.74417728e-01  2.45096117e-01  2.08242014e-01
 -1.65429324e-01 -1.90646335e-01  2.81794071e-01  3.18997294e-01
  1.85575232e-01 -7.15798438e-02  1.75302923e-01  3.67550552e-02
 -2.68926620e-01  1.80716459e-02 -2.35538512e-01  5.36244437e-02
  5.37159629e-02 -3.04800779e-01 -2.00233832e-01  2.83898264e-01
  3.94305475e-02 -1.04500920e-01  6.08470961e-02  1.43720359e-01
  2.60391906e-02  1.50732711e-01  2.06883475e-01 -9.87009585e-08
 -7.22421287e-03 -9.33156237e-02 -5.33927009e-02  3.59201282e-02
  1.74093749e-02 -9.46088508e-02  1.29632443e-01 -4.27347124e-01
 -4.48771715e-02  4.59903032e-02  1.76955834e-01 -6.63529336e-02
  1.20349219e-02  5.37947677e-02  1.03543192e-01  2.95991480e-01
 -1.32759511e-01  1.25603467e-01  3.99968810e-02  1.81861334e-02
  5.63311242e-02  1.08931854e-01  1.03692487e-01  1.04623750e-01
 -7.18486011e-02 -4.75051850e-02 -1.28141224e-01 -6.02021553e-02
  2.78732665e-02  5.79589233e-02 -2.04852037e-02  6.05000407e-02
  4.05787528e-02 -1.96640834e-01 -7.67402947e-02 -2.80331880e-01
  2.09354371e-01 -7.83946365e-02  2.23773032e-01  5.59945516e-02
  2.70922601e-01 -2.87676007e-01 -6.12745099e-02 -2.84167558e-01
 -1.11758672e-01 -6.19012453e-02  3.15446556e-01 -2.02905700e-01
 -1.57106221e-01  2.06590414e-01 -2.42964253e-01 -2.69472692e-03
 -1.10110469e-01  1.13067299e-01 -1.25540033e-01 -1.96596652e-01
 -4.47126552e-02 -5.32395393e-03  1.05180927e-01  2.02835247e-01
 -1.18496707e-02  1.04671992e-01  9.67658535e-02  2.08314493e-01]"
169fef76a199cf1ee4d2811582d907d27dc3195ce810021ac8359591f06a2a09,dog_089.png,Beagle,Watercolor painting / illustration,"Desert (Southwestern) with saguaro cacti and prickly pear, distant mountains",Running/trotting,False,"Watercolor illustration of a happy beagle trotting across a sunlit southwestern desert with saguaro cacti, prickly pear, sparse grasses and distant mountains under a blue sky.","[ 1.78924963e-01  5.11989668e-02  4.87905927e-02  2.89436162e-01
 -6.79489896e-02 -9.01735500e-02  2.21304342e-01 -3.04166138e-01
 -2.68725157e-02  3.56541127e-02  8.08343641e-04 -3.85536142e-02
  2.74144739e-01  1.72381908e-01 -9.86264497e-02  1.31578803e-01
 -6.55566901e-02 -5.64904734e-02 -2.69749970e-03 -3.67579341e-01
 -1.02808230e-01  3.54783772e-03  7.50438198e-02  2.38793343e-01
 -3.28586042e-01 -2.76244819e-01 -1.16315328e-01  5.07156216e-02
 -1.07265592e-01 -2.30518669e-01 -8.77788439e-02  3.04412872e-01
  3.26900147e-02 -1.38329700e-01  1.39711961e-01 -3.98220643e-02
 -1.40832320e-01 -1.35456815e-01  1.19919688e-01  9.71276835e-02
  1.43768847e-01 -7.25866854e-02  8.09742324e-03 -1.83403660e-02
 -2.35910326e-01 -1.87872067e-01 -4.23813835e-02  6.95080534e-02
  1.07788414e-01  4.08221409e-02 -8.39783251e-02 -1.54244184e-01
 -3.38604599e-01 -2.02205479e-01 -2.35867098e-01  3.50526981e-02
  7.03528291e-03 -3.50942969e-01  9.24058333e-02  4.05749716e-02
  1.29135132e-01  3.80848080e-01 -2.77051106e-02 -2.18449137e-03
  6.76303357e-02 -2.08566964e-01 -3.19128692e-01  1.03916623e-01
  4.67434935e-02 -2.01065198e-01 -1.47029536e-03  1.59344569e-01
 -7.64003620e-02 -3.56913777e-03 -6.36182949e-02 -1.98801652e-01
  6.71802834e-02  4.59798910e-02 -1.27983436e-01 -6.86436370e-02
 -8.73242971e-03  1.03493752e-02  9.73149389e-02  4.23105359e-02
  1.92606851e-01  2.22690746e-01  2.75473278e-02  2.10065469e-01
 -2.49511167e-01 -1.28662037e-02  2.51870453e-01 -5.31406067e-02
 -1.22942716e-01 -3.51370536e-02 -9.69303027e-02 -6.76167682e-02
  1.54106066e-01 -4.73475575e-01  2.82730274e-02  4.22804020e-02
  1.64599508e-01 -3.81200343e-01  4.22781080e-01 -1.15644205e-02
  4.76656139e-01 -9.48167443e-02 -1.47963524e-01  1.58033654e-01
  1.72954023e-01 -3.95920761e-02 -2.33955994e-01 -3.22884828e-01
  7.94286132e-02  1.48645103e-01  7.14810938e-02  2.04851061e-01
 -3.84899646e-01  9.08428952e-02  1.07211605e-01 -4.80207317e-02
  3.04143548e-01 -6.93264371e-03 -9.16399807e-02  9.45344120e-02
  9.68898833e-02  4.03536633e-02 -2.20991552e-01  1.12671317e-32
  2.38019824e-01  1.65537205e-02  3.91757749e-02  4.99884635e-02
  2.19836861e-01 -1.70816496e-01 -1.71767622e-01 -1.81343526e-01
 -2.62374818e-01  1.63443267e-01 -2.06526935e-01  1.88714638e-01
  9.41570178e-02  2.42266163e-01 -6.72864635e-03 -3.99912030e-01
 -1.38356879e-01 -1.66456193e-01  8.23855996e-02  2.62977928e-01
 -4.49263841e-01  1.62881128e-02 -1.36932105e-01 -1.79028615e-01
  6.18206225e-02  4.50645611e-02 -8.08783919e-02 -8.52283910e-02
  9.35911760e-02  7.56866559e-02  3.45080942e-01 -3.36018920e-01
  1.75360277e-01 -5.73215038e-02 -1.57698423e-01 -1.29200608e-01
 -4.86179926e-02 -3.56691182e-01 -1.66764304e-01  3.45070601e-01
  3.61875206e-01 -7.53548816e-02  1.61037624e-01  2.51707494e-01
  5.87281249e-02  2.42390916e-01  1.88176274e-01  2.42411733e-01
 -2.08970249e-01  7.84884095e-02 -1.65341119e-03  2.09756970e-01
  3.08184564e-01 -2.42291331e-01 -1.72148466e-01  1.75669581e-01
  1.08347028e-01 -1.06923334e-01 -1.11428283e-01  1.27399042e-01
  9.43113565e-02 -6.74412921e-02 -1.31254062e-01 -3.67613286e-01
  2.36884192e-01  7.84512758e-02 -2.47726619e-01 -2.25177016e-02
  8.90056863e-02 -5.43711381e-03 -8.46147835e-02  2.92599320e-01
  1.30086020e-01 -2.16649264e-01  6.30555972e-02 -4.80748080e-02
  2.92881012e-01  2.06813728e-03 -5.28220944e-02  3.67011577e-02
 -2.76887447e-01  2.07897604e-01  4.66705896e-02 -3.49166095e-02
 -1.52460439e-02  1.53838560e-01  1.61769852e-01 -7.72784837e-03
 -2.44200498e-01  4.77524400e-02 -4.85721752e-02  1.75018489e-01
  9.99720246e-02 -2.45807514e-01  3.48627687e-01 -1.12011777e-32
  9.73722786e-02 -1.26919091e-01 -1.83633454e-02  1.23541296e-01
  1.76722333e-01  5.37867025e-02  2.34185249e-01 -2.42006197e-03
 -4.40273546e-02  6.10991381e-02 -1.26407310e-01  2.37014607e-01
  3.23612876e-02 -6.39856532e-02  1.30752414e-01 -6.02719374e-02
  2.04799414e-01 -3.61847505e-02  4.37181443e-02 -7.85599556e-03
 -5.30506372e-01  2.75647759e-01  2.19332531e-01 -3.11911047e-01
 -1.08808562e-01  1.75740167e-01  3.18676174e-01 -2.31318295e-01
 -1.57558680e-01 -7.59542063e-02 -1.77079905e-02 -2.91236281e-01
  7.88828805e-02  4.86859344e-02 -2.41388664e-01 -7.96206072e-02
 -1.01770110e-01 -4.22754019e-01 -7.04367533e-02  2.31183007e-01
  1.90178558e-01 -1.41131312e-01  1.87315658e-01 -1.53304683e-02
  6.24429137e-02  1.79983020e-01 -1.42444551e-01  1.14084266e-01
 -5.78054562e-02  1.44429341e-01  6.37862310e-02 -8.88370499e-02
 -1.01983964e-01  1.78419769e-01  1.93877205e-01 -3.99952941e-02
 -1.78601667e-01  9.96403024e-02  1.22003425e-02 -5.39337955e-02
 -1.09948911e-01  2.54446357e-01 -2.83719338e-02 -8.80675465e-02
  6.20446727e-02 -1.44601166e-01 -1.66729555e-01 -2.02840298e-01
 -8.92448146e-03 -2.47128189e-01  9.21057016e-02  2.88004125e-03
 -1.58694610e-01 -2.38105312e-01  3.39319229e-01  2.66718060e-01
 -1.05357848e-01  1.00170888e-01 -3.72641236e-02  7.83552080e-02
 -1.55144513e-01  1.70569599e-01 -1.13845177e-01  1.02618068e-01
  7.44422898e-02 -6.79760203e-02 -4.46943104e-01  1.45251071e-02
  1.23001717e-01  2.33270284e-02  2.20542461e-01  1.11666285e-01
  7.47535154e-02  8.25091228e-02  5.61650433e-02 -9.85869733e-08
 -2.14825440e-02  9.31730345e-02 -2.57208735e-01 -1.23110622e-01
  1.55495092e-01  2.18087688e-01  2.49935731e-01 -1.51997328e-01
 -1.29109696e-01  1.85942352e-01 -2.72021871e-02 -1.61781549e-01
 -2.95654327e-01  2.52503067e-01 -3.81914303e-02  2.56397575e-01
 -9.40271765e-02 -9.71353333e-03  2.75082234e-02  9.51476619e-02
 -2.65364766e-01  2.04070538e-01 -2.53269792e-01  2.30598494e-01
 -5.28554678e-01  1.58222541e-01 -1.06903754e-01 -2.98578203e-01
  1.45955250e-01 -9.61558670e-02  8.54419321e-02  1.78610459e-01
 -1.79774910e-01 -2.59451926e-01  1.15570627e-01 -2.03149840e-01
 -2.11240739e-01  1.73644960e-01 -5.13702445e-03  3.43602717e-01
  4.19081151e-01  1.08369760e-01  1.41353577e-01 -8.86798501e-02
  4.89083380e-02 -5.72323147e-03  1.30758002e-01 -1.34460881e-01
 -1.56863183e-01  1.62654907e-01 -2.71161407e-01  3.23818363e-02
 -1.16551109e-02  1.42475948e-01  8.42989981e-02 -2.18183339e-01
  1.41929209e-01 -2.46912047e-01 -8.38193949e-03  4.68080848e-01
 -1.11323290e-01  4.17982368e-03  1.64339036e-01  5.60789108e-02]"
ca5e37625c3f77001966d057eaf23aa0049e64f5f40f34cd87b244e06091bf55,dog_090.png,Beagle (puppy),photograph,park (grassy lawn),"lying on grass, playing/chewing grass, looking at camera",False,"Close-up photo of a tricolor Beagle puppy lying on clover-covered grass in a park, head tilted and looking at camera; yellow dandelions and blurred people and buildings in background.","[ 2.31232382e-02 -3.95864025e-02  2.01440766e-01  5.06800488e-02
  1.06113113e-01  5.30954823e-02  2.11870223e-02 -7.27142468e-02
  1.44633010e-01  8.75259787e-02  1.03352368e-01 -8.80296156e-03
 -2.85464488e-02  2.08486870e-01  1.16824731e-02  1.03388764e-01
 -4.24656272e-02  2.55074173e-01 -1.83120504e-01 -2.02780083e-01
 -1.28046289e-01 -1.30032105e-02  1.15242846e-01  2.26773899e-02
 -3.10287148e-01 -2.71994565e-02 -1.06519997e-01  1.13052949e-01
  1.79178156e-02 -2.52355099e-01 -7.87561573e-03  2.22850576e-01
 -4.05035727e-02  7.31184939e-03  3.32007967e-02 -1.82624941e-03
  1.85525510e-02 -1.67692736e-01  1.58358902e-01  4.75427024e-02
 -2.86326129e-02 -1.63234752e-02 -3.38643380e-02 -1.04729593e-01
 -7.87690431e-02  8.02923143e-02 -1.15524512e-02 -6.64883256e-02
  2.39297777e-01 -3.61222744e-01 -8.05776492e-02 -1.88462526e-01
  7.51515031e-02 -1.69322446e-01 -2.12119401e-01 -1.28798455e-01
 -9.09621045e-02 -1.79476663e-01  1.28217563e-01  6.23984635e-02
  2.14917392e-01  1.11912727e-01  1.78172395e-01  1.08351454e-01
 -1.11787617e-01  1.28203124e-01 -2.83587456e-01 -1.23158976e-01
  2.02197582e-01 -3.54268789e-01  3.81810106e-02  5.28546330e-03
  8.75735097e-03 -1.60736218e-01 -2.05601692e-01 -3.79391223e-01
  3.56467105e-02  9.62951854e-02  3.02165538e-01 -1.89354822e-01
  1.38770834e-01 -2.74838656e-02  1.27354398e-01  6.76651895e-02
  1.43885016e-01 -1.14545628e-01 -1.10798337e-01  2.47419521e-01
 -3.23253453e-01 -1.02654733e-01 -1.12895772e-01 -1.54186919e-01
 -1.65675417e-01  8.67122114e-02 -1.47878215e-01 -3.17617543e-02
 -1.26839746e-02 -4.23740655e-01 -2.37214491e-01  1.07156560e-01
  9.05802995e-02 -7.06039742e-02  1.45638883e-01 -2.61349678e-02
  4.66020763e-01 -1.67522997e-01 -1.12819135e-01  1.85720190e-01
  4.90246154e-02  8.66128057e-02 -3.56718712e-02 -2.81349242e-01
  3.27975787e-02  1.90820605e-01 -1.28396690e-01 -7.70384818e-02
 -9.15476829e-02  1.31498119e-02 -4.80162259e-03 -1.05713926e-01
  3.34644258e-01 -1.12959251e-01 -6.79027140e-02  4.50600199e-02
 -4.76287212e-03 -1.08043544e-01 -5.15643060e-02  3.35407734e-33
  1.38377264e-01  5.92515133e-02 -9.44428742e-02  1.56426709e-02
  1.15217343e-01 -2.48334885e-01  8.72140080e-02 -2.08559204e-02
 -2.57156074e-01  3.75557542e-02 -4.40685824e-02 -1.46863982e-01
  1.05110952e-03  2.64760647e-02  3.59434560e-02 -1.06832966e-01
 -1.74938276e-01  5.17662242e-03  1.81088656e-01  1.67190388e-01
 -1.76386222e-01 -5.66087803e-03  1.82743315e-02 -2.22157799e-02
  1.66330516e-01 -9.32843536e-02  7.77863339e-03 -8.47179294e-02
 -1.19333938e-02  6.71495870e-02  2.02744305e-01 -1.39671281e-01
  2.14941621e-01  6.45486936e-02 -7.19508529e-02 -2.12186426e-02
  1.02923691e-01 -2.69656658e-01 -3.27821411e-02  1.83828905e-01
  1.42825291e-01  1.69995166e-02 -1.80984903e-02 -7.35210553e-02
  1.75422311e-01  1.69445351e-01 -1.08491804e-03  2.26673037e-01
 -7.55126551e-02  1.82235181e-01  2.96323836e-01  4.47814129e-02
 -5.94909303e-02 -2.20324680e-01 -1.20063782e-01  2.35070959e-01
 -2.64536683e-02 -4.68862168e-02 -3.11035458e-02  2.93370336e-02
  1.81990683e-01 -2.41223183e-02 -1.99883685e-01 -4.56714988e-01
  3.35182175e-02 -1.86067998e-01 -2.32269123e-01  4.02955823e-02
 -2.82768250e-01  2.77152717e-01  2.71773003e-02  2.52364762e-02
 -4.48919870e-02 -1.69798926e-01  1.48130432e-01 -7.92139024e-03
  7.15016499e-02 -3.32132950e-02 -1.00738138e-01  5.73567264e-02
  6.81756809e-02  2.56002784e-01 -1.01024784e-01 -6.81324378e-02
 -1.35761842e-01 -1.38250738e-01  9.93472263e-02  1.71108723e-01
 -2.32072905e-01 -5.68208918e-02  1.07794873e-01  1.88384220e-01
 -3.29666287e-02 -1.06255941e-01  1.81771770e-01 -7.19102204e-33
 -9.41423997e-02  9.13325474e-02 -2.03611508e-01  2.56337617e-02
  1.18160546e-01  1.34371012e-01  5.33509068e-02 -9.81393233e-02
  5.95641471e-02  1.72359034e-01 -2.62105554e-01  1.76849633e-01
 -7.25455061e-02 -7.59907141e-02  8.52103755e-02 -4.14056368e-02
  5.09587824e-02 -2.43370421e-02 -1.15765199e-01  9.08398256e-02
 -2.40907356e-01  1.14326581e-01  1.47469163e-01  9.79944989e-02
 -2.09808461e-02  3.30896318e-01  3.25502567e-02  4.42050919e-02
  3.62101607e-02 -1.76670820e-01  1.00998916e-01 -2.73929358e-01
  2.21516993e-02 -1.10212050e-01 -1.19812764e-01 -6.85477033e-02
  8.60737786e-02 -4.37805116e-01 -1.32883474e-01  5.42395040e-02
  1.62280291e-01 -1.08212270e-01 -7.12682977e-02 -8.49390775e-03
  7.33043030e-02  4.08112723e-03 -7.53916800e-02  2.02755965e-02
 -5.62938750e-02  8.94933343e-02 -7.81688988e-02  1.21632792e-01
 -1.98973104e-01  2.49109790e-01 -2.36741379e-02  5.21032363e-02
 -3.11770082e-01  2.02620238e-01  1.19311437e-01  9.50094219e-03
  5.00801019e-02 -8.09975192e-02 -1.77496776e-01  2.48374075e-01
 -1.78504735e-01 -2.09776968e-01 -1.48241624e-01  2.64819358e-02
 -8.84128734e-02 -1.67917572e-02 -1.25846695e-02  2.44096011e-01
 -2.06703804e-02 -1.48993000e-01  5.82106188e-02  1.88937187e-01
  2.06994101e-01 -4.51091602e-02  1.48404926e-01  1.82529986e-02
 -7.51932040e-02  4.24903333e-02 -5.68964779e-02  1.45929500e-01
  1.35571137e-01 -1.25914499e-01 -2.72453994e-01  1.70093700e-01
  1.96733683e-01 -1.26576006e-01  4.58467677e-02  2.20980301e-01
 -8.78569260e-02  3.36142220e-02  1.37769550e-01 -9.95163134e-08
 -8.89703706e-02  6.32216111e-02 -8.42097849e-02 -4.96648252e-02
  5.09539433e-02 -9.56137106e-03  2.11081505e-01 -1.04526959e-01
 -6.65683001e-02 -7.51072029e-03  1.53069040e-02 -1.82057470e-02
 -2.86417544e-01  6.02769405e-02  6.65729716e-02  2.21631348e-01
 -2.43570298e-01  1.26132905e-01  1.72392026e-01  3.01953673e-01
 -6.66089356e-02  1.92808248e-02 -1.56179994e-01  1.17605008e-01
 -2.35112980e-01 -1.07738927e-01 -9.61068049e-02 -2.42859006e-01
  3.98633741e-02  5.18621020e-02  7.75594264e-02  1.82317287e-01
  8.40945765e-02 -7.22628683e-02 -1.00778881e-02 -2.68442601e-01
 -1.70444101e-02  2.05715865e-01 -1.54122487e-02  1.47535667e-01
  1.06184639e-01  1.33747190e-01  3.06812916e-02  3.15553471e-02
  2.08572209e-01  1.67975903e-01  4.25529569e-01 -1.52412757e-01
 -2.38313787e-02 -3.15344147e-02 -2.67448574e-01 -1.25221103e-01
 -4.75106798e-02  2.04579324e-01 -3.88326235e-02 -1.21991910e-01
 -1.21385396e-01 -1.82540953e-01  3.74918990e-02  1.35186061e-01
 -9.81713608e-02  3.72499712e-02 -3.11843250e-02  2.55054653e-01]"
e542b7ae43c194cb5618a1fef4427bf3ce1687456651e8ed68c0bafc7d5caa68,dog_091.png,Standard Poodle,photograph,studio (neutral grey backdrop),standing/posing,False,"White/cream standard poodle in a show-style clip with pom-poms on legs and tail and a topknot, standing and facing the camera on a dark floor against a neutral grey studio backdrop.","[-1.79267138e-01 -1.70621220e-02  1.01183616e-02 -1.64319038e-01
  1.57972518e-03  4.60730940e-02  3.03878188e-01  1.05474807e-01
  2.30586097e-01 -2.85127312e-02  2.70069331e-01 -1.80564776e-01
  3.93506028e-02  2.13338807e-01 -1.05471693e-01  1.67804688e-01
  2.41938636e-01  5.58435805e-02  2.79376894e-01  5.95930293e-02
 -1.61987141e-01 -8.70083943e-02  1.11052178e-01 -6.27434701e-02
 -1.91649348e-01 -9.43432823e-02 -7.04387650e-02 -2.87908800e-02
  1.54814556e-01 -1.15412816e-01 -5.68475164e-02  8.69122427e-03
  2.95149982e-01  1.57087401e-01  3.33656333e-02 -1.36982113e-01
  1.49570346e-01  1.48114460e-02 -1.10485449e-01  1.94464192e-01
  1.26139283e-01  1.60470799e-01 -6.96733072e-02 -2.39077300e-01
 -6.51727766e-02  3.76980193e-02  2.10859627e-01 -9.07665268e-02
 -1.53956702e-02 -2.32022569e-01 -5.28081134e-02 -3.49686921e-01
  1.98693131e-03  1.31831974e-01 -1.44303918e-01 -1.19162001e-01
 -1.49229750e-01 -9.97122750e-02  7.01422468e-02 -4.20829020e-02
 -1.14386857e-01  1.60188466e-01 -1.17609046e-01  5.37239686e-02
  3.91871110e-02  1.94142669e-01 -7.63730928e-02  3.31078358e-02
 -6.69088075e-03 -1.60158202e-02 -9.17645097e-02 -5.96571527e-02
  8.30647647e-02 -8.11653882e-02 -2.83894449e-01 -2.12522551e-01
  2.52453610e-02 -6.82675838e-02  1.96782112e-01 -8.35931301e-02
  2.37616245e-03 -1.47608742e-01  4.31537144e-02  1.81621388e-01
  6.02011904e-02  7.40838796e-02 -8.33891928e-02  6.06419146e-02
 -2.52909631e-01 -2.96552051e-02 -3.09413403e-01 -1.34761348e-01
 -1.07168488e-01 -4.68976721e-02  1.33196143e-02 -1.19012229e-01
 -1.88550860e-01 -2.28269696e-02  3.10650289e-01  1.83724299e-01
  2.76296753e-02 -6.92420974e-02  2.67820597e-01  7.38612488e-02
  1.31045029e-01 -1.48334444e-01  3.56292464e-02  8.60436931e-02
  2.50500888e-01 -5.12719564e-02 -6.56694323e-02 -2.20740922e-02
  5.12880124e-02 -3.27332094e-02  1.64252475e-01 -2.94433177e-01
 -1.37606815e-01 -1.08979754e-01  8.17641839e-02 -2.46794209e-01
  2.67371655e-01  1.56625107e-01 -1.71544448e-01  3.17177773e-02
  8.42939317e-02 -9.85860005e-02  8.34227130e-02  4.28787508e-34
  1.63774267e-01 -2.76610255e-03  7.37109631e-02 -1.18037194e-01
  1.90122858e-01 -3.73205473e-03 -4.56109270e-02 -3.08198407e-02
 -1.57528445e-01  6.53238520e-02  7.17639253e-02 -4.03620228e-02
 -1.86023802e-01  1.04166351e-01 -1.47123756e-02 -4.94142398e-02
  1.20559931e-01  8.69514495e-02  1.36189967e-01  1.85677990e-01
 -1.21821344e-01  1.31896392e-01 -5.85819222e-02  4.10568202e-03
  1.71615794e-01  9.08321068e-02 -2.89544798e-02 -2.19348997e-01
  1.77821778e-02  5.16469181e-02 -6.64688125e-02 -1.47652766e-02
  3.00309479e-01 -1.49074188e-02 -2.90080369e-01  1.16069481e-01
 -1.60536855e-01 -2.65708148e-01 -3.82233076e-02  2.39442244e-01
  2.44921491e-01 -3.49975564e-02 -1.06975399e-01  2.78590053e-01
 -1.17958628e-01 -1.71749473e-01 -4.46036793e-02  3.72626513e-01
 -1.91252619e-01  1.94548026e-01  1.03972040e-01 -1.12929113e-01
 -2.17549205e-02 -1.91879466e-01 -2.04088360e-01  1.10847369e-01
 -1.43164499e-02 -1.49828315e-01  1.00152366e-01  9.79046822e-02
  1.05905965e-01  1.95978999e-01 -8.88243839e-02 -3.54602002e-02
  2.50588447e-01 -1.24332830e-01 -1.56780168e-01  6.90433830e-02
 -1.57410726e-01  2.02981099e-01 -2.30480358e-01 -6.62057176e-02
 -3.44039574e-02 -7.23656639e-02  2.49172956e-01 -1.20266125e-01
 -8.16318989e-02 -1.88938677e-01  2.95226648e-02  6.87765852e-02
 -1.89485595e-01  3.20511009e-03 -2.07891203e-02 -2.48271562e-02
 -1.54093757e-01  1.35733396e-01  1.26282319e-01  2.63088584e-01
 -1.21263959e-01  8.25947672e-02 -1.18544601e-01 -1.17689393e-01
  8.74699429e-02  6.73608556e-02  1.37699351e-01 -1.35419227e-33
  1.01563804e-01 -1.31546864e-02 -3.35713625e-01  7.20720664e-02
  1.09037898e-01  1.91464305e-01 -1.11449488e-01  1.69743076e-01
 -1.69511974e-01  2.08442062e-01 -1.22887820e-01 -6.74303174e-02
 -3.37102041e-02 -4.47515771e-02 -2.25229673e-02 -5.41520007e-02
 -3.82654108e-02  2.49325424e-01 -6.50598807e-03 -9.90043283e-02
  6.39983863e-02 -3.04535609e-02  2.03496844e-01  1.43537983e-01
 -2.21084848e-01  2.97969371e-01  1.53330490e-01  2.98236217e-02
 -1.66325420e-01 -7.56978318e-02 -1.40438437e-01 -2.35270590e-01
  2.13607952e-01 -1.04246242e-02 -1.53524846e-01  2.04673395e-01
 -2.32755467e-02 -2.32111186e-01  2.25316957e-02 -2.96450015e-02
  1.19312163e-02 -1.32214263e-01 -6.19997196e-02  1.38043344e-01
  4.52178568e-02  1.34339005e-01 -1.44121423e-01  3.75496894e-02
 -1.44506721e-02 -1.72405019e-01 -3.27412665e-01  1.02477662e-01
  8.08279775e-03 -5.52628338e-02 -2.19850421e-01  2.52833162e-02
 -3.62875551e-01  1.93840899e-02 -5.52639225e-03  4.24657352e-02
 -1.14051320e-01  8.32965076e-02 -1.42833516e-01  1.59241349e-01
  5.70334978e-02 -7.09084868e-02 -5.39125092e-02  2.25416079e-01
 -5.93000017e-02 -2.21806064e-01 -4.11139689e-02  2.08162501e-01
  5.67039661e-02 -7.51541108e-02  2.11004958e-01  8.44560042e-02
  5.62962666e-02 -1.22941472e-01  3.70318294e-01  1.16328575e-01
 -2.56769300e-01 -1.71662524e-01  2.80153751e-03  1.28815219e-01
  8.62730816e-02  2.10072085e-01 -2.26019114e-01  3.27629566e-01
  1.15525082e-01  1.27310129e-02  1.41465977e-01  2.31564209e-01
 -5.11762835e-02 -7.54581019e-02  7.65082911e-02 -9.85203741e-08
 -2.13202909e-01 -5.75992391e-02 -3.52147548e-03 -1.32931873e-01
  6.39048442e-02 -3.82653363e-02 -2.13869765e-01 -2.24906132e-01
 -1.17024444e-02 -1.38795942e-01  1.39722198e-01 -1.43285036e-01
 -1.12307385e-01 -9.68070626e-02 -1.74979176e-02  2.63615996e-01
 -1.38475344e-01  1.46160141e-01 -1.95146669e-02  1.57282412e-01
 -2.25441679e-01  5.68717681e-02  1.55084148e-01 -1.06728658e-01
 -4.77370322e-02 -1.14089280e-01 -1.87588148e-02  1.68520808e-01
 -2.54388392e-01  3.06525350e-01 -4.98822555e-02  1.69450417e-01
 -3.93143207e-01 -9.07854438e-02  1.70238391e-01 -1.21734492e-01
 -2.49438677e-02 -8.76145139e-02  1.74064517e-01  2.04910859e-01
  9.55509096e-02 -2.74983253e-02  8.41339082e-02  7.37458393e-02
 -1.56506877e-02  3.12059641e-01  2.89059341e-01 -3.15102398e-01
 -4.16110903e-02 -5.98502420e-02 -9.90685299e-02 -1.90115094e-01
 -1.11921765e-02  1.47442728e-01 -1.99396387e-01  2.03890353e-02
  2.35283226e-01 -3.33280116e-01 -1.51025725e-03  1.22970477e-01
  4.73548025e-02  7.72103202e-03 -4.59028631e-02  2.42660731e-01]"
a546471d4649e2ed32abd16d204d0e95537533dd02fe7f7afdc89b91f36f454b,dog_092.png,Poodle (likely Standard),photograph,park/grass field,leaping while carrying a red tennis ball,False,"White poodle mid-air running on grass with a red tennis ball in its mouth, sunlit park background.","[ 7.36479163e-02  2.73907073e-02  2.54679546e-02 -1.69947341e-01
 -9.47282091e-02  4.55354489e-02  2.86209643e-01 -1.02696076e-01
  1.52933210e-01  5.79142906e-02 -5.85577488e-02  3.24914753e-02
 -1.08800411e-01  4.02478725e-01  1.22278310e-01  3.28312755e-01
  2.98861235e-01  3.75817753e-02 -5.42883724e-02 -6.26510531e-02
 -8.90861824e-02  5.81370741e-02  1.75975263e-01 -3.05091381e-01
 -3.35495919e-01  1.22835919e-01 -6.97696134e-02  1.41949639e-01
 -1.49480700e-01 -2.64332965e-02 -2.93034930e-02 -1.39573723e-01
  1.82064936e-01  1.95126891e-01 -2.02335656e-01 -1.69649810e-01
 -1.13354316e-02  3.58529319e-03 -1.16361588e-01  3.39729279e-01
  9.60779786e-02  2.86207385e-02  2.90108230e-02  1.25574917e-01
 -1.77879199e-01  2.78438479e-01 -1.22613810e-01  2.12848298e-02
  3.21372420e-01 -5.24380565e-01 -4.11367230e-02 -3.47159743e-01
  1.83084488e-01 -3.23092192e-02 -2.18837038e-01  6.92415014e-02
 -2.04994082e-01  5.05585968e-02 -6.91122636e-02 -1.90876424e-01
 -4.51604975e-03  5.60722873e-02 -1.43021077e-01  1.25265330e-01
 -2.73304015e-01 -1.80386320e-01 -2.34598830e-01  7.85080269e-02
  1.85643807e-01 -1.31921813e-01  2.08694056e-01  4.73880060e-02
  2.27049273e-02 -2.95634091e-01 -2.64802575e-01 -1.42379582e-01
  1.03169024e-01 -6.85501248e-02  3.05974007e-01 -1.68130726e-01
  3.47542197e-01  1.84496213e-02 -2.63632774e-01  2.05402255e-01
  3.10691476e-01  4.12336737e-02  1.77357331e-01  1.09298795e-01
 -1.14712790e-02  1.24941766e-02 -5.29001296e-01 -3.71967070e-02
 -1.83048457e-01  3.01614180e-02 -7.10437074e-02 -2.31820289e-02
 -2.48796660e-02 -1.22161999e-01  6.13527782e-02  1.09629393e-01
 -1.17760394e-02 -3.20277028e-02  4.34856951e-01  2.84600228e-01
  2.69290835e-01 -1.84669361e-01 -6.78944886e-02  4.78863597e-01
  2.37553656e-01 -2.22097035e-03 -1.13614656e-01 -7.13244453e-02
  1.27532572e-01 -1.04526784e-02 -1.62305877e-01 -1.43391594e-01
 -2.19833180e-01  7.13510290e-02 -2.85025120e-01  1.87699851e-02
 -3.78455669e-02  8.42164364e-03 -2.91226357e-01  1.46514639e-01
  4.74564917e-02 -3.88940722e-01  2.21827939e-01 -6.52620431e-33
 -1.77890897e-01 -1.35348812e-01  1.82074249e-01 -3.59619915e-01
 -2.90768053e-02 -4.54204828e-02 -1.02397174e-01 -7.84276798e-02
 -4.30544652e-02  3.50580588e-02  8.28357860e-02 -1.06725752e-01
 -1.68105960e-02  1.06974274e-01  2.15147272e-01 -3.16452891e-01
  3.25264595e-02  1.48556381e-01  3.28516990e-01  2.65772730e-01
  4.96018305e-02  1.48536181e-02 -3.45625170e-02 -3.06018054e-01
 -3.18036117e-02  6.52403524e-03  4.12292108e-02 -1.49234802e-01
  7.95940980e-02  1.68195948e-01  2.16406211e-01 -4.47298437e-01
  4.09351811e-02  2.13785976e-01 -3.96683574e-01  1.79572150e-01
 -2.41402820e-01 -2.86946684e-01  1.57870308e-01  1.91657692e-01
  3.29832137e-02 -1.34006128e-01  3.33876978e-03  1.17977470e-01
 -2.36465946e-01 -4.26467746e-01 -2.17029616e-01  3.52460951e-01
 -1.03612570e-02  3.85352403e-01  1.57553419e-01 -1.34515651e-02
  4.62937891e-01 -8.58751684e-02 -2.01335102e-01 -1.01246297e-01
 -1.40410487e-03  5.40655628e-02 -8.35225955e-02  1.79750055e-01
  3.53726238e-01  7.43325204e-02 -4.80218381e-01 -1.09643172e-02
  1.37991369e-01 -3.34075332e-01 -1.83459431e-01 -1.02841137e-02
 -3.28713685e-01  3.99995714e-01  3.01088572e-01 -2.64076114e-01
 -1.56017421e-02  7.63033479e-02  2.29046211e-01 -2.03415662e-01
  5.36628246e-01  1.06137944e-02 -2.40045905e-01 -2.37014726e-01
 -1.19372673e-01 -1.99535325e-01  9.21327434e-03 -1.36867240e-01
 -5.41525126e-01  3.85808021e-01  2.05537856e-01  1.56243384e-01
 -7.79942721e-02  1.27281964e-01 -9.83805880e-02 -3.37661326e-01
 -1.95017204e-01  3.37325893e-02  2.80293941e-01 -1.89773332e-33
 -9.53065082e-02 -5.39806262e-02 -3.40040177e-01  3.88177335e-02
  2.42552206e-01  5.28250515e-01  1.22306654e-02  2.24870145e-01
 -3.49963754e-01  9.86348689e-02 -4.19947654e-01  1.30977169e-01
  1.02001987e-02  1.41209885e-01 -8.76503214e-02  1.58766702e-01
 -2.11698800e-01  2.49685556e-01 -7.49613298e-03  2.44076639e-01
 -3.74471277e-01  2.62461603e-01  4.19948936e-01  6.19694032e-02
 -1.69706434e-01  2.10685939e-01  2.48160437e-01  5.50071225e-02
 -4.75863636e-01  1.66872248e-01  3.49464528e-02  3.00685074e-02
  1.74091205e-01  4.11443561e-02 -3.42935652e-01  1.01881355e-01
  9.04800221e-02 -4.52967376e-01  1.21423356e-01 -1.14833631e-01
  2.93745965e-01  1.45835996e-01  5.38605228e-02  1.56251788e-01
  2.18995959e-01  3.34647715e-01 -2.62042731e-01  8.34980085e-02
 -8.94635618e-02 -7.47108534e-02  1.35443090e-02  2.30998248e-01
  9.27902386e-02  1.69658259e-01  1.15563177e-01 -1.81398258e-01
 -3.17156345e-01  7.79727995e-02 -2.03040510e-01 -1.67784333e-01
 -1.08139589e-01  2.22773343e-01 -2.35482290e-01  4.11667854e-01
  1.26532227e-01 -1.28834099e-01 -2.58901894e-01  9.78421420e-02
 -1.80862918e-02 -3.65736097e-01 -5.14338970e-01  3.38085145e-01
 -3.30435663e-01  4.64139925e-03 -3.80191132e-02  3.75779450e-01
  3.32042009e-01  7.34946970e-03  8.91347826e-02  3.38340580e-01
 -1.63169235e-01  1.14547960e-01  8.77264217e-02 -1.42171994e-01
  1.54318601e-01  1.72019690e-01 -6.27432466e-01  1.71378002e-01
  2.15776078e-02  9.26229209e-02  3.10907125e-01  4.13334042e-01
  6.06804192e-02  2.37435866e-02  1.50531471e-01 -9.67752740e-08
 -3.25765125e-02  2.19080880e-01  9.46925282e-02 -5.11534959e-02
  1.03921853e-01  2.67182380e-01 -1.51455700e-01 -3.56404424e-01
  1.06256582e-01 -2.00420976e-01  1.00058906e-01 -6.39181286e-02
 -2.47361492e-02 -7.17316642e-02 -5.46710491e-02  9.37471762e-02
 -2.76813447e-01  1.04644597e-01  8.43801573e-02  4.37498182e-01
 -2.70045221e-01  3.17452848e-01 -3.09957983e-03  1.38099372e-01
  3.10367793e-02 -1.92712218e-01 -2.74213962e-02  5.00802044e-03
 -2.46207044e-01  5.68215102e-02 -7.40301982e-02  3.09276611e-01
 -3.64754289e-01 -5.81215955e-02 -1.64836496e-01  5.87972859e-03
  2.85625607e-02  1.63150176e-01 -3.07018787e-01  2.92825729e-01
 -3.12798657e-02  3.07015657e-01 -2.51887053e-01 -1.00710370e-01
 -4.40219603e-02  2.03898847e-01 -1.36149982e-02 -4.74763334e-01
 -1.36834875e-01 -3.62290293e-02 -1.30086556e-01  1.13080051e-02
 -9.94015206e-03 -2.67832190e-01 -3.61480951e-01  2.38166317e-01
 -4.31757510e-01 -3.38989168e-01 -8.18533897e-02 -7.75371259e-03
 -2.30821148e-01  1.56251580e-01 -7.58795515e-02  3.67898583e-01]"
6b621540272ebe829ea88f851ac1e49cc307b8e7a74a9f6c2af50f335ce73db4,dog_093.png,Standard Poodle (light apricot),photograph,urban sidewalk at a bus shelter / city street,sitting and facing camera,True,"Light apricot Standard Poodle sitting on a city sidewalk in front of a brightly colored bus shelter advertisement that reads 'SUMMER SALE 2026', with buildings, cars and pedestrians blurred in the background.","[-1.49451569e-01  1.76938903e-02  1.53009906e-01  2.56545823e-02
  1.47354811e-01  7.01831728e-02  1.82526797e-01 -2.87383161e-02
  5.82467131e-02 -1.27569422e-01  2.61369914e-01  1.26929745e-01
 -1.00217166e-03  1.87911361e-01  5.05570807e-02  2.60574132e-01
  1.78817838e-01 -6.72258064e-03  1.17022134e-01 -1.13758586e-01
 -8.45687836e-02 -7.26581961e-02 -1.26041993e-01 -1.08445637e-01
 -2.81378955e-01 -1.13996193e-01  5.26582710e-02 -1.57204140e-02
  3.20248194e-02  5.74076846e-02  2.95505337e-02  1.35417849e-01
  8.05112943e-02  3.28175537e-02  2.64613658e-01 -1.41618624e-01
  1.34413034e-01 -2.07766771e-01  4.71314490e-02  1.60749018e-01
  1.13818213e-01 -2.09132563e-02 -2.30850667e-01 -6.96924925e-02
  4.91923019e-02 -1.60291091e-01  2.99831983e-02  4.69462276e-02
  5.58596328e-02 -3.61892164e-01  2.27689873e-02 -1.62380159e-01
  6.55599982e-02 -1.62770540e-01 -2.24507436e-01 -1.18587762e-01
 -2.61061281e-01 -8.79447237e-02  9.56086889e-02 -2.64735501e-02
  1.89957336e-01  5.35190366e-02 -9.60428566e-02 -1.93801951e-02
 -6.65875003e-02  2.74328649e-01 -2.58447856e-01 -9.55877639e-03
  5.97381592e-03 -1.01819269e-01  1.91042721e-01  2.95672975e-02
  1.61653414e-01 -6.05419241e-02  1.17852679e-02 -1.69862285e-01
 -5.80259487e-02 -1.40837491e-01  2.53622055e-01 -3.32541429e-02
 -6.60230592e-02 -2.12243631e-01 -1.58514991e-01  1.62667990e-01
  1.58704385e-01 -7.27876723e-02  1.43185118e-02  4.73334827e-02
 -1.42867893e-01  1.82054266e-01 -1.61985457e-01 -1.00226201e-01
 -2.66226888e-01  1.23602577e-01 -4.65100139e-01 -9.39783826e-02
 -4.22642641e-02 -2.83662498e-01  5.26914746e-03  1.98089182e-01
  2.97357254e-02  1.38643935e-01  3.45831037e-01  4.46368568e-02
  1.08395129e-01 -3.17819595e-01  8.37070285e-04  1.42172307e-01
  7.77281746e-02  5.81662394e-02 -1.45787701e-01 -1.07491717e-01
  1.11936321e-02  1.34738281e-01 -2.43862793e-01 -1.63965538e-01
 -2.01284304e-01 -1.57575801e-01  2.51655668e-01  4.01072390e-02
  2.61239409e-01  1.98047489e-01 -2.36577973e-01  1.00153476e-01
  2.64946163e-01 -2.58289397e-01 -1.63574293e-02 -5.48817007e-34
 -1.41341358e-01  1.01803750e-01  5.04556634e-02 -7.28963166e-02
  2.31858358e-01 -7.83220083e-02 -4.82708029e-02 -1.46435946e-01
  4.51573990e-02  7.67606962e-03  4.71907556e-02 -9.52931643e-02
  5.37941195e-02  1.75446779e-01  2.01594770e-01 -1.23463012e-01
 -6.31893810e-04  1.18435316e-01  1.83520168e-01  2.18637735e-01
 -1.21809982e-01  3.07421442e-02 -5.61819188e-02 -2.56400853e-01
 -9.99389868e-03  1.89303800e-01  3.21285799e-03 -1.32859781e-01
  2.70219684e-01  2.26014644e-01 -3.25776935e-02  2.15905949e-01
  2.68903524e-01  9.87765938e-02 -3.59351605e-01  8.49535763e-02
 -4.13136780e-02 -4.00355816e-01 -4.25116606e-02  1.35480314e-01
  4.56660129e-02  8.68867040e-02 -2.59821191e-02  1.27691492e-01
  1.94380224e-01  1.38103157e-01 -2.93035507e-02  2.24637613e-01
  5.01726046e-02  1.45535529e-01 -7.68713828e-04 -1.01430297e-01
 -2.76616037e-01 -4.29663397e-02 -2.13564828e-01 -1.27575189e-01
 -2.00227186e-01  4.67223562e-02  5.06490618e-02 -1.00772001e-01
  3.01826805e-01  4.98157218e-02  2.20054001e-01 -2.01079056e-01
  9.58962366e-02 -3.14331263e-01 -9.92029980e-02  3.41106616e-02
 -2.42926702e-01  1.68283567e-01  1.33601904e-01 -8.69730040e-02
  2.08952889e-01  6.61217049e-03  2.21223876e-01 -1.29442036e-01
  2.16688469e-01  9.08446684e-02  1.53674051e-01 -1.00796774e-01
  6.61415700e-03 -1.28669724e-01  1.92123652e-01  1.27662055e-03
 -1.28868697e-02  1.12835839e-01  3.11856214e-02  3.25119585e-01
 -1.54412553e-01 -4.47427593e-02  9.05114487e-02 -1.70688052e-02
 -1.20149024e-01  6.67771101e-02  1.70255546e-02 -5.37869371e-33
 -4.37578931e-02  3.60486284e-02 -9.77920368e-02 -1.46622732e-01
 -6.42060265e-02  5.53753339e-02 -2.89036095e-01  8.98621157e-02
  1.04327105e-01  3.04669142e-01 -2.33420134e-01 -6.57282099e-02
  3.11978366e-02  7.06272796e-02 -1.37814283e-02  1.39715999e-01
  1.30227044e-01  8.93555507e-02 -1.73905596e-01 -1.85036939e-02
 -4.69599485e-01  9.53733996e-02  1.07397482e-01  2.01917291e-01
 -5.83292283e-02  1.30545110e-01  6.25068620e-02  8.84279534e-02
 -9.13712978e-02 -1.59424782e-01 -3.00009936e-01 -2.44880661e-01
  5.65493712e-03  3.11186612e-02 -6.25856826e-03  1.28675133e-01
  1.14004865e-01 -4.69701052e-01 -4.67206724e-02  1.59309924e-01
  2.82068908e-01 -2.11182281e-01 -4.10709977e-02 -1.36637449e-01
  3.19720693e-02  6.23732284e-02  2.05517765e-02 -3.11072320e-01
  1.38250545e-01 -2.37919316e-01  1.45226806e-01  2.44911820e-01
 -5.47767617e-02  1.70267187e-02 -2.56042987e-01 -1.34265563e-02
 -1.87258705e-01 -2.06721071e-02 -1.10816404e-01  9.88991559e-03
  2.31410451e-02  1.26812398e-01 -1.41996704e-03  2.30761632e-01
 -7.48815462e-02 -3.25653583e-01 -1.11906372e-01 -7.50053376e-02
 -2.87544671e-02 -1.76773116e-01  8.78191069e-02  1.56374186e-01
 -2.84852147e-01  3.04764584e-02 -6.06976561e-02  5.01605794e-02
  3.34909409e-01  8.14100504e-02  2.26721168e-01  9.08022467e-03
 -2.22913653e-01  2.10406240e-02 -9.53080952e-02  8.34058672e-02
 -5.73612601e-02 -1.17355943e-01 -3.28990877e-01  1.07403442e-01
 -7.15286657e-02  1.40353709e-01  9.59769934e-02  2.62806654e-01
 -1.28722429e-01  2.45810468e-02 -6.57254606e-02 -9.89045574e-08
  1.37650400e-01  2.95741614e-02 -1.55407354e-01 -8.75349715e-02
  3.01257707e-03 -1.43334158e-02 -5.88542037e-02  1.19126150e-02
 -8.47558528e-02  9.58157331e-03  1.56957716e-01 -1.22333027e-01
 -1.51442200e-01  1.40439034e-01 -1.55302182e-01  3.63041312e-01
 -1.03299599e-02 -6.44767433e-02 -1.35424454e-03  1.50418952e-01
 -2.99982280e-01  2.19771534e-01  6.31897748e-02 -4.11717854e-02
 -3.80731709e-02  8.35071877e-03 -1.46795332e-01  1.91900969e-01
 -1.19697690e-01  1.30420700e-01 -7.77334422e-02  2.12047443e-01
 -2.56248742e-01 -7.02075288e-02  8.88546482e-02 -9.83633474e-02
  1.39015809e-01  6.26956159e-03 -7.09639266e-02  2.48526752e-01
 -5.79877570e-02 -8.51442069e-02 -2.03146890e-01  9.02335346e-02
  3.32008779e-01  1.24365672e-01  1.19240873e-01 -4.23705161e-01
 -3.32112685e-02 -6.86093569e-02 -1.25311524e-01 -2.04255119e-01
  1.10786736e-01 -1.25675723e-01 -1.99538827e-01 -1.81610528e-02
 -1.60861462e-01 -2.81857938e-01 -9.06677544e-02  1.01117134e-01
  3.91290672e-02  1.82297692e-01 -9.33084488e-02  3.90271962e-01]"
7ab1920775bac435713890642dd772254dca74f72f4afeaedbb7164308b275eb,dog_094.png,Poodle (apricot),photograph,walled garden path with ornate wrought-iron gate,running/playing/trotting along stone path,False,"Apricot standard poodle trotting down a flower-lined stone path in a walled garden, surrounded by roses, hydrangeas and delphiniums with an ornate gate in the background.","[-1.23359703e-01 -1.82585523e-01  1.16791921e-02  4.34025265e-02
 -1.85465753e-01 -1.42714113e-01  2.26370141e-01  2.12201402e-02
  2.33697399e-01 -8.97898972e-02  1.41483471e-01 -8.12982991e-02
 -8.79610851e-02  9.54843313e-02 -4.87450548e-02  3.07056725e-01
 -4.21286970e-02  8.34944546e-02  9.44945738e-02 -1.22022808e-01
 -1.79268971e-01 -6.67603761e-02  9.24575254e-02  2.51941010e-02
 -1.22350894e-01 -1.94305293e-02 -8.81470963e-02 -5.82150940e-04
 -6.52042404e-02 -2.84297943e-01 -2.33229876e-01  1.69559225e-01
  5.53124622e-02 -1.35134637e-01  4.70424592e-02  8.78901929e-02
  6.96963072e-02 -1.09171592e-01  2.08623037e-01  1.23512566e-01
  6.44463301e-02  1.51380181e-01  3.27377324e-03  1.56822894e-02
 -3.72151732e-02 -2.36246958e-01 -1.74667612e-02  8.60239044e-02
 -1.54125676e-01 -2.58639544e-01 -4.99503650e-02 -1.31920978e-01
 -6.27555549e-02  4.78985980e-02 -2.05878064e-01  4.10923921e-02
 -5.69626577e-02 -2.94053163e-02 -4.11194041e-02  1.79765113e-02
  1.50607198e-01  2.66571581e-01 -2.09201574e-01 -1.51357483e-02
 -2.37990886e-01  2.84632854e-02 -8.49373415e-02  1.38329417e-01
  2.87244499e-01  1.51006982e-03  1.32657945e-01  1.15597017e-01
 -1.54860578e-02 -1.09298326e-01  2.34009940e-02 -6.59973696e-02
 -1.90152928e-01 -1.38684111e-02 -6.15489855e-02 -1.12736724e-01
 -2.28141293e-01  2.41597861e-01 -2.39965115e-02  2.24072725e-01
  3.27342719e-01 -5.63927880e-03 -1.16257198e-01  5.40064648e-02
 -2.05753651e-02  1.62415400e-01  1.19628217e-02 -8.86709541e-02
 -1.08240284e-01  1.75358523e-02 -1.49080217e-01 -7.17668608e-02
  6.65584132e-02 -3.13411832e-01 -1.43317029e-01  9.43833813e-02
  1.04084991e-01  6.93654269e-02  7.90239051e-02  9.59050357e-02
  2.22353250e-01  4.21685399e-03 -1.57937914e-01  2.05113031e-02
  1.51898578e-01  1.26083821e-01 -1.23717383e-01 -2.06827521e-01
  1.02701478e-01  9.34044123e-02 -2.16236740e-01 -1.29785821e-01
 -2.50225902e-01 -1.02723233e-01  1.74438074e-01  2.79702634e-01
 -9.48836505e-02  1.28974676e-01 -3.16125929e-01 -1.45831883e-01
  1.43189535e-01 -1.98507443e-01 -6.22704737e-02  6.24290650e-33
  4.47459146e-02  4.36117053e-02 -3.43892612e-02 -7.95127526e-02
  2.05454096e-01 -1.01077192e-01 -2.56141841e-01 -1.96698055e-01
  3.95861417e-02 -4.37165722e-02  2.27736291e-02 -4.33913134e-02
 -1.77789897e-01  3.61215957e-02  1.43502429e-01 -2.47518137e-01
  1.00834958e-01  1.66997910e-01  2.88772017e-01  4.71336991e-02
 -1.95876583e-01  6.83266148e-02 -2.08851576e-01 -2.62198299e-01
  7.22459331e-02  7.04536960e-02  6.00085296e-02  5.14901467e-02
  7.10249506e-03  2.11481094e-01  2.03319658e-02 -1.76425785e-01
  2.70482928e-01  1.26326784e-01 -3.42514336e-01  9.28601921e-02
 -4.93050069e-02 -3.51030737e-01  2.58101448e-02  3.90067786e-01
  1.66731760e-01 -2.37514917e-02  9.03065279e-02  1.28033459e-01
 -7.19371289e-02 -1.04241036e-01 -1.07178025e-01  3.33767980e-01
  6.21287227e-02  5.54465689e-02 -1.82257164e-02 -9.72208455e-02
  1.39097795e-01  1.38011664e-01 -1.08176760e-01  9.85142887e-02
 -2.47035444e-01  1.71028852e-01  1.14480495e-01  6.10969551e-02
  2.63435602e-01  7.30261207e-02 -5.89988716e-02 -1.05440030e-02
  1.63319126e-01 -2.14410111e-01 -2.70005673e-01  1.04998857e-01
 -2.49310598e-01  3.01106691e-01 -1.43291518e-01 -3.19604501e-02
 -6.53848201e-02  1.71448495e-02  2.18963578e-01 -1.97153360e-01
  9.55949947e-02 -3.32127437e-02  2.15693966e-01 -2.00048849e-01
 -2.04753637e-01 -8.90568420e-02 -6.84885904e-02  8.12003985e-02
 -1.55867646e-02  2.55832404e-01  2.36412719e-01  3.82414132e-01
 -8.60916749e-02  2.67078094e-02  3.53510156e-02 -1.49782032e-01
  9.76830497e-02 -1.05319656e-01  1.35750830e-01 -6.29344100e-33
 -2.47447789e-02  1.33776799e-01  8.78109336e-02  3.53887049e-03
  8.78464896e-03  6.67322055e-02 -3.32740337e-01 -6.11875728e-02
  4.61963601e-02  1.66584685e-01 -3.36117893e-01  2.13708922e-01
  4.97573130e-02  3.32063925e-03  8.50222707e-02 -9.57268700e-02
  8.48864540e-02 -1.54736638e-02  3.53110433e-02 -9.94665921e-03
 -4.15488750e-01 -2.01555163e-01  2.08034962e-02 -6.74563944e-02
 -2.71589845e-01  7.60896578e-02 -1.36986403e-02 -2.05065280e-01
 -1.29379645e-01 -1.53494272e-02 -4.56325971e-02 -2.61108011e-01
 -9.48424265e-02  2.34519597e-02 -1.20975971e-01  9.70487595e-02
  6.01063222e-02 -2.15273708e-01  7.15026408e-02  1.71652168e-01
  1.38567209e-01 -1.79408535e-01  1.71164319e-01  8.28166455e-02
 -3.64211425e-02  1.64917007e-01 -1.91165075e-01 -8.07018876e-02
  4.51011695e-02 -8.70981067e-02  9.11317468e-02  1.97484285e-01
  1.57274202e-01 -1.58543605e-02 -9.88283828e-02  4.91961427e-02
 -2.33548880e-01 -3.72446631e-03 -1.02905430e-01 -1.40542701e-01
 -2.07199231e-01  1.60165012e-01 -1.91127489e-04  2.89645702e-01
  4.23936434e-02 -3.25771540e-01 -1.74752101e-01  1.67129874e-01
 -1.14581101e-01  7.08247870e-02 -2.38970980e-01  4.32874709e-01
 -6.35362640e-02 -8.66299123e-02  1.93395063e-01  2.42055673e-02
  1.25137433e-01 -1.74504235e-01  2.79146850e-01 -1.56521443e-02
  5.53186546e-05  1.54580399e-01 -7.20254108e-02 -1.61457330e-01
 -1.29692435e-01 -1.35139883e-01 -2.05410644e-01  3.21624517e-01
  1.96891561e-01  2.69034475e-01  3.32343578e-01  9.78719145e-02
  1.69688642e-01 -7.10545927e-02  7.04341009e-02 -9.91061881e-08
  7.07414672e-02 -9.07558054e-02 -2.32758462e-01  7.02402070e-02
  1.16895325e-02 -1.95820793e-03 -6.82651252e-02  1.07854553e-01
 -4.10729274e-02 -3.18875201e-02  8.57438818e-02  4.79584672e-02
 -1.49802536e-01  1.18575238e-01  2.31372248e-02  2.33488306e-01
  2.16191441e-01 -4.25853720e-03 -1.82740875e-02 -2.13758592e-02
 -2.13954344e-01  3.09629112e-01 -1.52127836e-02 -2.53158025e-02
 -7.21755698e-02  1.67048946e-01 -1.06719129e-01 -8.90686810e-02
 -3.07000577e-01  3.34580749e-01  9.41641405e-02  1.48266882e-01
 -2.36375853e-01  1.67037293e-01  4.49341163e-02 -1.07379705e-01
  1.69395760e-01 -6.39043823e-02 -8.93453583e-02  6.01341873e-02
  1.38749659e-01  2.17428040e-02 -7.91670904e-02  7.34373974e-03
 -3.55018675e-02  1.30164132e-01 -1.00540621e-02 -2.52028322e-03
 -5.92449605e-02  3.83784808e-02 -1.65703446e-01 -6.75462931e-02
  2.31442079e-01 -1.96446270e-01 -5.83603643e-02  1.83821276e-01
  7.69102499e-02 -3.36716950e-01 -1.69438675e-01  1.03153229e-01
 -1.35111049e-01  1.74150109e-01  2.51604557e-01  3.23107429e-02]"
2a12c39327106b26ede90dfee2cd95a38741f04553fac011287c883d41d71f7b,dog_095.png,"Poodle (standard), cream-colored",photograph,"outdoor sidewalk café (Parisian-style), cobblestone street",sitting on a red-cushioned chair next to a table with coffee and a macaron,False,Cream-colored poodle wearing a pearl collar sits on a red-cushioned chair at an outdoor sidewalk café beside a table with a cup of coffee and a macaron; blurred diners and Parisian buildings in the background.,"[ 6.61874935e-02 -1.57431811e-01  1.54207140e-01  6.59831911e-02
 -3.75272743e-02  1.56212196e-01  2.83498794e-01 -1.32035732e-01
  1.43379346e-01 -1.61597863e-01  8.95508304e-02 -9.58376303e-02
  1.18222378e-01  1.35172620e-01  4.70872521e-02  2.19641831e-02
  2.37835005e-01  2.57782470e-02  2.67436594e-01 -4.94235270e-02
 -3.35370660e-01  5.46675660e-02 -2.27373634e-02 -3.31627131e-02
 -2.15613320e-01  2.76084500e-03  1.76996469e-01 -2.47737244e-01
 -1.62137628e-01 -2.55028158e-02  5.32499223e-04 -8.86996090e-02
  5.16685955e-02  3.96975689e-02 -2.18615178e-02 -1.00162469e-01
  1.93556502e-01 -5.43394387e-02  1.41321123e-01  2.44375691e-01
 -5.65632991e-02  2.33397320e-01 -1.59940999e-02 -1.15768827e-01
  1.78983703e-01 -9.98263136e-02  1.35100022e-01 -1.06022663e-01
 -5.20644076e-02 -3.04245025e-01 -9.78357121e-02 -1.03934251e-01
  2.08618626e-01  1.84684973e-02 -2.18140677e-01  7.60453045e-02
 -1.43138483e-01 -5.38687594e-02  6.40494190e-03  2.03064278e-01
  1.27636895e-01 -7.86820725e-02  7.07513615e-02  6.05454147e-02
 -9.82926711e-02  1.92458510e-01 -2.17708468e-01 -1.01770610e-01
 -1.19442523e-01 -3.99380689e-03  7.74082318e-02 -1.62751209e-02
  8.22086260e-02 -1.40627399e-01 -1.10928096e-01 -1.71044782e-01
  6.57473281e-02 -3.42077133e-03  1.76275671e-01  9.77505669e-02
 -2.04762459e-01  1.21924132e-01  1.17572516e-01  2.84425378e-01
  1.52473822e-01  1.12622052e-01  3.45484354e-02 -3.91457863e-02
 -3.34534377e-01 -1.55397570e-02  7.87242204e-02 -2.60950681e-02
 -2.39687845e-01  5.39358705e-02 -1.51351422e-01 -3.92938703e-02
 -6.56709597e-02  9.18371379e-02  4.56980206e-02  2.45330989e-01
 -8.34589675e-02  8.94396827e-02  5.18693142e-02  1.95594016e-03
  1.33975148e-01 -8.49008784e-02 -1.00201510e-01  3.19776386e-02
  2.17227116e-01  5.73856719e-02 -4.99826521e-02 -1.09813727e-01
 -1.17963023e-01 -2.06876900e-02 -1.53328404e-01 -2.46743411e-02
  1.83155388e-02 -1.86912879e-01  2.17799544e-01 -1.18958890e-01
 -1.45672234e-02  3.55909429e-02 -2.82099396e-01  1.37436137e-01
 -2.97774617e-02 -7.09150359e-02  1.03763781e-01 -4.94806127e-33
 -7.61521086e-02 -1.54867351e-01  1.13162637e-01 -1.58846781e-01
  3.26623082e-01 -1.82218589e-02 -5.94492257e-02 -5.05643375e-02
  1.21815413e-01 -1.06732130e-01  1.60756633e-01 -5.06515615e-02
 -3.22741456e-02  1.80624902e-01  3.22159156e-02 -8.42873529e-02
  2.00940117e-01  1.38329148e-01  1.79764867e-01  9.47344583e-03
  7.89661240e-03 -2.37740893e-02 -1.52448947e-02 -3.21058296e-02
 -1.58597976e-02  2.80525297e-01 -2.48806346e-02 -1.43657371e-01
  7.00441375e-02  1.39223263e-01 -1.11950874e-01  7.14104855e-03
  3.86933386e-02  2.24702194e-01 -3.94172579e-01 -3.75113115e-02
 -1.33386537e-01 -1.14671074e-01 -1.04585081e-01  1.39157221e-01
 -6.27016649e-02  1.47964835e-01  4.84397821e-02  1.28649428e-01
 -7.88023099e-02 -1.48249134e-01  3.03642213e-04  1.83289245e-01
 -5.30487634e-02  1.05257472e-02 -1.65654510e-01  4.64962889e-03
  1.86620191e-01  8.56303573e-02 -6.42685071e-02 -1.08072244e-01
  4.52245064e-02  5.30419834e-02  1.36357382e-01  5.47451759e-03
  1.92207500e-01 -3.56768817e-02  1.07456170e-01 -1.98489144e-01
  3.04707855e-01 -1.13615870e-01 -2.02727035e-01 -1.21234469e-01
 -7.28933215e-02  1.40468597e-01  2.02407643e-01  5.38688265e-02
  2.43185237e-01 -4.23054285e-02  6.41800091e-02 -1.79935560e-01
 -5.04886992e-02 -1.00447088e-01  7.14388266e-02 -4.78162058e-02
 -1.23017110e-01 -2.07084835e-01 -4.57763411e-02  1.40011773e-01
 -1.77218989e-01  1.13320231e-01  1.26165166e-01  2.27867678e-01
 -4.24609780e-02  1.73271850e-01 -4.12000865e-02 -7.63791129e-02
 -2.25590672e-02  1.61877889e-02 -7.51010850e-02 -1.34978775e-33
  4.96897697e-02 -4.99839932e-02 -2.14198992e-01 -2.25190774e-01
 -1.05947308e-01 -3.52329873e-02 -3.16646159e-01  2.62554940e-02
 -3.45099300e-01  4.04232629e-02 -2.55334705e-01  1.04391038e-01
 -7.31789023e-02  9.24446657e-02 -5.54980673e-02  2.17303202e-01
  5.59643991e-02  2.75994331e-01 -8.97276625e-02  1.40290903e-02
 -1.04170494e-01  7.92792514e-02  1.25414446e-01  2.47970700e-01
 -2.36266702e-02  2.26332173e-01  1.70159921e-01  3.04417834e-02
 -2.24472091e-01 -1.50457665e-01 -3.48395467e-01 -6.45368397e-02
  9.32069048e-02 -1.39379308e-01  7.51943747e-03  2.98231930e-01
 -1.80386603e-01 -2.73425728e-01  6.32387102e-02  2.11413130e-01
  1.81780741e-01 -1.31577417e-01 -6.01216070e-02  1.36091292e-01
  2.60278672e-01  4.97702509e-02 -2.95681089e-01 -9.76518989e-02
 -4.79424037e-02 -7.13739619e-02  8.65712166e-02  2.28324667e-01
  4.63242233e-02 -4.08078469e-02 -1.08883917e-01  9.76720154e-02
 -4.08085346e-01  4.12485339e-02 -9.67460796e-02  2.49600131e-02
 -8.13053474e-02  4.65411209e-02  7.01105818e-02  3.27662498e-01
 -9.79597345e-02 -9.47105885e-02 -1.77786589e-01  3.34128924e-02
  4.92850365e-03 -1.26249611e-01 -7.55735040e-02  4.95126508e-02
  1.20090740e-02  2.03472272e-01  1.49222091e-01 -6.49541244e-02
  3.23992044e-01 -4.16530892e-02  1.51865467e-01  7.07143843e-02
 -1.57326207e-01 -1.07233354e-03  1.19959004e-01 -1.14314914e-01
  1.52276233e-01 -1.88854814e-01 -2.28055656e-01  8.26651871e-04
  3.36252414e-02  9.98502970e-02  3.48178223e-02  2.63029844e-01
 -2.02861205e-01  2.27427930e-02 -9.56355873e-03 -9.89761801e-08
 -1.97326187e-02 -1.89044297e-01 -1.39295980e-01 -1.78703759e-02
 -7.99615905e-02 -1.94285139e-01 -2.91563887e-02 -1.86412051e-01
 -8.35250318e-02 -1.29947336e-02 -8.73929914e-03 -4.02958281e-02
 -1.72397017e-01  3.64896022e-02 -1.14543252e-01  2.62673497e-01
  3.64676118e-02  1.00249089e-02  3.54531519e-02  2.15535924e-01
 -6.06247820e-02  1.47544831e-01  2.85239667e-02 -6.33217767e-02
  3.70672047e-02 -1.06387496e-01 -4.44398634e-02  1.66035116e-01
 -1.60864279e-01  2.21568152e-01  1.40905641e-02  6.42216951e-02
 -2.84174949e-01 -4.32407344e-03  1.18061326e-01 -5.37961535e-02
 -5.15108891e-02 -1.72300756e-01 -1.20919608e-01  5.03274240e-02
 -2.54096806e-01 -9.27138105e-02 -2.26867124e-01 -2.81078815e-02
  1.56753883e-01  8.31327662e-02  8.75488594e-02 -5.23299389e-02
  1.41556799e-01  1.74907409e-03 -2.04779789e-01 -1.24470688e-01
  1.97791681e-01 -1.84798837e-01 -4.21320468e-01  6.85350597e-02
  1.19384050e-01 -1.19140439e-01  2.00905725e-02  1.62954912e-01
 -1.68273941e-01  1.14229642e-01  6.03179261e-03 -1.88017488e-02]"
8519347740f6578ca0eed16d2524c9ba198f28a927eff30199ceb7ae1731e8c0,dog_096.png,Standard Poodle,Graphite pencil illustration / sketch,Beach shoreline with waves and distant cliffs,"Standing and posing, looking attentively into the distance",True,Detailed circular graphite drawing of a Standard Poodle standing on a sandy beach with surf and cliffs in the background; curly coat rendered with fine texture; artist signature in lower right.,"[-1.06833532e-01  1.20907031e-01  1.85598403e-01 -2.66409218e-01
 -5.11201732e-02 -1.47188395e-01  1.14202283e-01  4.29742336e-02
 -4.98175770e-02  1.01559877e-01  2.31765192e-02 -2.06163883e-01
  7.26855546e-02  2.93527663e-01  6.43334985e-02  3.53593886e-01
  2.99277110e-03 -4.82265018e-02  3.47255796e-01  4.25050966e-02
 -2.40934655e-01  1.11818314e-04 -3.61879878e-02 -7.06323832e-02
 -9.50589962e-03  1.01668894e-01  1.45695359e-01 -6.36378750e-02
  1.49651960e-01 -1.50942087e-01 -1.88096613e-01  9.24279839e-02
  1.05316378e-01  3.30254547e-02  8.62012431e-02 -7.75599182e-02
 -6.82630911e-02  1.23732589e-01 -6.67810906e-03  2.88346052e-01
 -1.45909429e-01  1.75648704e-01  3.05048637e-02  6.16858490e-02
  8.56209919e-02 -5.40775359e-02 -1.17133688e-02  6.32614866e-02
 -1.07609652e-01 -7.15785250e-02 -1.48599237e-01 -4.01813298e-01
 -3.02135676e-01 -3.15426886e-01 -1.28384545e-01 -7.65880868e-02
 -1.58273071e-01 -1.17286861e-01  9.04573798e-02 -5.15114702e-02
  1.62270606e-01  2.02452227e-01 -4.38400880e-02 -1.15798144e-02
  1.50458977e-01  1.47766143e-01 -9.40985456e-02 -1.38466597e-01
 -1.06074907e-01  5.71857346e-03  1.73330054e-01 -3.41169978e-03
 -1.48881435e-01 -4.05592695e-02  1.05580606e-03 -1.54201865e-01
 -1.50161296e-01  1.20211788e-01 -5.58886528e-02 -2.84136623e-01
 -3.29991430e-01 -4.42658365e-02 -2.57949829e-01  2.26293817e-01
  4.80320379e-02  9.41036716e-02 -7.11197481e-02 -5.30090146e-02
 -2.38528773e-02  1.11659229e-01 -1.26864314e-01  1.09520160e-01
 -3.87999713e-01 -6.30557314e-02 -1.32747367e-01 -5.22893406e-02
  1.36328638e-01 -6.61590770e-02 -1.99449267e-02  1.99005961e-01
  2.74598032e-01 -1.38935715e-01  2.81125695e-01 -1.72586404e-02
  2.85726845e-01 -1.89512417e-01  2.07566153e-02  7.12130815e-02
  3.03250700e-02  1.10528395e-01 -2.54360765e-01  3.84377614e-02
 -5.14280386e-02  1.91228330e-01  1.01343021e-02 -1.93877771e-01
 -1.06081396e-01 -1.13865249e-01  7.74457455e-02  2.15113517e-02
  1.90146878e-01  2.09843919e-01 -1.82399586e-01  3.08754090e-02
 -1.34616762e-01 -1.40275002e-01 -1.36944242e-02  6.28661579e-33
  2.50164598e-01  1.84134156e-01  3.72456051e-02  9.59581602e-03
  7.58452043e-02 -1.34172112e-01 -1.53848276e-01 -1.33760735e-01
  6.29588813e-02  6.24645464e-02 -1.62163556e-01 -7.00798957e-03
 -2.49417275e-02  4.60342020e-01  9.05640870e-02 -1.23078972e-01
  3.63972813e-01 -1.01679221e-01  2.45784789e-01 -6.90667480e-02
 -1.99784249e-01  6.75389543e-02  2.35468652e-02 -1.49069652e-01
 -2.19015758e-02  2.66231477e-01 -1.67728104e-02 -2.24849805e-01
 -6.14961199e-02  1.57974213e-01  4.29682247e-02 -4.34665233e-02
  1.87438294e-01 -1.07263863e-01 -3.28566521e-01  6.42071515e-02
 -5.69196753e-02 -2.82571703e-01  8.21084753e-02  1.15720034e-01
  2.79107302e-01 -1.43741980e-01  1.62261352e-01  1.62814975e-01
 -4.37574647e-02 -7.68972114e-02 -4.41172123e-02  2.04122394e-01
 -7.43062943e-02 -9.50737949e-03 -4.69900742e-02  9.29701403e-02
  9.84277949e-03  9.25248042e-02 -1.03710242e-01  6.84154108e-02
  1.34923607e-01 -1.30046397e-01 -2.49123171e-01  1.30997270e-01
  2.89114207e-01  2.81197071e-01 -4.39564995e-02  1.09422430e-01
  6.62179366e-02 -1.21202262e-03 -1.79419488e-01 -2.11889073e-01
 -7.05426186e-02  2.59391554e-02 -1.53826594e-01  1.47849005e-02
  3.97392064e-01 -1.37941226e-01 -1.27993941e-01 -5.08766361e-02
 -2.77457330e-02 -4.31067757e-02 -6.40319735e-02  1.22767212e-02
 -4.02603686e-01 -3.03066410e-02 -5.85478358e-02 -3.05954814e-01
 -2.95646757e-01  1.58918694e-01  3.08521003e-01  3.21864448e-02
 -2.86938641e-02  1.51117608e-01 -2.33959422e-01 -1.16607338e-01
  1.13848008e-01 -1.29871592e-01 -1.09026460e-02 -6.75422671e-33
 -1.74918070e-01 -1.03101842e-02  2.37936582e-02  1.63846686e-01
  8.33615065e-02 -1.26604112e-02 -1.72467604e-01 -1.06037613e-02
 -2.51468211e-01  1.23583652e-01 -3.55774164e-01 -1.13461711e-01
  9.84511897e-02 -1.23283789e-01  2.24640697e-01  3.84908132e-02
 -1.29408762e-02  6.93173707e-02  1.31352143e-02 -1.63047910e-01
 -1.27553344e-01 -7.80738965e-02  6.76760226e-02  7.46062472e-02
  5.35281096e-03  4.29217905e-01 -5.71330078e-02 -3.34648371e-01
 -1.45703137e-01 -3.07570565e-02 -2.18698382e-01 -2.66788304e-01
  2.85270423e-01 -2.69627303e-01 -8.08195323e-02  2.71621309e-02
  1.58587500e-01 -3.32858652e-01  7.59936944e-02  8.84287283e-02
  1.45896360e-01 -1.80476442e-01  1.81069840e-02  5.08395135e-02
  1.95998270e-02  2.18280867e-01  9.53489635e-03  1.46884531e-01
 -8.18005875e-02  9.28813741e-02  1.28001019e-01  2.37943843e-01
  2.52400249e-01 -2.24676713e-01 -2.73866719e-03 -9.50724110e-02
 -2.50657499e-01 -4.67457771e-02  1.70275390e-01  4.34781089e-02
 -1.95416376e-01  9.26712975e-02 -3.49768251e-01  2.25852743e-01
  8.85294378e-02 -9.49294046e-02 -4.82745804e-02 -7.18261907e-03
 -1.36327788e-01 -1.40513619e-02 -2.25599278e-02  3.83255661e-01
 -5.02645262e-02 -6.60240427e-02  3.39827865e-01  8.82460475e-02
  1.68706745e-01  1.29113376e-01  1.79575562e-01  7.70330653e-02
 -1.86542511e-01  4.07370292e-02 -3.24703753e-02  2.64744878e-01
  2.39380561e-02 -1.57194957e-02 -3.35914791e-01  4.86278944e-02
  1.82534739e-01  1.24203883e-01  1.67430475e-01  1.84070989e-01
 -2.78159589e-01  2.08641917e-01  1.43484101e-01 -9.86834792e-08
  1.89340953e-02  6.73953816e-02 -6.69786409e-02 -5.42870201e-02
  8.97286162e-02  1.53883219e-01  1.85955107e-01 -7.55479336e-02
 -6.79260641e-02 -1.70575574e-01  6.89861998e-02 -2.07398176e-01
 -2.18266606e-01  5.21350838e-02 -1.42749414e-01  1.55966774e-01
  1.30984619e-01  1.99333746e-02  3.74355949e-02 -4.15395722e-02
 -1.91046819e-02  9.89474654e-02 -1.28651455e-01 -7.03142509e-02
 -3.19530576e-01  3.80317681e-02 -1.87813252e-01  1.62466481e-01
 -4.33140606e-01  3.79705697e-01 -1.30361319e-01  1.34372413e-01
 -3.90109941e-02 -5.50104082e-02  2.20666036e-01 -2.18523979e-01
  3.44816148e-02 -1.36399925e-01 -1.35846615e-01  3.20352852e-01
  9.48601635e-04  2.57373571e-01 -9.21033397e-02 -4.96320426e-02
  1.66117266e-01  2.31648326e-01  1.27808303e-01 -1.59337640e-01
 -8.11350942e-02 -4.89463247e-02 -2.96194285e-01 -1.45001477e-02
  2.03300849e-01  1.11906501e-02  5.70277534e-02  1.68013394e-01
  5.07686734e-02 -3.19001138e-01 -1.85627695e-02  2.10419849e-01
  8.09710287e-03  1.40297160e-01 -8.59425962e-02  8.56620669e-02]"
69330effcdd644d2515ff152f92ea8b6fdda9bc145155a31791ba03c6f3ba2b0,dog_097.png,Poodle,Watercolor painting,Floral garden with roses and wisteria,Leaping/jumping playfully mid-air,False,"Joyful white poodle in a loose watercolor style, mid-leap through a pastel floral garden with purple roses and hanging wisteria; a small bee hovers near its ear.","[ 5.18624038e-02 -7.08780065e-02  2.19716102e-01 -7.03268722e-02
 -1.47766873e-01  1.57488644e-01  2.82151908e-01 -1.86198652e-01
  4.49031740e-02  2.99957730e-02  1.88077554e-01 -7.44896159e-02
  7.33661428e-02  1.06601901e-01 -1.07234456e-02  3.92431736e-01
 -1.37514314e-02  8.24059322e-02 -5.71555272e-02 -6.90591186e-02
 -1.85150698e-01  8.48188624e-02  7.83877596e-02 -1.70086361e-02
 -2.14490309e-01 -9.10747331e-04 -3.29622701e-02  1.22490555e-01
 -1.78203955e-02 -1.49015665e-01 -2.27271691e-02  2.88373947e-01
  7.69993290e-02  3.83015685e-02  3.30335572e-02 -1.33094370e-01
  6.23744577e-02 -1.38557464e-01  2.45440513e-01  1.03509493e-01
  1.45539949e-02  6.81202114e-02 -8.07487592e-02 -4.27094027e-02
 -4.12670709e-02  5.13130873e-02  1.84184864e-01  2.91443560e-02
 -4.69116382e-02 -2.93283254e-01 -7.67216971e-03 -1.93649322e-01
 -1.14923440e-01 -2.54701879e-02 -3.00540656e-01 -3.08853276e-02
  2.29337439e-02  2.17180494e-02 -3.39027941e-02  2.49325652e-02
 -6.35798499e-02  2.71967232e-01  1.36809856e-01 -1.58332102e-02
 -1.46737978e-01 -1.08490467e-01 -1.57005712e-01  2.14502923e-02
  1.32315487e-01 -1.48049489e-01  2.37568691e-01 -3.07713803e-02
  5.85558489e-02 -1.10722266e-01 -2.06453249e-01 -1.02441192e-01
 -3.22907977e-02  2.41510496e-02  9.89633501e-02  1.00892615e-02
 -9.84723195e-02 -8.59976262e-02 -1.71096101e-01  1.31921738e-01
  9.78288502e-02  6.39741942e-02 -9.69697312e-02  1.69332623e-02
 -1.52544573e-01 -7.52603155e-05 -1.15575515e-01 -2.97097266e-01
 -1.39770687e-01 -8.26545581e-02 -5.80015108e-02 -1.63523734e-01
  7.56165385e-02 -3.46278727e-01 -1.20984659e-01  6.74952269e-02
 -1.22581283e-02  7.07728937e-02  3.16645026e-01  1.34548590e-01
  1.78623021e-01 -1.56094655e-01  5.02896383e-02  1.72545105e-01
  1.03100263e-01 -2.00194225e-01 -5.20908125e-02 -5.16973287e-02
  2.41892189e-01  1.12107448e-01 -1.11442775e-01 -2.15757743e-01
 -2.56408274e-01 -8.46685097e-02  1.41664252e-01  7.59560987e-02
  2.44289950e-01  1.30572692e-01 -2.15174049e-01  4.39343490e-02
 -2.14520600e-02 -1.62558898e-01 -1.36147095e-02  4.13127196e-33
  8.88930187e-02  4.82132100e-03  6.72218129e-02 -4.00387123e-02
  1.96826145e-01 -1.56281248e-01 -1.64623708e-01 -1.71284050e-01
 -2.01830864e-01 -1.63946018e-01 -2.17321679e-01 -9.33803916e-02
 -5.83991706e-02  1.71899036e-01  3.69690955e-02 -1.62810728e-01
 -3.68390717e-02  1.23494163e-01  2.34642565e-01  1.33885890e-01
 -9.36471745e-02  5.37031703e-02 -8.87372345e-03 -6.64608330e-02
  9.34086218e-02  7.72110149e-02  1.10656679e-01 -1.37982190e-01
 -1.74342226e-02  1.17259979e-01  1.40628949e-01 -1.30743355e-01
  2.23047093e-01  5.35171852e-02 -2.87915230e-01  8.55401531e-02
 -1.17234379e-01 -2.86037058e-01  1.82995759e-02  2.82130927e-01
  7.91865438e-02 -3.20047438e-02 -2.32427642e-02  3.25380504e-01
  4.15931866e-02 -1.52309090e-01  5.25054298e-02  2.47367740e-01
  5.49129993e-02  7.53394514e-02  4.85240854e-02 -1.06071368e-01
  2.29153454e-01  3.10928877e-02 -4.96064872e-02  7.52735510e-02
  1.31392315e-01  1.00712525e-02 -6.27887528e-03  1.09401874e-01
  5.45270368e-02  6.48244098e-02 -1.61483467e-01 -2.72205710e-01
  4.41753566e-01 -1.19202368e-01 -1.71052963e-01 -5.89112788e-02
 -1.56421751e-01  2.28130341e-01  2.65150368e-02 -1.36297181e-01
  9.47806314e-02 -9.30105299e-02  1.50013268e-01 -4.73206639e-02
  1.91670462e-01 -3.16233307e-01  1.62978500e-01 -1.59118995e-01
  1.04046538e-02 -1.97340712e-01 -1.17636740e-01  8.91792849e-02
 -1.12166151e-01  1.42693818e-01  1.35423645e-01  2.08526887e-02
 -2.87448406e-01  1.86733782e-01 -3.33088748e-02 -8.68506059e-02
  1.08716346e-01 -1.57710791e-01  1.51603729e-01 -7.48594843e-33
 -7.62393326e-02 -9.12472233e-02 -6.18319400e-02  1.21722348e-01
 -1.89911313e-02  2.01266423e-01 -2.44625255e-01  1.21759877e-01
 -1.04481280e-01  1.32354692e-01 -2.57642955e-01  1.07159078e-01
  2.98325550e-02 -3.40072587e-02 -8.81249011e-02  8.50086883e-02
  1.31828308e-01  1.78321809e-01  2.09963173e-01  1.30959690e-01
 -2.63532043e-01  1.92453265e-01  2.69595206e-01 -6.54043816e-03
 -1.98874131e-01  1.57749534e-01  1.76191568e-01 -1.67086974e-01
 -8.01193044e-02 -1.58002749e-01 -1.17236651e-01 -2.38258272e-01
  1.97110757e-01 -8.54914635e-02  7.81598091e-02 -1.20957112e-02
 -2.87250318e-02 -2.64517009e-01  7.31226653e-02  1.30945966e-01
  7.32323620e-03 -6.53971434e-02  1.54201752e-02 -4.91388589e-02
  1.37113512e-01  9.70269889e-02 -3.93998355e-01  1.44010916e-01
  1.16523720e-01  8.72976035e-02  3.06028090e-02  1.69756368e-01
  4.37654629e-02 -5.83080528e-03 -2.02799272e-02 -1.54120892e-01
 -2.62047231e-01 -2.38740928e-02  8.94816890e-02 -8.04328695e-02
 -2.04708442e-01 -2.20151022e-02 -5.46836257e-02  3.07954252e-01
 -4.27295715e-02 -1.04512095e-01 -8.51904005e-02  1.07521452e-01
 -1.11426018e-01 -2.33815864e-01 -1.60071775e-01  1.24987774e-01
  6.75057247e-02 -2.07744092e-01  2.05853865e-01  1.06227830e-01
 -3.48749966e-03 -1.14767097e-01  1.91386998e-01 -6.63176924e-02
 -8.81973132e-02  1.92375556e-01 -8.02476257e-02 -1.91307180e-02
 -1.17224492e-01 -4.20027412e-03 -2.94303477e-01  2.89894760e-01
  1.41772971e-01  1.80623475e-02  2.82504261e-02  3.15124601e-01
  1.73460573e-01 -1.11739837e-01  1.33635372e-01 -9.87439037e-08
  4.23825011e-02  2.33552624e-02  3.29954154e-03 -1.07675858e-01
  1.34075537e-01  8.77254084e-02 -5.37936613e-02 -7.96782970e-02
 -4.02948745e-02  1.01559805e-02  1.40305445e-01  6.83039054e-02
 -1.35843486e-01 -2.12278888e-02 -9.65771228e-02  8.71867239e-02
  6.89387545e-02  1.82364602e-02  9.40355733e-02  3.78766321e-02
  1.07611110e-02  3.01719934e-01  4.56916653e-02 -9.62746739e-02
 -1.84940681e-01 -2.93416400e-02 -9.38966349e-02 -9.67539176e-02
 -3.11897576e-01  9.24341753e-02  1.23563953e-01  2.38722682e-01
 -2.29419380e-01  6.08552955e-02 -1.82391211e-01 -8.46318752e-02
  1.53861428e-02  2.00856719e-02 -1.53309107e-01  5.12374677e-02
 -1.35298586e-02  2.63598263e-02  1.46032516e-02 -8.89885053e-02
  2.52814330e-02  3.98735180e-02  2.98319489e-01 -2.29950503e-01
  8.38484019e-02  8.84520262e-02 -1.18230797e-01  5.07065095e-02
  3.43517922e-02 -9.70301628e-02 -2.04638064e-01  7.15288892e-02
 -9.64113772e-02 -2.97553360e-01 -8.69344696e-02  9.56487209e-02
  2.07608100e-02  4.42736708e-02 -4.10129316e-02  1.03373386e-01]"
3ea77ec2068daceba32fcafcd75985dd0ae1c2a7c21da3d5f6482613b82653a0,dog_098.png,Poodle (Standard),"Oil painting, classical portrait","Indoor, classical interior with column and sculpted bust","Sitting, posed",False,"Regal white standard poodle in a classical oil portrait wearing a jeweled collar and blue-and-gold robe, seated before a column and a sculpted bust, set in an ornate gilded frame.","[-1.50034636e-01 -2.18969136e-02  2.72842534e-02  4.47467379e-02
 -2.17634663e-01  1.42067730e-01  1.98553830e-01 -1.74016133e-02
  9.34802294e-02 -1.93197086e-01  3.88857499e-02  1.08955711e-01
  1.40906991e-02  1.26078576e-01 -1.74671456e-01  4.29608636e-02
  1.97366923e-01  9.53972414e-02  2.60609120e-01  2.15140596e-01
 -1.35241538e-01 -1.27221569e-01  2.15867739e-02  3.31784263e-02
 -1.94934160e-01 -4.95166890e-02 -2.61761621e-02 -4.43485528e-02
  4.06631902e-02 -7.35317171e-02  2.73542926e-02 -1.24593318e-01
  1.47128284e-01  1.31874159e-01 -1.91617832e-02 -2.95624346e-01
  4.79769967e-02  1.33289754e-01  1.16256587e-01  1.94401667e-01
  1.43301621e-01  7.64745772e-02 -2.17295676e-01 -8.29121172e-02
  7.10546300e-02  1.85742956e-02  1.06209897e-01 -3.34604643e-02
 -7.36651197e-02 -3.16458195e-01 -1.82027519e-01 -2.25317582e-01
  2.09801341e-03 -1.52223825e-03 -1.38815597e-01  2.16610413e-02
 -1.16516843e-01 -2.37548783e-01  4.35008928e-02  1.24116980e-01
 -2.54100174e-01  2.94201881e-01  8.66369456e-02  1.20118327e-01
 -2.08233595e-01  9.48833749e-02 -9.83329043e-02  1.56969965e-01
 -1.16362527e-01  4.60504042e-03  1.40066817e-01 -4.79041785e-02
  2.99028214e-02 -5.69961704e-02 -2.42759913e-01 -1.20970249e-01
 -7.88278319e-03 -1.39066502e-01  1.92101955e-01 -1.38950378e-01
 -9.62233767e-02  9.49436128e-02 -1.54745251e-01  1.97376996e-01
  1.77093342e-01 -6.23095445e-02 -4.18556072e-02 -5.65674938e-02
 -1.85024336e-01 -1.72158889e-02 -1.21402621e-01 -2.20594227e-01
 -2.36604854e-01 -1.92757621e-02  4.02031690e-02  7.01099187e-02
  4.72523868e-02  1.58406869e-01  7.82125667e-02  2.24458188e-01
  3.28351632e-02  1.40961586e-02  2.48942092e-01  6.17209747e-02
  6.58861771e-02 -9.66142938e-02 -6.38876632e-02  2.52038628e-01
  1.15476362e-02 -2.25527644e-01 -1.66137908e-02 -1.35511026e-01
 -1.27626047e-01 -9.95170996e-02 -1.07247448e-02 -2.37014160e-01
 -1.11938432e-01 -1.13939703e-01  1.33852568e-02  9.54502355e-03
  1.78189203e-01  6.90388083e-02 -2.11857840e-01 -4.28304309e-03
 -1.12044334e-01 -1.90858662e-01  2.30418548e-01 -9.23058849e-33
 -8.07836428e-02 -2.76500620e-02 -2.68451236e-02  4.02357355e-02
 -8.86982679e-02  6.05629534e-02 -1.51013419e-01 -1.30720422e-01
 -7.41420919e-03  9.92348865e-02  2.31745318e-01  6.35362864e-02
 -8.89472291e-02  2.79844403e-01 -2.24374443e-01 -5.03802896e-02
  2.01264933e-01  2.37299800e-01  2.93688893e-01 -1.11340754e-01
 -1.37127429e-01  2.44105086e-01 -3.88714746e-02 -1.14601821e-01
  3.02021094e-02  1.72818393e-01  1.39363244e-01 -1.82253286e-01
 -1.66396022e-01  1.78212509e-01 -6.20492036e-03 -1.16474062e-01
  2.14920416e-01  1.19201392e-01 -2.22445995e-01  5.36270030e-02
 -1.50796935e-01 -4.11373705e-01  7.59548172e-02  1.96294814e-01
  2.02800721e-01 -1.36964088e-02 -1.09139420e-01  4.82004106e-01
 -2.33484685e-01  1.06605716e-01  2.76587009e-02  2.94882715e-01
 -3.71161662e-02  1.09991908e-01 -3.98526788e-02 -3.55375931e-02
  8.87517706e-02  6.83485791e-02 -1.32140934e-01 -9.60778724e-03
 -6.21132143e-02  3.28807756e-02  7.90917948e-02 -3.75755765e-02
  1.23623937e-01  1.73504233e-01 -3.29851747e-01 -1.85179353e-01
  2.63911724e-01 -8.20799097e-02 -2.74904221e-01  1.85855739e-02
 -9.97161642e-02  3.14238667e-01 -4.05249447e-02  3.69315147e-02
  4.44930010e-02  3.70576456e-02  1.57180652e-01  6.73983023e-02
  2.90874004e-01 -1.28566287e-02 -6.46746159e-02 -2.08526216e-02
 -3.68812710e-01  8.67576748e-02 -1.25307560e-01  3.17878306e-01
 -1.41562015e-01  8.86057466e-02  1.85466811e-01  4.30989653e-01
 -1.04251720e-01  9.39865634e-02  1.12868272e-01 -2.46195793e-01
  1.52099267e-01  1.09091744e-01  1.42697513e-03  3.05038231e-33
 -2.24318006e-03 -1.76664609e-02 -3.36243697e-02  8.70170072e-03
  1.35958672e-01 -4.06622104e-02 -2.60209441e-01  1.57033980e-01
 -2.26878330e-01  1.05680898e-01 -2.20831726e-02 -1.85291860e-02
 -1.15441822e-01 -1.72904536e-01  1.60882100e-01  4.42683995e-02
 -1.09724499e-01  2.54001677e-01 -1.12343661e-01  1.81312710e-02
 -8.27436745e-02  1.16752215e-01  2.44548395e-01  2.26691544e-01
 -1.68976828e-01  3.11047405e-01 -6.65751621e-02 -4.90685552e-02
 -2.47150257e-01  6.17510527e-02 -1.20360710e-01 -2.61147201e-01
  5.46945482e-02  6.08665198e-02 -1.58432990e-01  1.96982875e-01
 -4.39868681e-02 -2.60224402e-01  5.86171560e-02  2.36847624e-01
  4.17142222e-03 -3.95925231e-02  2.74366550e-02  1.98376119e-01
  2.78093725e-01  3.60843167e-02 -1.32766023e-01 -1.10450327e-01
  3.18828970e-01 -1.03989802e-01 -1.51110053e-01  1.62114397e-01
  1.69882432e-01 -1.26624614e-01 -1.83406666e-01 -2.07175285e-01
 -2.77861655e-01 -5.24891950e-02  2.66957786e-02  4.12172861e-02
 -9.09050927e-02  8.83726850e-02  7.52495527e-02  2.37130463e-01
 -1.63849905e-01 -3.39598745e-01 -1.09629281e-01 -4.02867794e-02
 -1.87927261e-01 -1.29952326e-01 -1.86665714e-01  1.74182609e-01
 -1.63483754e-01 -5.03305942e-02  2.72166312e-01  1.19247963e-03
  1.46508202e-01 -4.59786914e-02  2.54638106e-01  1.82173491e-01
 -1.83910042e-01 -5.54438978e-02 -3.07798740e-02 -1.70330077e-01
  1.88106164e-01  2.17722803e-01 -3.48307461e-01  1.67605907e-01
  1.97190315e-01 -5.67437224e-02  2.83661932e-02  1.48967966e-01
 -5.95598519e-02 -1.30115166e-01 -6.44903928e-02 -9.73695364e-08
 -1.46943673e-01  1.52123198e-01  2.00550169e-01 -3.65191251e-02
 -1.08282557e-02  6.37283269e-03 -2.69647539e-01 -2.27996945e-01
 -6.60957173e-02 -7.95485359e-03  1.99893743e-01  2.20897552e-02
 -9.50427353e-03 -2.00304613e-01 -2.07720131e-01  1.67027995e-01
 -1.18441246e-01 -2.82370932e-02  6.50385171e-02 -1.24725938e-01
  1.15222916e-01  5.26868291e-02  3.22093144e-02 -1.01795278e-01
 -1.38018951e-01 -6.14087470e-02  1.35344556e-02  2.28162240e-02
 -3.76211137e-01  3.00009131e-01  5.18969670e-02  2.15753645e-01
 -2.20752627e-01 -3.08074169e-02  2.70681977e-01 -9.36178342e-02
 -5.42919338e-02 -5.17931990e-02 -1.03205189e-01  8.27880576e-02
  4.22513783e-02 -2.18711980e-02 -8.78999382e-02  7.63798319e-03
  1.24595366e-01  3.08130264e-01  2.54283845e-01  8.49790350e-02
 -4.51898165e-02 -4.07828949e-02  1.01470143e-01 -2.37445876e-01
 -7.12531209e-02 -2.43848246e-02 -3.64588052e-01 -8.50450248e-02
  1.92423850e-01 -2.19934970e-01 -1.80854201e-02 -3.92668694e-02
 -2.55600475e-02  1.11598097e-01  4.36858460e-02  1.29960030e-01]"
4d59c266a145b2a39b7f42086159e0b8ba5e980821deb5fcd2aa66e071b66e6b,dog_099.png,poodle,colorful cartoon illustration,park/outdoor path with trees,running/prancing joyfully,False,"Bright whimsical illustration of a rainbow-colored poodle prancing along a park path with three cheering children, confetti, and stylized autumn trees.","[-1.40752047e-02 -2.12028533e-01  3.25495303e-02  2.86763906e-03
  7.87818432e-03 -8.32400918e-02  1.75177708e-01 -1.51587486e-01
  3.60312879e-01  3.71081308e-02  5.60937934e-02 -5.76008409e-02
  7.12566376e-02  1.50526598e-01  3.15913744e-02  5.09211242e-01
 -9.64328181e-03  2.44861498e-01  3.03516760e-02 -1.88813865e-01
 -8.65475908e-02 -2.30382949e-01 -7.35063851e-02  1.21394791e-01
 -1.85810566e-01 -2.51202025e-02 -5.70070222e-02  8.65874588e-02
  6.85292035e-02 -5.52905127e-02  1.67025290e-02 -1.15401015e-01
  9.75188538e-02  8.07790309e-02  9.24841017e-02  6.06330112e-02
  7.87178427e-02 -1.49736419e-01  5.88955125e-04  3.47216457e-01
  4.04763706e-02  2.86031872e-01 -1.38371140e-01 -1.76211894e-01
  1.41312510e-01 -1.50891125e-01 -6.45440668e-02 -1.20662361e-01
 -1.47152111e-01 -2.93975532e-01  3.73946093e-02 -2.96101034e-01
 -1.10129170e-01 -2.85647482e-01 -1.73494965e-01 -1.70364771e-02
 -2.20534563e-01 -1.53313741e-01  1.49186105e-01  1.88025169e-03
  4.94907051e-02  3.42074573e-01 -1.51597500e-01 -1.09068707e-01
 -2.29013845e-01 -1.34138353e-02 -2.37154648e-01  8.98016393e-02
  1.86672181e-01 -7.89842010e-02  4.85934541e-02  6.43283129e-02
  2.07644761e-01 -1.90747231e-01 -1.82732474e-02 -6.70198500e-02
 -5.63254207e-02  1.48221388e-01  4.07351460e-03 -4.88871783e-01
 -2.26095133e-02 -2.84991935e-02  1.16956215e-02  1.12210236e-01
  2.03576729e-01 -8.33121166e-02 -2.07108647e-01 -3.51657569e-02
 -2.50653684e-01  1.88962042e-01 -2.65935212e-01 -4.22343500e-02
 -1.18744373e-01  9.61361602e-02 -1.70023412e-01  4.99095172e-02
 -8.59839842e-02 -3.86899590e-01  9.82969999e-04  1.32906139e-01
  1.12069219e-01  3.36586162e-02  3.43780667e-01 -1.16204135e-02
  2.37893879e-01 -1.68431401e-01 -2.52011687e-01  1.37369066e-01
  1.24014569e-02  1.61870822e-01 -1.80412561e-01 -1.73299849e-01
  5.13909012e-02  1.70479134e-01 -2.75912166e-01 -1.45954505e-01
 -3.31811875e-01 -7.22236931e-02  1.40677735e-01  1.54806465e-01
  1.75631046e-01  1.89257175e-01 -1.29598796e-01  1.96404830e-02
  1.76191777e-01 -1.54404342e-01  3.08894310e-02  4.17074542e-33
  8.33476335e-02 -1.96754169e-02  1.43690512e-01 -4.78630997e-02
  3.67463648e-01 -1.40729904e-01 -2.58257855e-02 -3.66396427e-01
 -7.99726471e-02 -4.13383655e-02 -3.24500501e-02 -2.67300438e-02
  4.87911515e-02  6.57154247e-02  7.61311278e-02 -3.09921145e-01
 -2.77306698e-02  1.30881816e-01  1.96367338e-01  2.83500075e-01
 -3.64458740e-01  5.19249476e-02 -4.71539348e-02 -3.17050517e-01
  8.95180702e-02  1.03929259e-01  4.44284156e-02 -6.95682541e-02
  1.06177658e-01  1.35738641e-01  9.44857001e-02 -3.42456885e-02
  7.72550628e-02 -1.04741089e-01 -2.49622241e-01 -7.16156214e-02
  8.99889991e-02 -4.16684777e-01  1.11434303e-01  4.40675408e-01
 -3.33860070e-02 -2.34123871e-01  9.83440131e-03  2.38625631e-01
  9.26817656e-02  3.00798416e-01  1.68642700e-01  2.31303513e-01
 -1.78148806e-01  2.18813971e-01  1.39449118e-03 -3.35220285e-02
  1.16695851e-01 -1.02603383e-01 -1.90143764e-01  1.18364677e-01
  8.16111360e-03  1.07496940e-01  1.01528212e-01 -6.71152025e-02
  4.27733846e-02  1.43347561e-01 -3.08937468e-02 -2.34953806e-01
  2.38886535e-01 -1.67867377e-01 -1.46352351e-01  4.16605808e-02
 -7.05018565e-02  2.93794870e-01 -3.15942317e-02  6.65812641e-02
 -3.98551300e-02 -4.89540219e-01  7.86350444e-02 -1.63639709e-01
  1.14840403e-01 -1.50325485e-02  1.30694240e-01 -1.01667851e-01
 -3.44783127e-01 -2.25935668e-01 -8.68225843e-02 -7.79716820e-02
 -6.53725713e-02  1.87262576e-02  1.39814079e-01  1.54482752e-01
 -2.41321191e-01  8.97013489e-03  1.29419446e-01  5.75618260e-03
  1.82617292e-01 -1.46343559e-02  1.60205379e-01 -7.07276584e-33
 -4.83346730e-02  4.30332422e-02 -5.01777381e-02 -2.26639695e-02
 -5.12178913e-02  1.84870884e-01 -3.84689003e-01 -6.87395185e-02
 -6.07825071e-02  9.78435203e-02 -2.27504730e-01  8.94490480e-02
  2.31715254e-02  2.33299769e-02 -1.41196549e-01 -1.72951624e-01
  1.55951187e-01  2.40919426e-01  2.84270360e-03 -6.84153140e-02
 -1.46390259e-01  1.15505487e-01  9.11097676e-02  1.33522153e-02
 -1.38440385e-01  2.79454023e-01  2.35954896e-01 -3.39939475e-01
 -1.98702645e-02  8.39010254e-02 -4.32931185e-02 -3.64467949e-01
  2.15602919e-01 -1.00158855e-01  6.78062886e-02 -9.95996371e-02
  9.67239365e-02 -2.25156173e-01 -1.24753816e-02  1.65455062e-02
  1.41115457e-01 -2.01603428e-01  2.25256205e-01  1.78164840e-01
 -5.24489321e-02  3.11387062e-01 -9.31973159e-02  1.11902714e-01
 -2.88952887e-02  7.50558004e-02 -4.53838557e-02  1.35133386e-01
 -2.06238013e-02  4.28971322e-03 -1.00239955e-01 -1.11286610e-01
 -3.18772614e-01 -1.12797037e-01  3.03691030e-02  1.79049128e-03
 -2.89528072e-01  5.78959584e-02 -6.59481138e-02  2.46583998e-01
  3.10212374e-02 -3.17267150e-01 -2.74485648e-01 -1.10790834e-01
 -3.65224741e-02 -1.54160053e-01 -1.53022543e-01  3.74739587e-01
 -1.50263488e-01  1.63711682e-02  2.16348112e-01  3.60160023e-02
  2.04946652e-01  7.41415098e-02  2.67406821e-01  2.01876849e-01
 -1.08531460e-01  1.01141825e-01 -4.27571088e-02  4.24464531e-02
 -1.92995638e-01 -1.31017178e-01 -1.74524054e-01  3.11461478e-01
  2.35904396e-01  6.78599551e-02  2.50856519e-01  5.27207732e-01
  1.73751071e-01  8.12148750e-02  1.42557785e-01 -9.83675505e-08
  6.06356189e-02  7.78924227e-02 -1.14988104e-01 -7.81101286e-02
  5.09247780e-02 -3.39578502e-02  2.07493026e-02 -4.71517965e-02
 -3.27574730e-01  5.80547005e-02  1.99868813e-01  1.02100521e-01
 -2.69120991e-01  1.46528423e-01  6.17875531e-02  1.42986804e-01
  1.64661139e-01 -1.50792956e-01  1.61923349e-01  2.27343768e-01
 -2.00807750e-01  2.37323865e-01  1.30356420e-02 -2.78828517e-02
 -1.35239899e-01 -4.65755910e-02 -1.18100613e-01 -1.36204893e-02
 -3.29019934e-01  1.38276041e-01  1.33484989e-01  1.29079953e-01
 -1.85484111e-01  9.22879502e-02  3.90872546e-02 -1.96970105e-01
 -2.13955328e-01  7.39310086e-02 -3.33687961e-02  7.25060105e-02
 -7.87923392e-03  1.35704741e-01  1.12349428e-01  3.95180173e-02
 -1.65254790e-02  1.91721305e-01  1.40132725e-01 -8.00041109e-02
 -1.41376387e-02  1.06351554e-01 -4.19186592e-01 -2.85699338e-01
  2.45995019e-02  3.16796228e-02 -4.32630666e-02  4.81370790e-03
 -2.08287299e-01 -2.04042330e-01 -3.81626636e-02  3.49031061e-01
  6.37287199e-02  1.42661646e-01 -6.41417801e-02  2.65561134e-01]"
7a9e36099d219c8a88b4fea056fde56446e41169f8eaac0a4aad549013565bd1,dog_100.png,Goldendoodle,photograph,cozy living room with decorated fireplace and mantel,lying curled up on a chunky knit blanket in front of the fireplace,True,"Light-tan Goldendoodle curled up on a soft gray blanket on a rug in front of a lit stone fireplace; mantel is decorated with garland, stockings and a 'Happy New Year 2026' banner, with an armchair and side table nearby.","[-3.72658446e-02  1.82144061e-01  1.03485905e-01 -1.00517673e-02
 -6.71354905e-02  1.76558033e-01 -4.40838635e-02 -1.90817624e-01
 -1.41266838e-01  6.39832690e-02  6.92583323e-02 -3.36599573e-02
 -1.46510154e-01  2.40606040e-01  1.06228366e-01  1.27068236e-01
 -2.41009519e-01 -8.94515589e-02  1.70084581e-01  1.07810080e-01
  3.70388888e-02 -5.15190279e-03 -2.38209993e-01 -1.22994207e-01
 -1.27290487e-01 -9.68045369e-02 -1.87214911e-01  2.51160823e-02
  7.59608969e-02  1.33799061e-01  1.43350050e-01  4.49788868e-02
 -1.39293417e-01  6.22970462e-02 -1.84524059e-02 -1.51792333e-01
  2.06547938e-02 -6.28876761e-02  1.24673883e-03  3.30101997e-01
  2.42087916e-02 -1.33681625e-01 -2.39197180e-01 -2.57480871e-02
  7.05181807e-02 -8.39783531e-03 -5.03747771e-03 -4.13961038e-02
  4.65835407e-02 -6.57205880e-02 -4.35947962e-02 -2.04921747e-03
 -9.81306657e-02  9.90158916e-02  9.32201929e-03  9.71393436e-02
  6.86694263e-03 -1.53661892e-01  1.99204013e-02 -5.80560565e-02
  9.60700363e-02  2.05545709e-01  2.86390577e-02 -5.65960109e-02
 -1.12762608e-01  8.78659338e-02 -1.58261657e-01  2.03399107e-01
  1.75690636e-01 -1.68362865e-03  2.86199570e-01 -2.62289885e-02
  1.30661681e-01 -1.97290853e-01 -7.92997479e-02 -1.84401497e-01
 -1.60169583e-02  3.37511003e-02  8.86945799e-02 -2.28491277e-01
 -1.86958201e-02 -1.63736343e-01 -1.64129227e-01  2.13723302e-01
  3.13467458e-02  4.79462110e-02 -1.45617098e-01  8.82790312e-02
 -1.51383713e-01  1.04478806e-01  6.66136891e-02 -5.76747060e-02
 -1.26274794e-01  1.41557857e-01 -2.51791567e-01 -1.33748185e-02
  1.20229818e-01 -8.08655918e-02 -1.54072344e-01  1.22675359e-01
  5.09349369e-02  8.80185142e-02  3.84158157e-02  3.71156633e-02
  5.11394441e-02  1.89044178e-02 -8.89720544e-02  1.78648546e-01
  6.32708594e-02 -1.94175363e-01 -1.73432559e-01 -9.17031989e-02
 -4.10749614e-02 -6.60695285e-02 -2.21966296e-01 -9.07055140e-02
 -1.58264071e-01  1.29022934e-02 -2.75032334e-02  1.58375144e-01
  3.69302511e-01  1.68466926e-01 -5.00443242e-02  2.18010321e-01
 -3.29083484e-03 -1.23316407e-01 -1.10402271e-01  1.12117696e-33
  1.15990959e-01  3.87567133e-01  2.77184113e-03  1.09956771e-01
  1.23049833e-01 -1.00555040e-01 -5.83886616e-02 -1.79769658e-02
 -5.79464585e-02  9.18928087e-02  1.26696959e-01  2.39933372e-01
 -1.39725730e-01 -2.27135438e-02  1.80447437e-02 -1.57593101e-01
 -1.08556323e-01  8.94666929e-03  1.13677166e-01  1.72077879e-01
 -3.43376696e-01  1.76875904e-01  4.57642563e-02 -2.92981207e-01
 -1.34151101e-01  1.82766274e-01  1.60437599e-01  2.90558469e-02
 -1.87571496e-01  8.98096636e-02  6.79515749e-02 -1.65722407e-02
  2.54325062e-01 -1.68748461e-02 -1.39866546e-01  5.29124439e-02
 -3.66444774e-02 -2.94769704e-01 -7.41548613e-02  2.15186298e-01
  1.86985523e-01  1.22879587e-01  2.00823769e-02  3.97612959e-01
 -1.99140385e-02  2.35002451e-02  1.53704107e-01  2.02761009e-01
  1.16238937e-01 -1.41578332e-01  6.31608814e-02  5.40059432e-02
 -9.31867119e-03 -3.25288847e-02 -8.40096325e-02 -1.03183329e-01
  9.44737941e-02  3.57448794e-02  1.58964589e-01 -1.35873243e-01
  2.21993566e-01 -1.69664696e-01  7.27635473e-02 -8.49268287e-02
  7.01286793e-02 -2.32584596e-01  2.82610878e-02  1.77800823e-02
 -2.01582834e-01  2.97940057e-03 -1.14213079e-01  5.28629608e-02
  1.10513717e-01 -2.15044364e-01  7.04462230e-02  3.90187316e-02
  1.32451236e-01  6.01262636e-02 -4.47790436e-02 -6.38369992e-02
  6.10511750e-02 -7.19728600e-03 -8.90174881e-02 -9.78346393e-02
 -1.39267482e-02  1.29459739e-01  1.63179904e-01  1.81499302e-01
 -1.77500308e-01  8.13340247e-02  2.17177406e-01 -7.36787692e-02
  3.08271915e-01 -6.68089390e-02  4.57450263e-02 -4.82128347e-33
 -6.93896646e-03 -1.13117054e-01 -2.05081224e-01 -2.36514471e-02
  3.40987183e-02  1.37185082e-01 -2.15600803e-01  1.62936062e-01
 -1.09654367e-01  2.45530218e-01  1.54267073e-01 -1.36280507e-02
  9.45635885e-02 -3.01403049e-02 -2.59905495e-02  8.10801387e-02
  2.16939121e-01  1.40503451e-01 -1.35374889e-01 -1.29226044e-01
 -8.43067914e-02  2.47881442e-01 -1.27336755e-01  1.01026058e-01
 -2.80151874e-01  2.59015322e-01  1.62159160e-01 -1.08089544e-01
 -4.92428243e-02 -8.28272328e-02 -1.44387722e-01 -3.86104584e-01
 -2.20973656e-01 -6.37443587e-02  1.34488985e-01  1.16084933e-01
  1.40115008e-01 -8.21278319e-02 -4.79512177e-02  9.58694220e-02
  1.29778907e-01 -4.53550145e-02  9.65880305e-02  1.62821889e-01
  1.18386127e-01  3.93299349e-02 -2.54718691e-01  1.11791901e-01
  8.44704956e-02  1.79283321e-01  4.01140563e-02 -7.19769746e-02
 -2.44968340e-01 -1.30570218e-01 -1.25017017e-01  5.12339547e-02
 -3.52738678e-01 -5.09629026e-02  8.93523265e-03  5.64005338e-02
 -1.23765245e-01  1.89550832e-01 -1.55793810e-02 -1.36514038e-01
 -1.68896928e-01  2.57524401e-02 -6.36338294e-02 -1.64445773e-01
  1.49793411e-02  9.75513756e-02  3.22851688e-02  2.03740358e-01
 -1.57475308e-01 -4.01593186e-02  8.77029374e-02  2.04252705e-01
  2.81245261e-01 -1.45357385e-01  1.02762222e-01 -1.24475837e-01
 -9.53371823e-02  4.72682416e-02 -9.14745405e-02 -1.79692909e-01
 -1.14727639e-01 -1.60814598e-01 -3.58172357e-02  2.12440088e-01
 -2.09338337e-01 -1.06899291e-01  4.75927908e-03  2.26047695e-01
 -1.46086752e-01 -6.99306726e-02  1.10776149e-01 -9.89080817e-08
  9.04083550e-02  3.03476620e-02 -1.85622752e-01 -3.23961973e-01
  3.26727293e-02 -1.91702411e-01  5.63859791e-02 -1.95305049e-01
  2.31803339e-02 -1.75018996e-01  2.51080692e-01  5.56111075e-02
  7.25877210e-02  8.40721559e-03 -1.12899788e-01  2.32367724e-01
 -1.41124845e-01 -1.81710683e-02 -7.22289011e-02 -1.85688123e-01
  5.74633777e-02  2.30174828e-02  1.38954371e-01  8.28697067e-03
 -1.25445858e-01 -8.03400874e-02 -5.48596978e-02  8.43726173e-02
 -1.80569276e-01  2.96625365e-02  4.61362042e-02 -4.30641137e-02
 -1.86259344e-01 -1.04370102e-01  1.26654029e-01 -7.52668269e-03
 -5.65687753e-02 -9.53618810e-02  1.34861484e-01 -3.51816379e-02
  2.03200772e-01 -1.03405513e-01 -2.51100302e-01  1.99432477e-01
  8.38257298e-02 -1.75106242e-01  7.45707825e-02 -1.24900766e-01
 -6.16088063e-02  4.62819599e-02 -6.51403815e-02 -2.09913433e-01
  1.42375724e-02 -9.44795609e-02 -2.77126104e-01 -6.36536479e-02
  5.25033735e-02  9.86348838e-02  8.53936374e-02  1.10634208e-01
  1.20825328e-01 -1.45683110e-01 -6.03735149e-02  2.18067408e-01]"
